study,target,cell_type,stimulus,inducibility_lfc,inducibility_se,ci_low,ci_high,p_value,n_pairs,total_pairs,positive_fraction_resting,positive_fraction_activated,fraction_donors_positive,i2,tau2,n_studies,q_value
GSE134809,CD19,B_cell,tissue_inflammation_crohns,0.17333241549136277,0.22367038193968872,-0.2650615331104271,0.6117263640931526,0.460661052522346,9,9,0.13423204488144264,0.1461261134461949,0.5555555555555556,,,1,0.7170772046492423
GSE134809,CD19,Endothelial,tissue_inflammation_crohns,0.20161164893074077,0.20161164893074077,-0.19354718297351112,0.5967704808349926,0.34659350708733416,9,9,0.0,0.0015220700152207,0.1111111111111111,,,1,0.6241344295344653
GSE134809,CD19,Mast_cell,tissue_inflammation_crohns,0.7524715648441804,0.7524715648441805,-0.7223727022504134,2.2273158319387742,0.34659350708733416,9,9,0.0,0.015873015873015872,0.1111111111111111,,,1,0.6241344295344653
GSE134809,CD19,Myeloid,tissue_inflammation_crohns,0.6872589269759678,0.4213970057333267,-0.1386792042613526,1.5131970582132883,0.14155622493428247,9,9,0.004941621158102737,0.007600454766523306,0.7777777777777778,,,1,0.42329902356585386
GSE134809,CD19,NK_cell,tissue_inflammation_crohns,-0.01626165138196889,0.8113587495767379,-1.6065248005523751,1.5740014977884373,0.984500343214108,9,9,0.002202418219682337,0.0026498739320946854,0.2222222222222222,,,1,1.0
GSE134809,CD19,Plasma_cell,tissue_inflammation_crohns,0.16366065018493517,0.27996734622108765,-0.38507534840839663,0.7123966487782669,0.5749474664112152,9,9,0.03761776893535981,0.04978256828399632,0.5555555555555556,,,1,0.8309084190193401
GSE134809,CD19,Stromal,tissue_inflammation_crohns,0.6315673107687079,0.34947135522527356,-0.05339654547282835,1.3165311670102442,0.10835240705284814,9,9,0.0,0.004801294123328022,0.3333333333333333,,,1,0.38459151074802145
GSE134809,CD19,T_cell,tissue_inflammation_crohns,0.2947732442367935,0.34942754687958294,-0.39010474764718905,0.9796512361207761,0.4234039825374033,9,9,0.0016732245813688021,0.0028190183860030246,0.5555555555555556,,,1,0.6770271601959469
GSE134809,CD274,B_cell,tissue_inflammation_crohns,0.6715413290565063,0.32175491501494263,0.04090169562721879,1.3021809624857938,0.07033226178863865,9,9,0.00034906139015728057,0.0019768810870196985,0.5555555555555556,,,1,0.3205125116789399
GSE134809,CD274,Endothelial,tissue_inflammation_crohns,-0.002177561657616018,0.681067564928077,-1.3370699889166469,1.3327148656014147,0.9975272369719476,9,9,0.008643407115411375,0.009279698897579215,0.3333333333333333,,,1,1.0
GSE134809,CD274,Mast_cell,tissue_inflammation_crohns,0.4299642354153431,1.1411112729097632,-1.8066138594877925,2.666542330318479,0.7161243662193009,9,9,0.03799825466492133,0.07996319300667126,0.4444444444444444,,,1,0.950212310703208
GSE134809,CD274,Myeloid,tissue_inflammation_crohns,2.301505457806792,0.5028960391295323,1.3158292211129088,3.2871816945006755,0.001810285251917233,9,9,0.00693454906794717,0.06930872899219648,0.8888888888888888,,,1,0.05315655785175148
GSE134809,CD274,NK_cell,tissue_inflammation_crohns,0.7436099493193685,0.955519887038284,-1.129209029275668,2.6164289279144053,0.4588320951457027,9,9,0.005861324350963456,0.011263317408260781,0.5555555555555556,,,1,0.7159553948408791
GSE134809,CD274,Plasma_cell,tissue_inflammation_crohns,0.5142751510409771,0.2965822719504259,-0.06702610198185766,1.0955764040638118,0.12114282692419844,9,9,0.004213226442953215,0.008999485738348408,0.7777777777777778,,,1,0.40759513642204265
GSE134809,CD274,Stromal,tissue_inflammation_crohns,1.4404755269926923,0.5440812463695048,0.37407628410846283,2.506874769876922,0.029367793529611486,9,9,0.00024857071836937607,0.021926391248425145,0.5555555555555556,,,1,0.22331350425294155
GSE134809,CD274,T_cell,tissue_inflammation_crohns,1.4325233185176767,0.3543302304134324,0.7380360669073491,2.127010570128004,0.0037206977748910175,9,9,0.003606357038668784,0.013561946890572591,1.0,,,1,0.08326240659179363
GSE134809,CD38,B_cell,tissue_inflammation_crohns,-0.6462241711007947,0.5727118216933309,-1.7687393416197232,0.4762909994181338,0.2918679565855371,9,9,0.040663698685921866,0.025741566443164887,0.3333333333333333,,,1,0.5954443048647009
GSE134809,CD38,Endothelial,tissue_inflammation_crohns,0.308175880750403,1.0143829869941978,-1.6800147737582247,2.296366535259031,0.7690270542798195,9,9,0.02044031857385637,0.029158452198075446,0.4444444444444444,,,1,0.986498631541309
GSE134809,CD38,Mast_cell,tissue_inflammation_crohns,0.8447082758123318,1.6905212342992384,-2.4687133434141755,4.158129895038839,0.6307561100919148,9,9,0.1112271396585122,0.2148824337230134,0.6666666666666666,,,1,0.8720570498515083
GSE134809,CD38,Myeloid,tissue_inflammation_crohns,0.17856425160919479,0.19183704183597583,-0.1974363503893178,0.5545648536077074,0.3791831415352101,9,9,0.12157660457607247,0.13014831383202277,0.7777777777777778,,,1,0.6296974535520455
GSE134809,CD38,NK_cell,tissue_inflammation_crohns,0.15416389243415018,0.28866770234391476,-0.41162480415992275,0.7199525890282231,0.6078212239528319,9,9,0.0925710055692005,0.10034225555984803,0.6666666666666666,,,1,0.8554520929706523
GSE134809,CD38,Plasma_cell,tissue_inflammation_crohns,0.10937749792206633,0.12674387245388907,-0.13904049208755626,0.3577954879316889,0.41326995727951504,9,9,0.22333400938971634,0.2486708383946793,0.5555555555555556,,,1,0.6674309810064167
GSE134809,CD38,Stromal,tissue_inflammation_crohns,0.15991078168209386,0.8806465796341398,-1.56615651440082,1.885978077765008,0.8604261288581586,9,9,0.0064072234126025945,0.016634006295023245,0.5555555555555556,,,1,1.0
GSE134809,CD38,T_cell,tissue_inflammation_crohns,0.5880300357861662,0.22649550021687045,0.14409885536110012,1.0319612162112324,0.03180457257558788,9,9,0.03340792154853639,0.050128670282354224,0.7777777777777778,,,1,0.22928245679217882
GSE134809,CD3E,B_cell,tissue_inflammation_crohns,-1.6473619415231144,0.7012011865818516,-3.0217162672235434,-0.2730076158226853,0.04672917418591106,9,9,0.076521866931989,0.037074482536872656,0.1111111111111111,,,1,0.2671420046380403
GSE134809,CD3E,Endothelial,tissue_inflammation_crohns,-1.419926106200932,0.9849351110881396,-3.3503989239336853,0.5105467115318214,0.1873779179992782,9,9,0.041018157781140346,0.024613136770249164,0.1111111111111111,,,1,0.4670265325095587
GSE134809,CD3E,Mast_cell,tissue_inflammation_crohns,-2.416764674324523,1.4595010404727757,-5.277386713651163,0.44385736500211737,0.13633802004232196,9,9,0.07169765919765919,0.011180124223602483,0.1111111111111111,,,1,0.4134946523349295
GSE134809,CD3E,Myeloid,tissue_inflammation_crohns,-0.5732620782559485,0.501198881946312,-1.55561188687072,0.40908773035882295,0.2857827064598756,9,9,0.0839423013401558,0.06481862268137331,0.2222222222222222,,,1,0.5916891459995484
GSE134809,CD3E,NK_cell,tissue_inflammation_crohns,-0.2659066833128836,0.11982508591907774,-0.500763851714276,-0.031049514911491216,0.057260327218458196,9,9,0.41468400267768113,0.3605513291704978,0.3333333333333333,,,1,0.29592137106499194
GSE134809,CD3E,Plasma_cell,tissue_inflammation_crohns,-0.2404242247420589,0.3938320407818882,-1.0123350246745597,0.531486575190442,0.5584876393516517,9,9,0.15105906418039122,0.145518974554883,0.4444444444444444,,,1,0.8199613977753796
GSE134809,CD3E,Stromal,tissue_inflammation_crohns,0.5996293337135513,0.9608386420488725,-1.2836144047022389,2.4828730721293413,0.5499597986761564,9,9,0.02463119427463494,0.03837157654206508,0.6666666666666666,,,1,0.8111279222483951
GSE134809,CD3E,T_cell,tissue_inflammation_crohns,-0.25195272961988224,0.09715117189992346,-0.4423690265437322,-0.06153643269603226,0.03194337633327569,9,9,0.5709857259410149,0.5219383488955295,0.2222222222222222,,,1,0.22928245679217882
GSE134809,CD4,B_cell,tissue_inflammation_crohns,-0.546282742092911,0.4072446870370305,-1.3444823286854906,0.2519168444996688,0.21661841609710386,9,9,0.00762320677710937,0.00417345359528151,0.3333333333333333,,,1,0.4962251659529401
GSE134809,CD4,Endothelial,tissue_inflammation_crohns,-0.24110467625573234,0.7173042840317253,-1.6470210729579138,1.1648117204464492,0.745422120386521,9,9,0.01720307789730438,0.014141676536712508,0.4444444444444444,,,1,0.9708521971163157
GSE134809,CD4,Mast_cell,tissue_inflammation_crohns,0.037281357609828786,0.786966692112188,-1.5051733589300595,1.579736074149717,0.963376846927102,9,9,0.0032679738562091504,0.004830917874396135,0.1111111111111111,,,1,1.0
GSE134809,CD4,Myeloid,tissue_inflammation_crohns,-0.0514360407990631,0.15656216203187778,-0.35829787838154353,0.2554257967834173,0.7509422555204658,9,9,0.2450389520433077,0.2378397337893817,0.5555555555555556,,,1,0.9717134843906431
GSE134809,CD4,NK_cell,tissue_inflammation_crohns,1.108839980000727,0.741554774203466,-0.34460737743806646,2.5622873374395203,0.1732009998453993,9,9,0.0029535905940535584,0.008492925665902432,0.7777777777777778,,,1,0.4577171539350061
GSE134809,CD4,Plasma_cell,tissue_inflammation_crohns,0.32826417110127554,0.291729809511098,-0.24352625554047652,0.9000545977430277,0.29311345038231407,9,9,0.01915438208216029,0.026125923844614502,0.5555555555555556,,,1,0.5954443048647009
GSE134809,CD4,Stromal,tissue_inflammation_crohns,-2.1655592078835983,0.8030070181656348,-3.7394529634882425,-0.5916654522789542,0.02720801862710121,9,9,0.06894297355970411,0.042526522257329835,0.2222222222222222,,,1,0.2184616557566559
GSE134809,CD4,T_cell,tissue_inflammation_crohns,0.3413406942919041,0.15850662406681212,0.030667711120952346,0.6520136774628559,0.06343057258226485,9,9,0.07920525914811477,0.10304968604755738,0.8888888888888888,,,1,0.3139431284783716
GSE134809,CD69,B_cell,tissue_inflammation_crohns,-0.5720579960768367,0.22870846377331086,-1.020326585072526,-0.12378940708114744,0.03686991640943732,9,9,0.7128551100299838,0.5943187759463134,0.2222222222222222,,,1,0.24058551515653037
GSE134809,CD69,Endothelial,tissue_inflammation_crohns,-1.9037966840586336,0.3166812384938509,-2.524491911506581,-1.283101456610686,0.0003192022123141515,9,9,0.16538953768317802,0.12259421898916292,0.0,,,1,0.041803994091261516
GSE134809,CD69,Mast_cell,tissue_inflammation_crohns,-1.13531734959759,0.4413959889510277,-2.0004534879416043,-0.27018121125357564,0.03301921275170005,9,9,0.6723268517386164,0.5220469010324083,0.1111111111111111,,,1,0.23149836433969484
GSE134809,CD69,Myeloid,tissue_inflammation_crohns,-1.734476484775508,0.5937765731971075,-2.898278568241839,-0.5706744013091773,0.019259015031671826,9,9,0.4184368606334686,0.25159797249186455,0.1111111111111111,,,1,0.19704433854847894
GSE134809,CD69,NK_cell,tissue_inflammation_crohns,-1.1191269929462722,0.2873302537999202,-1.6822942903941158,-0.5559596954984285,0.004577365337170238,9,9,0.8741133471159064,0.69007499434762,0.0,,,1,0.08594173371082454
GSE134809,CD69,Plasma_cell,tissue_inflammation_crohns,-1.4249699367088102,0.5462534600768829,-2.4956267184595005,-0.35431315495811977,0.031196923103602416,9,9,0.5027170096805927,0.3722959090273842,0.1111111111111111,,,1,0.22901377641962684
GSE134809,CD69,Stromal,tissue_inflammation_crohns,-1.7227154671819649,0.8642361860886522,-3.416618391915723,-0.028812542448206635,0.08135130189741675,9,9,0.1573219360922542,0.10592891728484949,0.2222222222222222,,,1,0.3347321084441479
GSE134809,CD69,T_cell,tissue_inflammation_crohns,-1.6515219574297233,0.3339827288587553,-2.3061281059928835,-0.996915808866563,0.0011280456339778904,9,9,0.8658309121439669,0.6153754440372374,0.0,,,1,0.04805925561663423
GSE134809,CD70,B_cell,tissue_inflammation_crohns,-0.04284467567412076,0.7885661590105397,-1.5884343473347786,1.502744995986537,0.958002688500552,9,9,0.034889924513055635,0.0485036141601888,0.6666666666666666,,,1,1.0
GSE134809,CD70,Endothelial,tissue_inflammation_crohns,0.0015918885235459207,0.317405025775294,-0.6205219619960303,0.6237057390431222,0.9961211777992831,9,9,0.000949667616334283,0.0015015015015015015,0.1111111111111111,,,1,1.0
GSE134809,CD70,Mast_cell,tissue_inflammation_crohns,0.0,1e-08,-1.96e-08,1.96e-08,1.0,9,9,0.0,0.0,0.0,,,1,1.0
GSE134809,CD70,Myeloid,tissue_inflammation_crohns,2.149907485583057,0.5513538566760805,1.0692539264979393,3.2305610446681747,0.004548985841108259,9,9,0.0037963415739495857,0.033959542703439476,0.8888888888888888,,,1,0.08594173371082454
GSE134809,CD70,NK_cell,tissue_inflammation_crohns,1.4963872873022839,0.6211579867744935,0.27891763322427665,2.713856941380291,0.042572687864766486,9,9,0.008891981950509867,0.02811909424959411,0.6666666666666666,,,1,0.25702762953868363
GSE134809,CD70,Plasma_cell,tissue_inflammation_crohns,0.41360312575684904,0.3688645242054864,-0.30937134168590424,1.1365775931996023,0.29469243002524326,9,9,0.014654710031845104,0.028123382076926884,0.5555555555555556,,,1,0.5967752658191446
GSE134809,CD70,Stromal,tissue_inflammation_crohns,0.7556593600320609,0.706263733174087,-0.6286175569891495,2.1399362770532715,0.31586279449355387,9,9,0.0033670033670033673,0.014032216998318695,0.3333333333333333,,,1,0.614600497719385
GSE134809,CD70,T_cell,tissue_inflammation_crohns,1.2152203527367291,0.3145888200500075,0.5986262654387144,1.8318144400347438,0.004789322621655857,9,9,0.009697774243091687,0.02822441020876661,0.8888888888888888,,,1,0.08594173371082454
GSE134809,CD79A,B_cell,tissue_inflammation_crohns,-0.012880375054061192,0.20337848199894262,-0.4115021997719887,0.3857414496638663,0.9510559266161408,9,9,0.683291733388722,0.6904563388753514,0.6666666666666666,,,1,1.0
GSE134809,CD79A,Endothelial,tissue_inflammation_crohns,1.698674794424047,1.0156090866261531,-0.2919190153632132,3.689268604211307,0.1329519750114327,9,9,0.016395356633397376,0.03796467483408531,0.7777777777777778,,,1,0.4082486428598176
GSE134809,CD79A,Mast_cell,tissue_inflammation_crohns,2.2579489366683045,1.656550419998931,-0.9888898865295999,5.504787759866209,0.20999322333695158,9,9,0.009009009009009009,0.06948853615520283,0.4444444444444444,,,1,0.49160441623393814
GSE134809,CD79A,Myeloid,tissue_inflammation_crohns,0.8773242391755312,0.4547548627320989,-0.013995291779382746,1.7686437701304452,0.08982809425073116,9,9,0.027406392642131808,0.05184923807361092,0.6666666666666666,,,1,0.35383505418275807
GSE134809,CD79A,NK_cell,tissue_inflammation_crohns,1.728173301038591,0.6464670180615775,0.4610979456378992,2.9952486564392826,0.028219346956664806,9,9,0.010359623204698283,0.03015344404323814,0.7777777777777778,,,1,0.2223133918781154
GSE134809,CD79A,Plasma_cell,tissue_inflammation_crohns,0.04082938994948905,0.1128310421320886,-0.18031945262940458,0.2619782325283827,0.7268260812982438,9,9,0.465727492543893,0.5112699141231004,0.5555555555555556,,,1,0.9523927961839056
GSE134809,CD79A,Stromal,tissue_inflammation_crohns,0.6486653576503846,1.1731203510444057,-1.6506505303966503,2.9479812456974197,0.5954132186363659,9,9,0.009621702304506518,0.023912967133306116,0.5555555555555556,,,1,0.8503699041624205
GSE134809,CD79A,T_cell,tissue_inflammation_crohns,0.7906656073435832,0.39444840999982583,0.01754672374392452,1.5637844909432417,0.07995877287229007,9,9,0.012003523252123234,0.028773844390080003,0.8888888888888888,,,1,0.3347321084441479
GSE134809,CD8A,B_cell,tissue_inflammation_crohns,0.057287931027212004,0.6345275204248381,-1.1863860090054705,1.3009618710598947,0.9302807684699541,9,9,0.02092467346067508,0.013108195436107932,0.3333333333333333,,,1,1.0
GSE134809,CD8A,Endothelial,tissue_inflammation_crohns,-0.0808895555645284,0.40840932525064205,-0.8813718330557868,0.7195927219267301,0.8479383930742794,9,9,0.014610496653325608,0.012299012371110425,0.3333333333333333,,,1,1.0
GSE134809,CD8A,Mast_cell,tissue_inflammation_crohns,-1.967503675537969,0.9015718580746075,-3.7345845173641994,-0.2004228337117382,0.0606442767069177,9,9,0.030320988409223704,0.00800552104899931,0.0,,,1,0.3060640840052253
GSE134809,CD8A,Myeloid,tissue_inflammation_crohns,0.02681197302385267,0.5229478433341002,-0.9981657999109838,1.0517897459586891,0.9603667694631504,9,9,0.021327812695274003,0.016821471609032815,0.3333333333333333,,,1,1.0
GSE134809,CD8A,NK_cell,tissue_inflammation_crohns,-0.4300363589904126,0.2561433339365918,-0.9320772935061324,0.07200457552530726,0.1316892868833001,9,9,0.31679731408261347,0.25063154932118903,0.2222222222222222,,,1,0.4082486428598176
GSE134809,CD8A,Plasma_cell,tissue_inflammation_crohns,-0.5657662894202637,0.35775062954871273,-1.2669575233357406,0.13542494449521314,0.1524305238760224,9,9,0.05436434499814466,0.04068390583071437,0.2222222222222222,,,1,0.4337509866726756
GSE134809,CD8A,Stromal,tissue_inflammation_crohns,-1.8922956830332822,0.8560681978124708,-3.570189350745725,-0.21440201532083947,0.058040292918650184,9,9,0.014294007532953817,0.007928436911487759,0.2222222222222222,,,1,0.2975716605194287
GSE134809,CD8A,T_cell,tissue_inflammation_crohns,-0.7834777523781978,0.22786317864438707,-1.2300895825211966,-0.3368659222351992,0.008845036357601605,9,9,0.1646243361532857,0.09887116127486564,0.2222222222222222,,,1,0.12421507580457906
GSE134809,CLDN18,B_cell,tissue_inflammation_crohns,0.33631798067318575,0.19971784735597223,-0.055129000144519824,0.7277649614908913,0.13068348367900304,9,9,0.0,0.0009369660525729889,0.3333333333333333,,,1,0.4082486428598176
GSE134809,CLDN18,Endothelial,tissue_inflammation_crohns,-0.07820104361808504,0.07820104361808504,-0.23147508910953174,0.07507300187336165,0.34659350708733416,9,9,0.00043233895373973193,0.0,0.0,,,1,0.6241344295344653
GSE134809,CLDN18,Mast_cell,tissue_inflammation_crohns,0.0,1e-08,-1.96e-08,1.96e-08,1.0,9,9,0.0,0.0,0.0,,,1,1.0
GSE134809,CLDN18,Myeloid,tissue_inflammation_crohns,0.13385189764488423,0.21348800503477872,-0.28458459222328203,0.5522883875130505,0.5481459587725855,9,9,0.0007003047351148616,0.0015492820764252545,0.3333333333333333,,,1,0.810302721663822
GSE134809,CLDN18,NK_cell,tissue_inflammation_crohns,0.4005504578817618,0.39123138860166423,-0.36626306377750006,1.1673639795410238,0.3358792562983852,9,9,0.00028272547356516825,0.0013448037286320645,0.3333333333333333,,,1,0.6241344295344653
GSE134809,CLDN18,Plasma_cell,tissue_inflammation_crohns,0.19945929181840708,0.06686790745089372,0.0683981932146554,0.33052039042215875,0.01752309640778719,9,9,0.0004591368227731864,0.0015216784300120312,0.6666666666666666,,,1,0.18557246359722174
GSE134809,CLDN18,Stromal,tissue_inflammation_crohns,0.0,1e-08,-1.96e-08,1.96e-08,1.0,9,9,0.0,0.0,0.0,,,1,1.0
GSE134809,CLDN18,T_cell,tissue_inflammation_crohns,-0.2736328986946011,0.2077697423688,-0.6808615937374491,0.13359579634824686,0.22431004054646425,9,9,0.0011297080968819125,0.0008939779332102094,0.3333333333333333,,,1,0.5002181316340828
GSE134809,CLDN6,B_cell,tissue_inflammation_crohns,0.058198924888923816,0.058198924888923816,-0.05587096789336687,0.1722688176712145,0.34659350708733416,9,9,0.0,8.098477486232588e-05,0.1111111111111111,,,1,0.6241344295344653
GSE134809,CLDN6,Endothelial,tissue_inflammation_crohns,0.39738542287419315,0.39738542287419315,-0.3814900059592254,1.1762608517076116,0.34659350708733416,9,9,0.0,0.0044444444444444444,0.1111111111111111,,,1,0.6241344295344653
GSE134809,CLDN6,Mast_cell,tissue_inflammation_crohns,0.0,1e-08,-1.96e-08,1.96e-08,1.0,9,9,0.0,0.0,0.0,,,1,1.0
GSE134809,CLDN6,Myeloid,tissue_inflammation_crohns,0.0,1e-08,-1.96e-08,1.96e-08,1.0,9,9,0.0,0.0,0.0,,,1,1.0
GSE134809,CLDN6,NK_cell,tissue_inflammation_crohns,0.0,1e-08,-1.96e-08,1.96e-08,1.0,9,9,0.0,0.0,0.0,,,1,1.0
GSE134809,CLDN6,Plasma_cell,tissue_inflammation_crohns,0.029630863619284607,0.020009250955883757,-0.009587268254247553,0.06884899549281677,0.1769180925536786,9,9,0.0,7.762386710539272e-05,0.2222222222222222,,,1,0.4608430959261144
GSE134809,CLDN6,Stromal,tissue_inflammation_crohns,0.09538150266795098,0.09538150266795098,-0.09156624256123294,0.28232924789713487,0.34659350708733416,9,9,0.0,0.00047080979284369113,0.1111111111111111,,,1,0.6241344295344653
GSE134809,CLDN6,T_cell,tissue_inflammation_crohns,0.005218770595119783,0.03986662228086653,-0.07291980907537861,0.08335735026561818,0.8990818909799309,9,9,3.716090672612412e-05,3.599323327214484e-05,0.1111111111111111,,,1,1.0
GSE134809,CTLA4,B_cell,tissue_inflammation_crohns,-0.5049929205065635,0.6686837926083795,-1.8156131540189873,0.8056273130058602,0.4717726211051772,9,9,0.01549894514099896,0.009309703378222935,0.4444444444444444,,,1,0.732608445273905
GSE134809,CTLA4,Endothelial,tissue_inflammation_crohns,1.043625398035763,0.6390875656028968,-0.2089862305459147,2.296237026617441,0.1411133563317623,9,9,0.005178864259478683,0.019360456346757718,0.5555555555555556,,,1,0.42329902356585386
GSE134809,CTLA4,Mast_cell,tissue_inflammation_crohns,-1.9977563811877606,1.021121229424407,-3.9991539908595986,0.003641228484077219,0.08613151602324182,9,9,0.030333500921736218,0.0,0.0,,,1,0.34559602081375285
GSE134809,CTLA4,Myeloid,tissue_inflammation_crohns,0.5992789525645601,0.22638252875294815,0.15556919620878173,1.0429887089203385,0.02938335582275547,9,9,0.03044542147250607,0.041147891591301514,0.7777777777777778,,,1,0.22331350425294155
GSE134809,CTLA4,NK_cell,tissue_inflammation_crohns,2.9430495884924053,0.7429779266290893,1.4868128522993902,4.39928632468542,0.004170287776070309,9,9,0.006343555206023605,0.04903537834510515,1.0,,,1,0.08594173371082454
GSE134809,CTLA4,Plasma_cell,tissue_inflammation_crohns,1.2742609732961785,0.3199392123526609,0.6471801170849631,1.9013418295073938,0.004045698900571228,9,9,0.013662529335681177,0.034071427424238125,1.0,,,1,0.08594173371082454
GSE134809,CTLA4,Stromal,tissue_inflammation_crohns,0.813259820017048,0.42414288086216095,-0.01806022647278749,1.6445798665068834,0.0914788534853551,9,9,0.00024857071836937607,0.007742395708497403,0.3333333333333333,,,1,0.35467400324585074
GSE134809,CTLA4,T_cell,tissue_inflammation_crohns,1.1252806677735827,0.20251146909856801,0.7283581883403893,1.522203147206776,0.000536786794870977,9,9,0.072056258984407,0.1587566510204482,1.0,,,1,0.0433455336858314
GSE134809,DLL3,B_cell,tissue_inflammation_crohns,-0.09687996105550709,0.45865119287547435,-0.9958362990914368,0.8020763769804226,0.8379908859645295,9,9,0.0029932037756756685,0.0017838972957855523,0.2222222222222222,,,1,1.0
GSE134809,DLL3,Endothelial,tissue_inflammation_crohns,0.21239813046629138,0.21239813046629138,-0.20390220524763972,0.6286984661802225,0.34659350708733416,9,9,0.0,0.0015015015015015015,0.1111111111111111,,,1,0.6241344295344653
GSE134809,DLL3,Mast_cell,tissue_inflammation_crohns,0.0,1e-08,-1.96e-08,1.96e-08,1.0,9,9,0.0,0.0,0.0,,,1,1.0
GSE134809,DLL3,Myeloid,tissue_inflammation_crohns,-0.2754933327996741,0.20925031678786168,-0.685623953703883,0.1346372881045348,0.22444684118580321,9,9,0.0011840792431509733,0.0,0.0,,,1,0.5002181316340828
GSE134809,DLL3,NK_cell,tissue_inflammation_crohns,0.19220503718701612,0.19220503718701612,-0.18451683569953545,0.5689269100735677,0.34659350708733416,9,9,0.0,0.00044802867383512545,0.1111111111111111,,,1,0.6241344295344653
GSE134809,DLL3,Plasma_cell,tissue_inflammation_crohns,-0.09657640563379204,0.07379225395155581,-0.24120922337884143,0.04805641211125734,0.22695854805648724,9,9,0.0009390064607114348,0.000643001523148344,0.2222222222222222,,,1,0.5003932492986033
GSE134809,DLL3,Stromal,tissue_inflammation_crohns,0.23081042841466262,0.1777733839270348,-0.11762540408232555,0.5792462609116508,0.23034587313190646,9,9,0.0,0.0019189065799235293,0.2222222222222222,,,1,0.504418420485463
GSE134809,DLL3,T_cell,tissue_inflammation_crohns,-0.10157340847569335,0.3106748233155205,-0.7104960621741134,0.5073492452227268,0.7521002201165968,9,9,0.0006749249335238558,0.0006717112211085902,0.4444444444444444,,,1,0.9717134843906431
GSE134809,ENTPD1,B_cell,tissue_inflammation_crohns,-0.8682585661703008,0.568161916464083,-1.9818559224399035,0.24533879009930182,0.16498777988010385,9,9,0.09194360009258495,0.06905900502073344,0.2222222222222222,,,1,0.4483120728144521
GSE134809,ENTPD1,Endothelial,tissue_inflammation_crohns,1.4768764597986506,0.8765386773385916,-0.24113934778498902,3.19489226738229,0.13049990872626407,9,9,0.2324283252055951,0.4714883462297903,0.7777777777777778,,,1,0.4082486428598176
GSE134809,ENTPD1,Mast_cell,tissue_inflammation_crohns,0.7463614463880061,1.252189871562905,-1.7079307018752878,3.2006535946512997,0.5676224403248995,9,9,0.01756756756756757,0.03715415019762846,0.2222222222222222,,,1,0.8240092055053597
GSE134809,ENTPD1,Myeloid,tissue_inflammation_crohns,-0.5701554527479206,0.07926951580728195,-0.7255237037301931,-0.414787201765648,9.311996695384096e-05,9,9,0.2716335438669814,0.22017273153558892,0.0,,,1,0.041803994091261516
GSE134809,ENTPD1,NK_cell,tissue_inflammation_crohns,0.9571843780943874,0.4247875884507862,0.1246007047308465,1.7897680514579282,0.05428493018374907,9,9,0.042830439459388164,0.085183767275727,0.7777777777777778,,,1,0.29223387415584917
GSE134809,ENTPD1,Plasma_cell,tissue_inflammation_crohns,0.10094383172273765,0.16804790379534093,-0.22843005971613056,0.4303177231616058,0.5646756616224655,9,9,0.08221115154779185,0.10299138669624969,0.5555555555555556,,,1,0.8215776518200737
GSE134809,ENTPD1,Stromal,tissue_inflammation_crohns,1.2104013906716975,0.7811680699441895,-0.32068802641891403,2.7414908077623092,0.15986130939731666,9,9,0.04619680997405151,0.11534259673342426,0.6666666666666666,,,1,0.4413265208148144
GSE134809,ENTPD1,T_cell,tissue_inflammation_crohns,1.0566750942828311,0.3636607191282071,0.3439000847915453,1.7694501037741168,0.019719783319383156,9,9,0.03848554148901588,0.08202359586793884,0.7777777777777778,,,1,0.19704433854847894
GSE134809,ERBB2,B_cell,tissue_inflammation_crohns,-0.9941136226353137,0.4832353818588269,-1.9412549710786144,-0.046972274192012886,0.07367931267561846,9,9,0.0054979888921861024,0.0012257050308805914,0.1111111111111111,,,1,0.3305335832531217
GSE134809,ERBB2,Endothelial,tissue_inflammation_crohns,-0.5528939069180643,1.0794365917017477,-2.66858962665349,1.5628018128173613,0.6223442079371369,9,9,0.028497984012789832,0.02189651273852596,0.3333333333333333,,,1,0.8683247480073227
GSE134809,ERBB2,Mast_cell,tissue_inflammation_crohns,0.0,1e-08,-1.96e-08,1.96e-08,1.0,9,9,0.0,0.0,0.0,,,1,1.0
GSE134809,ERBB2,Myeloid,tissue_inflammation_crohns,0.01868513274266164,0.18226408408680694,-0.33855247206747996,0.37592273755280325,0.9208695998364291,9,9,0.007724024289827931,0.006624087872963208,0.2222222222222222,,,1,1.0
GSE134809,ERBB2,NK_cell,tissue_inflammation_crohns,0.08144595651433922,0.6478517300717223,-1.1883434344262362,1.3512353474549148,0.903057933599566,9,9,0.004830844733718353,0.004458962091844066,0.4444444444444444,,,1,1.0
GSE134809,ERBB2,Plasma_cell,tissue_inflammation_crohns,-0.09873761580520793,0.2696072042465935,-0.6271677361285312,0.42969250451811536,0.7236911096996569,9,9,0.006876343966006531,0.006328939362432264,0.4444444444444444,,,1,0.950212310703208
GSE134809,ERBB2,Stromal,tissue_inflammation_crohns,-0.012872252626982415,1.273717641083561,-2.5093588291507616,2.483614323896797,0.9921841513249092,9,9,0.046910347824054684,0.06090776879410978,0.5555555555555556,,,1,1.0
GSE134809,ERBB2,T_cell,tissue_inflammation_crohns,-0.3971977724318865,0.3031219050227842,-0.9913167062765434,0.1969211614127705,0.22644355186198212,9,9,0.0077968330033469785,0.005838668707523769,0.3333333333333333,,,1,0.5003932492986033
GSE134809,FAP,B_cell,tissue_inflammation_crohns,0.2010018982671875,0.1943704329784833,-0.17996415037063979,0.5819679469050147,0.33132684974306365,9,9,0.00012683916793505834,0.0004984590796947777,0.2222222222222222,,,1,0.6241344295344653
GSE134809,FAP,Endothelial,tissue_inflammation_crohns,0.6312311910082813,0.8730722830409577,-1.0799904837519958,2.3424528657685584,0.4902747965144317,9,9,0.09941681394536707,0.11672681372584731,0.2222222222222222,,,1,0.7490933657931669
GSE134809,FAP,Mast_cell,tissue_inflammation_crohns,0.0,1e-08,-1.96e-08,1.96e-08,1.0,9,9,0.0,0.0,0.0,,,1,1.0
GSE134809,FAP,Myeloid,tissue_inflammation_crohns,-0.10641024051099866,0.2565176397541307,-0.6091848144290949,0.39636433340709754,0.6891701779505506,9,9,0.0008386460230722526,0.0005096839959225281,0.1111111111111111,,,1,0.925579906353546
GSE134809,FAP,NK_cell,tissue_inflammation_crohns,0.0,1e-08,-1.96e-08,1.96e-08,1.0,9,9,0.0,0.0,0.0,,,1,1.0
GSE134809,FAP,Plasma_cell,tissue_inflammation_crohns,0.11006070545817549,0.12485559307030779,-0.1346562569596278,0.35477766787597875,0.4037511812705367,9,9,0.0006209494434411534,0.001387249515486136,0.6666666666666666,,,1,0.6586446037898149
GSE134809,FAP,Stromal,tissue_inflammation_crohns,3.430199498833071,1.3367164811918875,0.8102351956969716,6.05016380196917,0.03332716390648857,9,9,0.004481374951173609,0.2118651737096403,0.6666666666666666,,,1,0.23149836433969484
GSE134809,FAP,T_cell,tissue_inflammation_crohns,0.02908731750728101,0.02908731750728101,-0.027923824806989767,0.08609845982155179,0.34659350708733416,9,9,0.0,3.599323327214484e-05,0.1111111111111111,,,1,0.6241344295344653
GSE134809,FOLR1,B_cell,tissue_inflammation_crohns,-0.14479621587502112,0.14479621587502112,-0.4285967989900625,0.13900436724002024,0.34659350708733416,9,9,0.00035050823694356814,0.0,0.0,,,1,0.6241344295344653
GSE134809,FOLR1,Endothelial,tissue_inflammation_crohns,0.0,1e-08,-1.96e-08,1.96e-08,1.0,9,9,0.0,0.0,0.0,,,1,1.0
GSE134809,FOLR1,Mast_cell,tissue_inflammation_crohns,0.0,1e-08,-1.96e-08,1.96e-08,1.0,9,9,0.0,0.0,0.0,,,1,1.0
GSE134809,FOLR1,Myeloid,tissue_inflammation_crohns,0.0,1e-08,-1.96e-08,1.96e-08,1.0,9,9,0.0,0.0,0.0,,,1,1.0
GSE134809,FOLR1,NK_cell,tissue_inflammation_crohns,0.0,1e-08,-1.96e-08,1.96e-08,1.0,9,9,0.0,0.0,0.0,,,1,1.0
GSE134809,FOLR1,Plasma_cell,tissue_inflammation_crohns,0.009724833771576725,0.019521108699613647,-0.028536539279666023,0.04798620682281947,0.6317688844125479,9,9,1.880052641473961e-05,5.651633322030066e-05,0.1111111111111111,,,1,0.8720570498515083
GSE134809,FOLR1,Stromal,tissue_inflammation_crohns,-0.17356600306119951,0.347444749347503,-0.8545577117823054,0.5074257056599064,0.6308391788789415,9,9,0.0022889220316513383,0.001952291274325173,0.2222222222222222,,,1,0.8720570498515083
GSE134809,FOLR1,T_cell,tissue_inflammation_crohns,0.0,1e-08,-1.96e-08,1.96e-08,1.0,9,9,0.0,0.0,0.0,,,1,1.0
GSE134809,GPRC5D,B_cell,tissue_inflammation_crohns,0.2769470920175646,0.2769470920175646,-0.265869208336862,0.8197633923719913,0.34659350708733416,9,9,0.0,0.0009107468123861566,0.1111111111111111,,,1,0.6241344295344653
GSE134809,GPRC5D,Endothelial,tissue_inflammation_crohns,0.0,1e-08,-1.96e-08,1.96e-08,1.0,9,9,0.0,0.0,0.0,,,1,1.0
GSE134809,GPRC5D,Mast_cell,tissue_inflammation_crohns,0.0,1e-08,-1.96e-08,1.96e-08,1.0,9,9,0.0,0.0,0.0,,,1,1.0
GSE134809,GPRC5D,Myeloid,tissue_inflammation_crohns,0.0,1e-08,-1.96e-08,1.96e-08,1.0,9,9,0.0,0.0,0.0,,,1,1.0
GSE134809,GPRC5D,NK_cell,tissue_inflammation_crohns,0.0,1e-08,-1.96e-08,1.96e-08,1.0,9,9,0.0,0.0,0.0,,,1,1.0
GSE134809,GPRC5D,Plasma_cell,tissue_inflammation_crohns,-1.4493623945781404,0.30545049727707996,-2.0480453692412173,-0.8506794199150637,0.0014545711338205109,9,9,0.01919782384671541,0.004773317388587214,0.0,,,1,0.04805925561663423
GSE134809,GPRC5D,Stromal,tissue_inflammation_crohns,0.0,1e-08,-1.96e-08,1.96e-08,1.0,9,9,0.0,0.0,0.0,,,1,1.0
GSE134809,GPRC5D,T_cell,tissue_inflammation_crohns,0.06429293541336108,0.06429293541336108,-0.06172121799682663,0.1903070888235488,0.34659350708733416,9,9,0.0,9.636696540425942e-05,0.1111111111111111,,,1,0.6241344295344653
GSE134809,HAVCR2,B_cell,tissue_inflammation_crohns,-0.34274136278447276,0.6286300923465088,-1.57485634378363,0.8893736182146844,0.6004686932615586,9,9,0.00958888301506047,0.006415749140834455,0.4444444444444444,,,1,0.852533573290037
GSE134809,HAVCR2,Endothelial,tissue_inflammation_crohns,-0.031306982556517066,0.8050335994594743,-1.6091728374970866,1.5465588723840524,0.9699318199567296,9,9,0.007115931155219061,0.008827624617098302,0.3333333333333333,,,1,1.0
GSE134809,HAVCR2,Mast_cell,tissue_inflammation_crohns,1.9951583860929523,1.396654323155533,-0.7422840872918925,4.732600859477797,0.1909967548091508,9,9,0.018770976859212155,0.11140459111473604,0.6666666666666666,,,1,0.4684033945271329
GSE134809,HAVCR2,Myeloid,tissue_inflammation_crohns,-0.2241591321568809,0.20995295794713553,-0.6356669297332666,0.1873486654195047,0.3168281208181656,9,9,0.19808393569912341,0.20138707241758727,0.4444444444444444,,,1,0.6146275256712762
GSE134809,HAVCR2,NK_cell,tissue_inflammation_crohns,1.3528390435940543,0.6660324511507364,0.04741543933861103,2.6582626478494973,0.07671536802989531,9,9,0.05370871008876777,0.1153033323144997,0.6666666666666666,,,1,0.33277121391788345
GSE134809,HAVCR2,Plasma_cell,tissue_inflammation_crohns,0.4626737042807309,0.20010055142559405,0.07047662348656658,0.8548707850748952,0.04951826189359626,9,9,0.009945069975263005,0.015205141087856875,0.7777777777777778,,,1,0.27349593060935024
GSE134809,HAVCR2,Stromal,tissue_inflammation_crohns,-0.19791079910787504,0.5383642381216013,-1.2531047058262135,0.8572831076104634,0.7226957331238785,9,9,0.0025093805854432254,0.0038378131598470586,0.2222222222222222,,,1,0.950212310703208
GSE134809,HAVCR2,T_cell,tissue_inflammation_crohns,1.3224109570194515,0.5333124312359926,0.2771185917969061,2.367703322241997,0.038134373261592525,9,9,0.014876455773071475,0.03627763418361716,1.0,,,1,0.24151769732341932
GSE134809,HLA-DRA,B_cell,tissue_inflammation_crohns,0.1134848805932101,0.08080426329082298,-0.04489147545680294,0.27186123664322315,0.19780154107640283,9,9,0.8522342714543525,0.9297550126622394,0.5555555555555556,,,1,0.47679028184834416
GSE134809,HLA-DRA,Endothelial,tissue_inflammation_crohns,-0.38968261702277057,0.2268749983766066,-0.8343576138409194,0.054992379795378354,0.12419506153265912,9,9,0.8647489313529629,0.7906872825670476,0.2222222222222222,,,1,0.40787590658927825
GSE134809,HLA-DRA,Mast_cell,tissue_inflammation_crohns,0.11245749260041116,1.30627991696012,-2.447851144641424,2.6727661298422465,0.9335106328123817,9,9,0.22091912802697117,0.29083275822406257,0.5555555555555556,,,1,1.0
GSE134809,HLA-DRA,Myeloid,tissue_inflammation_crohns,-0.04345406276119866,0.15510246396279778,-0.34745489212828234,0.260546766605885,0.786460067152673,9,9,0.7564391679111198,0.891946959499583,0.5555555555555556,,,1,1.0
GSE134809,HLA-DRA,NK_cell,tissue_inflammation_crohns,1.3246812579623901,0.47410531422903857,0.39543484207347457,2.2539276738513054,0.02341107331489178,9,9,0.12856222139663342,0.2734740938602309,0.7777777777777778,,,1,0.20944742567313915
GSE134809,HLA-DRA,Plasma_cell,tissue_inflammation_crohns,0.778935580983628,0.4260349261008536,-0.05609287417404496,1.613964036141301,0.10490398847832212,9,9,0.23669686019669486,0.3641133984706956,0.8888888888888888,,,1,0.3812177867009481
GSE134809,HLA-DRA,Stromal,tissue_inflammation_crohns,-0.579870694047303,0.4513208958266723,-1.4644596498675806,0.3047182617729747,0.23480173266364232,9,9,0.21446700577613498,0.2753055697671849,0.3333333333333333,,,1,0.5124389165564626
GSE134809,HLA-DRA,T_cell,tissue_inflammation_crohns,1.599320180658754,0.521832735727305,0.5765280186332362,2.6221123426842716,0.015469158588476833,9,9,0.08964209384317383,0.18754216218919836,0.7777777777777778,,,1,0.17531713066940413
GSE134809,ICAM1,B_cell,tissue_inflammation_crohns,0.48073027425690223,0.5684129481220016,-0.6333591040622208,1.5948196525760252,0.42227070437504094,9,9,0.02233421956820293,0.019570874965757493,0.5555555555555556,,,1,0.6768905087500656
GSE134809,ICAM1,Endothelial,tissue_inflammation_crohns,0.2934443660229244,0.2582877116868914,-0.21279954888338276,0.7996882809292316,0.2887949368425529,9,9,0.2626014249093253,0.33851852027341756,0.6666666666666666,,,1,0.5922588228580609
GSE134809,ICAM1,Mast_cell,tissue_inflammation_crohns,1.6061309777516122,1.0253828158799738,-0.4036193413731366,3.6158812968763607,0.15589531727087624,9,9,0.09398368957192488,0.16068169618894257,0.6666666666666666,,,1,0.4376961787443847
GSE134809,ICAM1,Myeloid,tissue_inflammation_crohns,1.2167504452542666,0.24247648477109685,0.7414965351029168,1.6920043554056163,0.0010294217752942648,9,9,0.15105411753800205,0.27916435159216746,1.0,,,1,0.04805925561663423
GSE134809,ICAM1,NK_cell,tissue_inflammation_crohns,0.5092556732039162,0.34714365156357335,-0.17114588386068763,1.18965723026852,0.18055700079904768,9,9,0.0636901303326939,0.06687151531814815,0.6666666666666666,,,1,0.46102696646713365
GSE134809,ICAM1,Plasma_cell,tissue_inflammation_crohns,0.5809565716791939,0.27584183333126017,0.040306578349924016,1.121606565008464,0.06828407885058817,9,9,0.03530763969851249,0.06262534225320276,0.7777777777777778,,,1,0.31984419318885937
GSE134809,ICAM1,Stromal,tissue_inflammation_crohns,1.4494043890269634,1.3201200612347226,-1.138030930993093,4.03683970904702,0.30417654591616655,9,9,0.04333895794255747,0.1735441486986851,0.6666666666666666,,,1,0.6010419329228956
GSE134809,ICAM1,T_cell,tissue_inflammation_crohns,0.845737974026425,0.3846857730769258,0.09175385879565046,1.5997220892571997,0.05913054996372254,9,9,0.01270159868743815,0.023682744038646855,0.7777777777777778,,,1,0.3007742935162579
GSE134809,ICOS,B_cell,tissue_inflammation_crohns,-0.8572777526477231,0.4964707201421344,-1.8303603641263066,0.11580485883086034,0.1224858464856514,9,9,0.0318271226578671,0.015823072952558484,0.4444444444444444,,,1,0.40787590658927825
GSE134809,ICOS,Endothelial,tissue_inflammation_crohns,-0.7069773801210723,1.0122408808146905,-2.690969506517866,1.277014746275721,0.5047020042716677,9,9,0.014938262281861871,0.008811335797637166,0.2222222222222222,,,1,0.7635538518957782
GSE134809,ICOS,Mast_cell,tissue_inflammation_crohns,-1.0981119243066244,0.7141641520287795,-2.497873662283032,0.3016498136697834,0.16269892206302808,9,9,0.03960431019254548,0.027865961199294534,0.1111111111111111,,,1,0.4472489517136857
GSE134809,ICOS,Myeloid,tissue_inflammation_crohns,-1.4191950053564053,0.7343228793521366,-2.858467848886593,0.02007783817378228,0.08935336373161683,9,9,0.07991620456565723,0.036845995309267625,0.2222222222222222,,,1,0.35383505418275807
GSE134809,ICOS,NK_cell,tissue_inflammation_crohns,-0.5024817110202915,0.2775724210464959,-1.0465236562714235,0.04156023423084043,0.10784566586252443,9,9,0.07208944274485168,0.06496352591513797,0.3333333333333333,,,1,0.38459151074802145
GSE134809,ICOS,Plasma_cell,tissue_inflammation_crohns,-0.4494668739940892,0.46869970926973137,-1.3681183041627627,0.46918455617458427,0.3656573238327906,9,9,0.05562801555146957,0.041854101324309036,0.2222222222222222,,,1,0.6241344295344653
GSE134809,ICOS,Stromal,tissue_inflammation_crohns,-0.22975498232207237,1.046052395981837,-2.280017678446473,1.8205077138023285,0.8316522043325839,9,9,0.010846722256118229,0.011030611868099406,0.4444444444444444,,,1,1.0
GSE134809,ICOS,T_cell,tissue_inflammation_crohns,-0.3640824445196732,0.130636780714703,-0.6201305347204911,-0.10803435431885533,0.023668207545107057,9,9,0.20678797788032413,0.18048212606501662,0.1111111111111111,,,1,0.20944742567313915
GSE134809,IDO1,B_cell,tissue_inflammation_crohns,1.0186215404561403,0.6418755415908067,-0.23945452106184084,2.2766976019741216,0.15118651845369152,9,9,0.0030226390825053,0.007500785742412385,0.6666666666666666,,,1,0.4337509866726756
GSE134809,IDO1,Endothelial,tissue_inflammation_crohns,-1.870765396055839,1.0289680186475625,-3.887542712605062,0.14601192049338363,0.10656180122653432,9,9,0.08589190635656184,0.041322998763517874,0.1111111111111111,,,1,0.38457499213598423
GSE134809,IDO1,Mast_cell,tissue_inflammation_crohns,-0.03988832906193905,1.0976932413448386,-2.1913670820978224,2.1115904239739445,0.971902970241693,9,9,0.005555555555555556,0.006349206349206349,0.1111111111111111,,,1,1.0
GSE134809,IDO1,Myeloid,tissue_inflammation_crohns,1.6155227342476635,0.5775252366794021,0.48357327035603537,2.7474721981392918,0.023293895404909882,9,9,0.08524282133077532,0.26810613862447474,0.8888888888888888,,,1,0.20944742567313915
GSE134809,IDO1,NK_cell,tissue_inflammation_crohns,1.0792365572832785,0.9759355422434036,-0.8335971055137925,2.9920702200803495,0.3009355651172547,9,9,0.0011780867123237762,0.009293366673677111,0.4444444444444444,,,1,0.5988327022265344
GSE134809,IDO1,Plasma_cell,tissue_inflammation_crohns,1.3675734812486375,0.5055465344227561,0.3767022737800356,2.3584446887172392,0.02685947291875089,9,9,0.00456978685008868,0.01670142814460605,0.6666666666666666,,,1,0.2184616557566559
GSE134809,IDO1,Stromal,tissue_inflammation_crohns,-0.45065841304961585,0.5467425481327691,-1.5222738073898434,0.6209569812906117,0.43367682819502096,9,9,0.09961477463048486,0.1037424884483708,0.3333333333333333,,,1,0.6900375148127673
GSE134809,IDO1,T_cell,tissue_inflammation_crohns,1.8139928134032017,0.7496991935530591,0.3445823940392059,3.2834032327671974,0.04187441688719014,9,9,0.0007042598929430824,0.008338491011214531,0.5555555555555556,,,1,0.25519691801061156
GSE134809,IL2RA,B_cell,tissue_inflammation_crohns,-0.05121704353005965,0.6425455739961204,-1.3106063685624556,1.2081722815023364,0.9384261045001693,9,9,0.018019146254522077,0.020424101640198603,0.5555555555555556,,,1,1.0
GSE134809,IL2RA,Endothelial,tissue_inflammation_crohns,0.9866051060402585,0.5801156019905078,-0.1504214738611367,2.1236316859416537,0.12741696544556422,9,9,0.002246684477553479,0.00996193845508914,0.4444444444444444,,,1,0.4082486428598176
GSE134809,IL2RA,Mast_cell,tissue_inflammation_crohns,1.4171074588960668,1.2440096927166184,-1.0211515388285053,3.855366456620639,0.2876012257644863,9,9,0.027777777777777776,0.05527183498197991,0.4444444444444444,,,1,0.5916891459995484
GSE134809,IL2RA,Myeloid,tissue_inflammation_crohns,0.5886628326758416,0.3075122081151997,-0.014061095229949805,1.191386760581633,0.09192348848765455,9,9,0.054393605664157775,0.083623628261833,0.6666666666666666,,,1,0.35467400324585074
GSE134809,IL2RA,NK_cell,tissue_inflammation_crohns,0.7195652218974559,0.4420146044251254,-0.14678340277578994,1.5859138465707017,0.14219177726592924,9,9,0.038502166786458965,0.05744789714472065,0.7777777777777778,,,1,0.42329902356585386
GSE134809,IL2RA,Plasma_cell,tissue_inflammation_crohns,0.6524316097073515,0.3499723776330012,-0.033514250453330896,1.3383774698680337,0.09928226725765892,9,9,0.01927532054308384,0.02910202276760106,0.5555555555555556,,,1,0.3707303158869807
GSE134809,IL2RA,Stromal,tissue_inflammation_crohns,1.268391028758848,0.8020201826220505,-0.30356852918037114,2.840350586698067,0.15242124678073207,9,9,0.002012239148704473,0.012523062772315015,0.6666666666666666,,,1,0.4337509866726756
GSE134809,IL2RA,T_cell,tissue_inflammation_crohns,1.2399547281883823,0.33549086869562156,0.5823926255449641,1.8975168308318004,0.006077993079159328,9,9,0.06526018405333794,0.1054204294585705,0.8888888888888888,,,1,0.09348532212230776
GSE134809,LAG3,B_cell,tissue_inflammation_crohns,-0.21140761759330218,0.5664867466451752,-1.3217216410178454,0.898906405831241,0.7187011638141668,9,9,0.008662409830843026,0.007918788484928442,0.2222222222222222,,,1,0.950212310703208
GSE134809,LAG3,Endothelial,tissue_inflammation_crohns,0.8688900688667337,0.7087889178393739,-0.5203362100984391,2.2581163478319066,0.25510333000347635,9,9,0.011740656812637664,0.016027052488418667,0.4444444444444444,,,1,0.5433525642954535
GSE134809,LAG3,Mast_cell,tissue_inflammation_crohns,-0.4820122338632376,0.4820122338632376,-1.4267562122351833,0.4627317445087081,0.3465935070873343,9,9,0.003003003003003003,0.0,0.0,,,1,0.6241344295344653
GSE134809,LAG3,Myeloid,tissue_inflammation_crohns,0.7302285809369955,0.3580031128994355,0.02854247965410195,1.431914682219889,0.07570591958671176,9,9,0.023171228499054057,0.041316747209463746,0.6666666666666666,,,1,0.33277121391788345
GSE134809,LAG3,NK_cell,tissue_inflammation_crohns,0.7229830104430104,0.3430337821054221,0.05063679751638306,1.3953292233696377,0.06812569273174399,9,9,0.10165530137815093,0.15015761597641708,0.7777777777777778,,,1,0.31984419318885937
GSE134809,LAG3,Plasma_cell,tissue_inflammation_crohns,0.6848856118119949,0.30516489714215667,0.08676241341336788,1.2830088102106219,0.05505368135283581,9,9,0.023233396259288396,0.03305725056338411,0.6666666666666666,,,1,0.29392295994985074
GSE134809,LAG3,Stromal,tissue_inflammation_crohns,0.018888135638535333,0.9881140219466632,-1.9178153473769246,1.9555916186539952,0.9852172461417378,9,9,0.01844416039989526,0.024721790339935903,0.4444444444444444,,,1,1.0
GSE134809,LAG3,T_cell,tissue_inflammation_crohns,0.4120036022398653,0.3389421718202104,-0.25232305452774706,1.0763302590074777,0.2588047749735078,9,9,0.07272036573533966,0.08568436753882538,0.6666666666666666,,,1,0.5481569987963477
GSE134809,MICA,B_cell,tissue_inflammation_crohns,0.034187275192326894,0.8071729900624606,-1.5478717853300958,1.6162463357147496,0.9672542540769136,9,9,0.011626551382169873,0.010470975000781077,0.4444444444444444,,,1,1.0
GSE134809,MICA,Endothelial,tissue_inflammation_crohns,-0.01493592519978816,0.6145105517879154,-1.2193766067041023,1.1895047563045258,0.9812043325847885,9,9,0.08457816978075156,0.08306381742835746,0.4444444444444444,,,1,1.0
GSE134809,MICA,Mast_cell,tissue_inflammation_crohns,-0.6060986997856053,1.1256793047434093,-2.8124301370826874,1.6002327375114769,0.60493399978723,9,9,0.0125,0.012345679012345678,0.1111111111111111,,,1,0.8551145817561281
GSE134809,MICA,Myeloid,tissue_inflammation_crohns,0.7334413697296838,0.15639679730191575,0.42690364701792893,1.0399790924414387,0.00156229778320328,9,9,0.014679188959112478,0.027789907652037735,0.8888888888888888,,,1,0.04805925561663423
GSE134809,MICA,NK_cell,tissue_inflammation_crohns,0.2120979297112268,0.6440755882471499,-1.050290223253187,1.4744860826756407,0.750380464478548,9,9,0.012479423293556703,0.019683816984992237,0.6666666666666666,,,1,0.9717134843906431
GSE134809,MICA,Plasma_cell,tissue_inflammation_crohns,0.2781831241314587,0.18576448488724995,-0.08591526624755119,0.6422815145104686,0.17263708588602114,9,9,0.011306976206483276,0.01515421466883382,0.6666666666666666,,,1,0.4577171539350061
GSE134809,MICA,Stromal,tissue_inflammation_crohns,1.2980747824655507,0.7657467665781749,-0.20278888002767204,2.7989384449587735,0.12848752440043426,9,9,0.029054559719039523,0.06671675136281317,0.6666666666666666,,,1,0.4082486428598176
GSE134809,MICA,T_cell,tissue_inflammation_crohns,0.024805829605074207,0.15436365302079683,-0.27774693031568753,0.32735858952583596,0.876315566771504,9,9,0.01427304619638615,0.01714032921514929,0.5555555555555556,,,1,1.0
GSE134809,MICB,B_cell,tissue_inflammation_crohns,-0.4150577045401564,0.4703132667163344,-1.3368717073041718,0.5067562982238589,0.403237076813766,9,9,0.012965481022428268,0.011284059270912859,0.4444444444444444,,,1,0.6586446037898149
GSE134809,MICB,Endothelial,tissue_inflammation_crohns,0.6537222522932358,0.44012273781104666,-0.20891831381641568,1.5163628184028872,0.17576194300417863,9,9,0.005134517599494561,0.010330728297563192,0.4444444444444444,,,1,0.4608430959261144
GSE134809,MICB,Mast_cell,tissue_inflammation_crohns,0.6342896372081597,0.6342896372081596,-0.6089180517198332,1.8774973261361525,0.34659350708733416,9,9,0.0,0.009259259259259259,0.1111111111111111,,,1,0.6241344295344653
GSE134809,MICB,Myeloid,tissue_inflammation_crohns,0.5607943231106743,0.31443898060076114,-0.055506078866817465,1.1770947250881663,0.11235298406047617,9,9,0.011236939980700094,0.02314532331135072,0.7777777777777778,,,1,0.39021520270466453
GSE134809,MICB,NK_cell,tissue_inflammation_crohns,0.9599776731871343,0.5201519497261369,-0.059520148276093865,1.9794754946503625,0.10216852426722883,9,9,0.013288482777991393,0.02324064954568257,0.7777777777777778,,,1,0.37714780958074184
GSE134809,MICB,Plasma_cell,tissue_inflammation_crohns,-0.10510125944705312,0.10608719567495341,-0.31303216296996184,0.10282964407585557,0.35084378513506687,9,9,0.010559867631538114,0.010773369316512592,0.2222222222222222,,,1,0.6241344295344653
GSE134809,MICB,Stromal,tissue_inflammation_crohns,1.2588923525909352,0.701729841818663,-0.11649813737364423,2.634282842555515,0.11056464753851111,9,9,0.0014970101690560177,0.013872949914824292,0.6666666666666666,,,1,0.38607979626961175
GSE134809,MICB,T_cell,tissue_inflammation_crohns,0.7224608548947344,0.4208646322372287,-0.10243382429023384,1.5473555340797027,0.1243832099041607,9,9,0.012263382307049741,0.02077023940383231,0.7777777777777778,,,1,0.40787590658927825
GSE134809,MS4A1,B_cell,tissue_inflammation_crohns,0.2047880543431331,0.1254787936148521,-0.041150381141977,0.4507264898282432,0.14131263094014235,9,9,0.5938914147426098,0.6355979543402739,0.6666666666666666,,,1,0.42329902356585386
GSE134809,MS4A1,Endothelial,tissue_inflammation_crohns,1.777285771269285,0.5947284528186477,0.6116180037447356,2.9429535387938346,0.017376330224451696,9,9,0.0028878331219410825,0.025245535988145936,0.5555555555555556,,,1,0.18557246359722174
GSE134809,MS4A1,Mast_cell,tissue_inflammation_crohns,1.3311328337419728,0.925780076467574,-0.4833961161344722,3.1456617836184178,0.18841845660587328,9,9,0.009009009009009009,0.029875009585154513,0.2222222222222222,,,1,0.4670265325095587
GSE134809,MS4A1,Myeloid,tissue_inflammation_crohns,0.975365390737666,0.603341552290655,-0.20718405175201782,2.15791483322735,0.1446256045727744,9,9,0.02033414782619354,0.03949979508708667,0.7777777777777778,,,1,0.42661251394526145
GSE134809,MS4A1,NK_cell,tissue_inflammation_crohns,0.9535514454406739,1.0745842959141032,-1.1526337745509683,3.0597366654323164,0.4007708685017036,9,9,0.009335907883910394,0.024574199647867122,0.6666666666666666,,,1,0.6586446037898149
GSE134809,MS4A1,Plasma_cell,tissue_inflammation_crohns,0.43586548695655597,0.7756906730328231,-1.0844882321877773,1.9562192061008892,0.5895715210531879,9,9,0.05325400224086431,0.09130410581600128,0.5555555555555556,,,1,0.8444860368078922
GSE134809,MS4A1,Stromal,tissue_inflammation_crohns,0.6009927412624297,0.9463391852658152,-1.253832061858568,2.4558175443834274,0.543114575924781,9,9,0.004944180282892798,0.022432588275060856,0.4444444444444444,,,1,0.8047064588243313
GSE134809,MS4A1,T_cell,tissue_inflammation_crohns,0.31992605618318626,0.45064899335507574,-0.5633459707927622,1.2031980831591347,0.49791966312771085,9,9,0.007341468183579984,0.012363569434313035,0.5555555555555556,,,1,0.7568378879541205
GSE134809,PDCD1,B_cell,tissue_inflammation_crohns,0.26835480017421987,0.5701023515749609,-0.8490458089127034,1.3857554092611433,0.6504127631559786,9,9,0.009737777126506794,0.007431362770185256,0.4444444444444444,,,1,0.8920735562606416
GSE134809,PDCD1,Endothelial,tissue_inflammation_crohns,0.1590974182001166,0.6168033861285426,-1.0498372186118268,1.36803205501206,0.8029656472464647,9,9,0.004876783398184177,0.0037946457095393263,0.3333333333333333,,,1,1.0
GSE134809,PDCD1,Mast_cell,tissue_inflammation_crohns,0.7524715648441804,0.7524715648441805,-0.7223727022504134,2.2273158319387742,0.34659350708733416,9,9,0.0,0.015873015873015872,0.1111111111111111,,,1,0.6241344295344653
GSE134809,PDCD1,Myeloid,tissue_inflammation_crohns,0.052958066646713986,0.4598910109993875,-0.8484283149120855,0.9543444482055135,0.9111613223081221,9,9,0.007030927246991388,0.007596602481618329,0.4444444444444444,,,1,1.0
GSE134809,PDCD1,NK_cell,tissue_inflammation_crohns,-0.5739000383424888,0.5300386231311174,-1.6127757396794788,0.4649756629945012,0.31047125743277504,9,9,0.02214771429781773,0.022177127425653836,0.3333333333333333,,,1,0.6113914776197326
GSE134809,PDCD1,Plasma_cell,tissue_inflammation_crohns,-0.20398423862946538,0.36982816269518604,-0.9288474375120299,0.5208789602530992,0.5963120225782917,9,9,0.010734094137985298,0.010380089103468609,0.4444444444444444,,,1,0.8503699041624205
GSE134809,PDCD1,Stromal,tissue_inflammation_crohns,-0.15947813197472605,0.5076711494067055,-1.1545135848118688,0.8355573208624169,0.7614528417127567,9,9,0.0024691358024691358,0.0018953112173451154,0.2222222222222222,,,1,0.9818334046835148
GSE134809,PDCD1,T_cell,tissue_inflammation_crohns,0.11294247482038343,0.17739670869901447,-0.2347550742296849,0.4606400238704518,0.5421265005514014,9,9,0.033693690740997345,0.04522280498311712,0.5555555555555556,,,1,0.8047064588243313
GSE134809,PDCD1LG2,B_cell,tissue_inflammation_crohns,0.23712572361008283,0.1665711034022705,-0.08935363905836735,0.563605086278533,0.19238005332022734,9,9,0.0,0.0003552689365046344,0.2222222222222222,,,1,0.4684033945271329
GSE134809,PDCD1LG2,Endothelial,tissue_inflammation_crohns,-0.5371711789554917,0.5997488087824433,-1.7126788441690803,0.638336486258097,0.39658314146505047,9,9,0.012223173652376358,0.007757628882358514,0.2222222222222222,,,1,0.6552243206813878
GSE134809,PDCD1LG2,Mast_cell,tissue_inflammation_crohns,0.02088675059954406,0.9358713687103561,-1.813421132072754,1.855194633271842,0.9827409363357603,9,9,0.006535947712418301,0.009259259259259259,0.1111111111111111,,,1,1.0
GSE134809,PDCD1LG2,Myeloid,tissue_inflammation_crohns,2.221378606696245,0.5420992326997705,1.1588641106046949,3.283893102787795,0.0034485359438899887,9,9,0.0060942210660035944,0.03578140315604873,1.0,,,1,0.08250941554640491
GSE134809,PDCD1LG2,NK_cell,tissue_inflammation_crohns,0.48318349854543347,0.5184589467832098,-0.5329960371496576,1.4993630342405246,0.37862409086292137,9,9,0.0003287310979618672,0.002837362387924186,0.2222222222222222,,,1,0.6296974535520455
GSE134809,PDCD1LG2,Plasma_cell,tissue_inflammation_crohns,0.05255078957810815,0.20356545336358403,-0.34643749901451654,0.45153907817073285,0.8028068105570477,9,9,0.0023400018492606323,0.0026452793806438406,0.4444444444444444,,,1,1.0
GSE134809,PDCD1LG2,Stromal,tissue_inflammation_crohns,1.1871336887093464,0.8921716029660844,-0.561522653104179,2.935790030522872,0.21999309865238098,9,9,0.0024691358024691358,0.0234375480138192,0.4444444444444444,,,1,0.49783522448262946
GSE134809,PDCD1LG2,T_cell,tissue_inflammation_crohns,0.6589285621317279,0.28870647961023566,0.09306386209566597,1.2247932621677897,0.05188086287958728,9,9,0.0008390583514084046,0.0023029623951980726,0.7777777777777778,,,1,0.2816389699177595
GSE134809,SIGLEC1,B_cell,tissue_inflammation_crohns,-0.3070026613914419,0.3070026613914419,-0.908727877718668,0.2947225549357842,0.34659350708733416,9,9,0.0012626262626262627,0.0,0.0,,,1,0.6241344295344653
GSE134809,SIGLEC1,Endothelial,tissue_inflammation_crohns,0.0,1e-08,-1.96e-08,1.96e-08,1.0,9,9,0.0,0.0,0.0,,,1,1.0
GSE134809,SIGLEC1,Mast_cell,tissue_inflammation_crohns,0.0,1e-08,-1.96e-08,1.96e-08,1.0,9,9,0.0,0.0,0.0,,,1,1.0
GSE134809,SIGLEC1,Myeloid,tissue_inflammation_crohns,-0.9699268330424081,0.40914206373230205,-1.7718452779577203,-0.16800838812709606,0.04520153587983927,9,9,0.0533732249740667,0.03712651842328188,0.1111111111111111,,,1,0.2630647943997853
GSE134809,SIGLEC1,NK_cell,tissue_inflammation_crohns,-0.08702083247736384,0.3372477085398016,-0.748026341215375,0.5739846762606474,0.802895784070389,9,9,0.00028272547356516825,0.0005446623093681917,0.1111111111111111,,,1,1.0
GSE134809,SIGLEC1,Plasma_cell,tissue_inflammation_crohns,-0.11265958377073554,0.09132602645542558,-0.29165859562336965,0.06633942808189858,0.25236470698499974,9,9,0.0005327742792098666,0.000320851712940113,0.2222222222222222,,,1,0.5416199359212951
GSE134809,SIGLEC1,Stromal,tissue_inflammation_crohns,-0.11358215557172009,0.11358215557172009,-0.3362031804922915,0.10903886934885128,0.34659350708733416,9,9,0.00024857071836937607,0.0,0.0,,,1,0.6241344295344653
GSE134809,SIGLEC1,T_cell,tissue_inflammation_crohns,-0.23246024379315935,0.09359671569681151,-0.4159098065589099,-0.0490106810274088,0.037896219913492214,9,9,0.00043734105387709804,0.0,0.0,,,1,0.24151769732341932
GSE134809,TIGIT,B_cell,tissue_inflammation_crohns,1.042972522234542,0.6194366286552232,-0.1711232699296954,2.2570683143987793,0.13072729903432528,9,9,0.015967123772401656,0.01838956539872351,0.6666666666666666,,,1,0.4082486428598176
GSE134809,TIGIT,Endothelial,tissue_inflammation_crohns,-0.5153769370789354,0.6539453196647694,-1.7971097636218833,0.7663558894640126,0.4533527896853999,9,9,0.007208457584592475,0.0045662100456621,0.1111111111111111,,,1,0.709234433498069
GSE134809,TIGIT,Mast_cell,tissue_inflammation_crohns,-2.0807148605736514,1.0395899792242436,-4.118311219853169,-0.04311850129413397,0.08033227510089991,9,9,0.035889056477291764,0.0031746031746031746,0.0,,,1,0.3347321084441479
GSE134809,TIGIT,Myeloid,tissue_inflammation_crohns,0.679288758088195,0.3235197165990507,0.045190113554055666,1.3133874026223342,0.06897155605898178,9,9,0.007643967219390192,0.014822910805747602,0.6666666666666666,,,1,0.3205125116789399
GSE134809,TIGIT,NK_cell,tissue_inflammation_crohns,-1.0733114389757321,0.5873168756560162,-2.2244525152615235,0.07782963731005954,0.10504143348725814,9,9,0.10039716246718251,0.07897022891253114,0.1111111111111111,,,1,0.3812177867009481
GSE134809,TIGIT,Plasma_cell,tissue_inflammation_crohns,0.3374707368694503,0.29983859405514757,-0.2502129074786389,0.9251543812175395,0.2930038904875011,9,9,0.02172588962468416,0.02925442102585428,0.6666666666666666,,,1,0.5954443048647009
GSE134809,TIGIT,Stromal,tissue_inflammation_crohns,0.3185480672369322,0.6102218456940055,-0.8774867503233187,1.514582884797183,0.6157979194304928,9,9,0.003180511852557701,0.0057574621383195655,0.3333333333333333,,,1,0.8629185595490202
GSE134809,TIGIT,T_cell,tissue_inflammation_crohns,0.8293060095977609,0.15886460164377872,0.5179313903759546,1.1406806288195672,0.000802384181020264,9,9,0.08191131839823107,0.14858769549748463,1.0,,,1,0.04805925561663423
GSE134809,TNFRSF12A,B_cell,tissue_inflammation_crohns,0.3891543226866118,0.5208471193181488,-0.6317060311769596,1.4100146765501833,0.4763527762270971,9,9,0.003006436718642019,0.0037254829405315012,0.5555555555555556,,,1,0.7344245666890327
GSE134809,TNFRSF12A,Endothelial,tissue_inflammation_crohns,1.6274140286575407,1.0674229703034,-0.4647349931371232,3.7195630504522046,0.16586158731061,9,9,0.011715733695503267,0.04850270216175507,0.6666666666666666,,,1,0.4483120728144521
GSE134809,TNFRSF12A,Mast_cell,tissue_inflammation_crohns,-1.0917242669773854,0.7284314601555555,-2.519449928882274,0.33600139492750336,0.17232479853106325,9,9,0.01155001155001155,0.0,0.0,,,1,0.4577171539350061
GSE134809,TNFRSF12A,Myeloid,tissue_inflammation_crohns,1.1081879717764263,0.4361531735017565,0.2533277517129836,1.963048191839869,0.03466633992326206,9,9,0.005785271175397771,0.017112901278145666,0.8888888888888888,,,1,0.23655764550908193
GSE134809,TNFRSF12A,NK_cell,tissue_inflammation_crohns,1.5901411738331086,0.5269934500569512,0.5572340117214842,2.623048335944733,0.01662557681372234,9,9,0.002188961391110798,0.009055993206388484,0.6666666666666666,,,1,0.18203597663838356
GSE134809,TNFRSF12A,Plasma_cell,tissue_inflammation_crohns,0.5422274592793206,0.31585855262733725,-0.0768553038702604,1.1613102224289016,0.12437055534717464,9,9,0.005447308594044745,0.014054133713250807,0.6666666666666666,,,1,0.40787590658927825
GSE134809,TNFRSF12A,Stromal,tissue_inflammation_crohns,1.8220679657755332,1.5854204747808478,-1.2853561647949283,4.929492096345995,0.28364415753188477,9,9,0.04696001783702561,0.24611006658863088,0.6666666666666666,,,1,0.5910778250503147
GSE134809,TNFRSF12A,T_cell,tissue_inflammation_crohns,0.8584648548585353,0.3852192107985129,0.10343520169345,1.6134945080236207,0.056428002121172625,9,9,0.0022710916264694295,0.007163525134611454,0.7777777777777778,,,1,0.2951479315025892
GSE134809,TNFRSF17,B_cell,tissue_inflammation_crohns,-0.27481352667692766,0.5906945191635582,-1.4325747842375016,0.8829477308836464,0.6541628113130143,9,9,0.03196428382118536,0.029114825808652395,0.3333333333333333,,,1,0.8953160510767103
GSE134809,TNFRSF17,Endothelial,tissue_inflammation_crohns,-0.09656075602663192,0.5369066834566858,-1.1488978556017362,0.9557763435484723,0.861745070656433,9,9,0.006709260059886951,0.009120022277917014,0.2222222222222222,,,1,1.0
GSE134809,TNFRSF17,Mast_cell,tissue_inflammation_crohns,-0.7457229509097402,1.3038579141219901,-3.301284462588841,1.8098385607693608,0.5830747192711085,9,9,0.01155001155001155,0.022222222222222223,0.1111111111111111,,,1,0.8389003756105481
GSE134809,TNFRSF17,Myeloid,tissue_inflammation_crohns,0.6976955320000676,0.6287620237083927,-0.534678034468382,1.9300690984685174,0.2993951391564676,9,9,0.005523959103794361,0.013225785794846514,0.5555555555555556,,,1,0.5988327022265344
GSE134809,TNFRSF17,NK_cell,tissue_inflammation_crohns,-0.14524145231738295,0.5461851060333781,-1.2157642601428038,0.925281355508038,0.7970257094712356,9,9,0.0035971007652750406,0.002547720947145786,0.3333333333333333,,,1,1.0
GSE134809,TNFRSF17,Plasma_cell,tissue_inflammation_crohns,-0.741252919817564,0.2715583736035439,-1.2735073320805101,-0.20899850755461802,0.025860735061533673,9,9,0.4343898600621466,0.3562208478660841,0.1111111111111111,,,1,0.21687056062334484
GSE134809,TNFRSF17,Stromal,tissue_inflammation_crohns,-0.3256789923778436,0.7087802500527781,-1.7148882824812888,1.0635302977256016,0.6581093198312227,9,9,0.0068581651418541546,0.0075403755064772015,0.3333333333333333,,,1,0.8970197037906729
GSE134809,TNFRSF17,T_cell,tissue_inflammation_crohns,0.07037800963129714,0.5872242133053758,-1.0805814484472394,1.2213374677098336,0.9075582108748674,9,9,0.0034384835380184687,0.005340846067680361,0.5555555555555556,,,1,1.0
GSE134809,TNFRSF18,B_cell,tissue_inflammation_crohns,0.2502635630837419,0.6469576525271584,-1.0177734358694885,1.5183005620369725,0.7089675676263286,9,9,0.01619838712995963,0.017602854289342846,0.4444444444444444,,,1,0.9443227267760844
GSE134809,TNFRSF18,Endothelial,tissue_inflammation_crohns,0.4212215733080136,1.0485778114377877,-1.6339909371100503,2.4764340837260774,0.6984169697550906,9,9,0.015219997876700373,0.024195818024224658,0.6666666666666666,,,1,0.9360526192153289
GSE134809,TNFRSF18,Mast_cell,tissue_inflammation_crohns,0.2923991289133303,1.6366416313660943,-2.9154184685642144,3.500216726390875,0.8626477739755691,9,9,0.04746216805040335,0.11369736007417168,0.3333333333333333,,,1,1.0
GSE134809,TNFRSF18,Myeloid,tissue_inflammation_crohns,-0.09692072481269223,0.44433974572310997,-0.9678266264299877,0.7739851768046033,0.8327943590158953,9,9,0.10442591498061524,0.10814675394064621,0.5555555555555556,,,1,1.0
GSE134809,TNFRSF18,NK_cell,tissue_inflammation_crohns,1.0515133924192392,0.4334046246239908,0.2020403281562173,1.9009864566822612,0.04144915190856116,9,9,0.07714507746180427,0.15365247432225304,0.6666666666666666,,,1,0.2550109726945763
GSE134809,TNFRSF18,Plasma_cell,tissue_inflammation_crohns,-0.388625589996547,0.28414810222071124,-0.9455558703491411,0.16830469035604706,0.20859388593357722,9,9,0.1375363523999905,0.10753688726319502,0.3333333333333333,,,1,0.49160441623393814
GSE134809,TNFRSF18,Stromal,tissue_inflammation_crohns,2.369543464438083,0.6224972432882415,1.1494488675931296,3.5896380612830363,0.0051883241088388835,9,9,0.0,0.024059109901582484,0.6666666666666666,,,1,0.08820150985026101
GSE134809,TNFRSF18,T_cell,tissue_inflammation_crohns,1.6720846133421214,0.27547864442968023,1.1321464702599482,2.212022756424295,0.0002993017495093367,9,9,0.059655540164740097,0.16921737193273817,1.0,,,1,0.041803994091261516
GSE134809,TNFRSF4,B_cell,tissue_inflammation_crohns,-0.24995319074719044,0.5813146475339642,-1.3893298999137602,0.8894235184193794,0.6785583858447861,9,9,0.016154682438083344,0.01178444448279419,0.3333333333333333,,,1,0.9151330214107137
GSE134809,TNFRSF4,Endothelial,tissue_inflammation_crohns,0.24444617368149807,0.8853254255127245,-1.4907916603234421,1.9796840076864382,0.7894630955657554,9,9,0.2918107016158344,0.26576434686407224,0.3333333333333333,,,1,1.0
GSE134809,TNFRSF4,Mast_cell,tissue_inflammation_crohns,-1.6460116680080288,1.6082424738725232,-4.798166916798174,1.5061435807821166,0.33602819081524826,9,9,0.10562791298085417,0.10730005367686528,0.1111111111111111,,,1,0.6241344295344653
GSE134809,TNFRSF4,Myeloid,tissue_inflammation_crohns,0.4264335101280988,0.362699244146939,-0.2844570083999016,1.1373240286560993,0.2735069761751749,9,9,0.07682547949394986,0.099921678714128,0.4444444444444444,,,1,0.5717977560167087
GSE134809,TNFRSF4,NK_cell,tissue_inflammation_crohns,0.6900124632698712,0.3608729848488775,-0.017298587033928614,1.397323513573671,0.09223720208251228,9,9,0.054146027829181924,0.07685481444723083,0.7777777777777778,,,1,0.35467400324585074
GSE134809,TNFRSF4,Plasma_cell,tissue_inflammation_crohns,-0.33580739439901397,0.24896668365599448,-0.8237820943647631,0.1521673055667352,0.2143341171611577,9,9,0.11942159468922103,0.09774161031408614,0.4444444444444444,,,1,0.4944994274503853
GSE134809,TNFRSF4,Stromal,tissue_inflammation_crohns,0.06846237069253676,1.0926637571037736,-2.0731585932308594,2.210083334615933,0.9515773086232946,9,9,0.019854704262835768,0.02623804318719573,0.5555555555555556,,,1,1.0
GSE134809,TNFRSF4,T_cell,tissue_inflammation_crohns,1.2911286093429888,0.24380198812291257,0.8132767126220801,1.7689805060638975,0.000732084393384105,9,9,0.09906350751882488,0.18772471647743721,1.0,,,1,0.04805925561663423
GSE134809,TNFRSF9,B_cell,tissue_inflammation_crohns,0.3624574914764632,0.48434706271751077,-0.5868627514498579,1.3117777344027843,0.4756759909740241,9,9,0.007042160295580777,0.007404290907473265,0.4444444444444444,,,1,0.7344245666890327
GSE134809,TNFRSF9,Endothelial,tissue_inflammation_crohns,1.664435694776409,0.8238974149205435,0.04959676153214376,3.279274628020674,0.0780346728285549,9,9,0.005454591742042208,0.030437785607216033,0.6666666666666666,,,1,0.33384369965063887
GSE134809,TNFRSF9,Mast_cell,tissue_inflammation_crohns,1.8401975897086749,1.0773939917820583,-0.2714946341841593,3.9518898136015093,0.12601554486875888,9,9,0.10826071169208425,0.19921436588103253,0.4444444444444444,,,1,0.4082486428598176
GSE134809,TNFRSF9,Myeloid,tissue_inflammation_crohns,1.4479585096141423,0.299965833024833,0.8600254768854697,2.035891542342815,0.0013094970247642332,9,9,0.015749294606253475,0.049253339377988085,1.0,,,1,0.04805925561663423
GSE134809,TNFRSF9,NK_cell,tissue_inflammation_crohns,1.2049861802536797,0.6333388598494917,-0.03635798505132404,2.4463303455586836,0.09359330100824638,9,9,0.03136936681987868,0.052206596429631824,0.7777777777777778,,,1,0.3577590085877347
GSE134809,TNFRSF9,Plasma_cell,tissue_inflammation_crohns,0.6022082251649924,0.28755567556050116,0.03859910106641018,1.1658173492635746,0.06955880474738571,9,9,0.01028064620920894,0.015945063876623547,0.7777777777777778,,,1,0.3205125116789399
GSE134809,TNFRSF9,Stromal,tissue_inflammation_crohns,0.1154028368012707,0.9076743966712947,-1.663638980674467,1.8944446542770084,0.9019662656372108,9,9,0.006576498761821529,0.012977207977207979,0.3333333333333333,,,1,1.0
GSE134809,TNFRSF9,T_cell,tissue_inflammation_crohns,1.1292877141119115,0.23685022859121052,0.665061266073139,1.593514162150684,0.0014123374838552886,9,9,0.02518394151618529,0.053777721247644766,0.8888888888888888,,,1,0.04805925561663423
GSE134809,VCAM1,B_cell,tissue_inflammation_crohns,0.055814984374324764,0.4374602269311361,-0.8016070604107021,0.9132370291593516,0.901623326707073,9,9,0.0019786910197869103,0.0005297029217211329,0.3333333333333333,,,1,1.0
GSE134809,VCAM1,Endothelial,tissue_inflammation_crohns,2.431658458825375,1.1964504459900989,0.08661558468478159,4.776701332965969,0.07657232724169093,9,9,0.009342270366316534,0.08345820677302981,0.6666666666666666,,,1,0.33277121391788345
GSE134809,VCAM1,Mast_cell,tissue_inflammation_crohns,0.4949953424863881,0.49499534248638805,-0.4751955287869325,1.4651862137597087,0.34659350708733416,9,9,0.0,0.0031746031746031746,0.1111111111111111,,,1,0.6241344295344653
GSE134809,VCAM1,Myeloid,tissue_inflammation_crohns,-0.7535397845431322,0.2875315013457754,-1.317101527180852,-0.18997804190541245,0.030616174263179086,9,9,0.013986221560764086,0.005924095577239027,0.1111111111111111,,,1,0.22733389165532975
GSE134809,VCAM1,NK_cell,tissue_inflammation_crohns,2.084244727072166,0.5772534323742742,0.9528279996185887,3.215661454525743,0.006875454537153126,9,9,0.004579433194471227,0.022938281220333725,0.7777777777777778,,,1,0.10329171234885859
GSE134809,VCAM1,Plasma_cell,tissue_inflammation_crohns,0.5110605138549702,0.17730454903989734,0.1635435977367714,0.858577429973169,0.02043648712499704,9,9,0.0014573041602894336,0.0032185864069749085,0.7777777777777778,,,1,0.19704433854847894
GSE134809,VCAM1,Stromal,tissue_inflammation_crohns,0.054629274086451574,0.36334452227582487,-0.6575259895741652,0.7667845377470683,0.8842092728849675,9,9,0.20380511086801956,0.32618392131851753,0.4444444444444444,,,1,1.0
GSE134809,VCAM1,T_cell,tissue_inflammation_crohns,1.1200791443757128,0.35867068199936664,0.4170846076569542,1.8230736810944714,0.014167258348169091,9,9,0.0017012843227238409,0.005283201675412707,0.8888888888888888,,,1,0.17091401819005114
GSE228421,CD19,B_cell,tissue_inflammation_psoriasis,1.5016005549444464,0.982749383457479,-0.42458823663221223,3.427789346521105,0.2012430277472092,5,5,0.0,0.026477541371158392,0.4,,,1,0.4813903188257644
GSE228421,CD19,Endothelial,tissue_inflammation_psoriasis,0.02398805411317783,0.023988054113177826,-0.02302853194865071,0.07100464017500638,0.3739009663000589,5,5,0.0,0.00014749262536873156,0.2,,,1,0.6241344295344653
GSE228421,CD19,Epithelial,tissue_inflammation_psoriasis,0.04606334063079642,0.023412879694303727,0.00017409642996112085,0.09195258483163173,0.12052302372262251,5,5,0.00012397461558596876,0.0005415507381142991,1.0,,,1,0.40759513642204265
GSE228421,CD19,Mast_cell,tissue_inflammation_psoriasis,0.0,1e-08,-1.96e-08,1.96e-08,1.0,5,5,0.0,0.0,0.0,,,1,1.0
GSE228421,CD19,Myeloid,tissue_inflammation_psoriasis,0.2128266615336459,0.2324272401289728,-0.24273072911914081,0.6683840521864326,0.41164807216378824,5,5,0.0012748072965714484,0.002591423779913128,0.4,,,1,0.6664778311223238
GSE228421,CD19,NK_cell,tissue_inflammation_psoriasis,0.0,1e-08,-1.96e-08,1.96e-08,1.0,5,5,0.0,0.0,0.0,,,1,1.0
GSE228421,CD19,Plasma_cell,tissue_inflammation_psoriasis,0.0,1e-08,-1.96e-08,1.96e-08,1.0,5,5,0.0,0.0,0.0,,,1,1.0
GSE228421,CD19,Stromal,tissue_inflammation_psoriasis,-0.013039226638063773,0.06355484015233516,-0.13760671333664068,0.11152826006051314,0.8474608975331641,5,5,0.0006523930420811728,0.0009642922051951721,0.6,,,1,1.0
GSE228421,CD19,T_cell,tissue_inflammation_psoriasis,0.0,1e-08,-1.96e-08,1.96e-08,1.0,5,5,0.0,0.0,0.0,,,1,1.0
GSE228421,CD274,B_cell,tissue_inflammation_psoriasis,0.7684236211329445,0.6431395495521085,-0.4921298959891882,2.028977138255077,0.2981643983647298,5,5,0.014511729405346428,0.03391495202600548,0.4,,,1,0.5988327022265344
GSE228421,CD274,Endothelial,tissue_inflammation_psoriasis,-0.2642246939536793,0.2635132429774238,-0.78071065018943,0.25226126228207135,0.3727434094969219,5,5,0.06432589271384906,0.047535714974308786,0.4,,,1,0.6241344295344653
GSE228421,CD274,Epithelial,tissue_inflammation_psoriasis,1.4185186180140097,0.24997094295822445,0.9285755698158897,1.9084616662121296,0.004757879288663356,5,5,0.009079082603207885,0.04357290245915911,1.0,,,1,0.08594173371082454
GSE228421,CD274,Mast_cell,tissue_inflammation_psoriasis,1.0779985714330909,0.573067363997612,-0.045213462002228644,2.20121060486841,0.1331114909844475,5,5,0.02991775194271228,0.044780524824705806,0.8,,,1,0.4082486428598176
GSE228421,CD274,Myeloid,tissue_inflammation_psoriasis,-0.23260244727730406,0.32730121759777386,-0.8741128337689408,0.40890793921433266,0.5165317368486327,5,5,0.1695848754382733,0.1442305704221941,0.8,,,1,0.7796250046827494
GSE228421,CD274,NK_cell,tissue_inflammation_psoriasis,2.3355801355029584,0.3538219626812231,1.642089088647761,3.0290711823581558,0.0027291229610890153,5,5,0.0025058962264150942,0.02682449314072527,1.0,,,1,0.07052053731454015
GSE228421,CD274,Plasma_cell,tissue_inflammation_psoriasis,1.0923278852349687,0.992648851848507,-0.853263864388105,3.037919634858042,0.3329220718460833,5,5,0.014285714285714285,0.03316239316239316,0.4,,,1,0.6241344295344653
GSE228421,CD274,Stromal,tissue_inflammation_psoriasis,0.5074508029802159,0.28760810010970067,-0.05626107323479734,1.0711626791952291,0.15243516754625952,5,5,0.011077134192407011,0.020191607830016885,0.8,,,1,0.4337509866726756
GSE228421,CD274,T_cell,tissue_inflammation_psoriasis,0.4278875745653485,0.35979480508851597,-0.27731024340814275,1.1330853925388398,0.3001098965926131,5,5,0.014893836468639617,0.027581895228954052,0.4,,,1,0.5988327022265344
GSE228421,CD38,B_cell,tissue_inflammation_psoriasis,1.133219971775243,1.2249646347757273,-1.2677107123851825,3.5341506559356684,0.4072707503185085,5,5,0.013779128672745694,0.03102674008226681,0.4,,,1,0.661435214858868
GSE228421,CD38,Endothelial,tissue_inflammation_psoriasis,0.07810970312593742,0.049124412806096064,-0.018174145974010875,0.1743935522258857,0.18703147223846228,5,5,0.0,0.00045172506264968876,0.4,,,1,0.4670265325095587
GSE228421,CD38,Epithelial,tissue_inflammation_psoriasis,0.5660432016309784,0.16433219819239175,0.2439520931738906,0.8881343100880663,0.026185609487029252,5,5,0.0003836625306676077,0.007090990598598028,1.0,,,1,0.21687056062334484
GSE228421,CD38,Mast_cell,tissue_inflammation_psoriasis,0.0,1e-08,-1.96e-08,1.96e-08,1.0,5,5,0.0,0.0,0.0,,,1,1.0
GSE228421,CD38,Myeloid,tissue_inflammation_psoriasis,1.079080919236375,0.19772607364907013,0.6915378148841975,1.4666240235885526,0.005479440693558711,5,5,0.007626637951031787,0.023795785316772865,1.0,,,1,0.09001630198850868
GSE228421,CD38,NK_cell,tissue_inflammation_psoriasis,0.0,1e-08,-1.96e-08,1.96e-08,1.0,5,5,0.0,0.0,0.0,,,1,1.0
GSE228421,CD38,Plasma_cell,tissue_inflammation_psoriasis,0.8554060554495491,0.8554060554495491,-0.8211898132315671,2.5320019241306655,0.37390096630005887,5,5,0.0,0.013333333333333332,0.2,,,1,0.6241344295344653
GSE228421,CD38,Stromal,tissue_inflammation_psoriasis,-0.017980195002279674,0.09987532187475573,-0.2137358258768009,0.17777543587224154,0.8658841592712418,5,5,0.0023703472279677845,0.0030701077146947876,0.6,,,1,1.0
GSE228421,CD38,T_cell,tissue_inflammation_psoriasis,0.3879158911930457,0.3879158911930457,-0.3723992555453238,1.1482310379314153,0.37390096630005887,5,5,0.0,0.002197802197802198,0.2,,,1,0.6241344295344653
GSE228421,CD3E,B_cell,tissue_inflammation_psoriasis,-3.914606695314288,1.3523906781490214,-6.56529242448637,-1.263920966142206,0.04435835164979544,5,5,0.1415054958727971,0.00425531914893617,0.0,,,1,0.26050450150698046
GSE228421,CD3E,Endothelial,tissue_inflammation_psoriasis,0.38410741719988656,0.14464428894949868,0.10060461085886913,0.667610223540904,0.05665378251752486,5,5,0.0011519604963588367,0.003237478669346415,1.0,,,1,0.2951479315025892
GSE228421,CD3E,Epithelial,tissue_inflammation_psoriasis,0.14306009677354153,0.21442129844384494,-0.27720564817639454,0.5633258417234777,0.5411672461816305,5,5,0.007599923936457635,0.008835076790470167,0.8,,,1,0.8047064588243313
GSE228421,CD3E,Mast_cell,tissue_inflammation_psoriasis,-0.22271237797998014,0.22271237797998014,-0.6592286388207412,0.21380388286078092,0.37390096630005887,5,5,0.0007246376811594203,0.0,0.0,,,1,0.6241344295344653
GSE228421,CD3E,Myeloid,tissue_inflammation_psoriasis,-0.6179774017336561,0.2726525781901977,-1.1523764549864437,-0.08357834848086854,0.08605618177777417,5,5,0.004323464274365687,0.0026552231673318905,0.0,,,1,0.34559602081375285
GSE228421,CD3E,NK_cell,tissue_inflammation_psoriasis,1.366997546736636,1.1888357504335385,-0.9631205241130996,3.6971156175863715,0.31427226383282786,5,5,0.21468677590201918,0.32050311617174526,0.8,,,1,0.6145723258082286
GSE228421,CD3E,Plasma_cell,tissue_inflammation_psoriasis,-1.6917833969146454,1.651346142695745,-4.9284218365983055,1.5448550427690149,0.3635161793448823,5,5,0.10357142857142856,0.0044444444444444444,0.2,,,1,0.6241344295344653
GSE228421,CD3E,Stromal,tissue_inflammation_psoriasis,0.22078580743743004,0.2580342993520752,-0.2849614192926374,0.7265330341674975,0.4404211351988948,5,5,0.0024907378680158253,0.003507614882241538,0.8,,,1,0.6958529496529213
GSE228421,CD3E,T_cell,tissue_inflammation_psoriasis,0.24597627614418727,0.08460485804629068,0.08015075437345753,0.411801797914917,0.04379402496005973,5,5,0.38449388205636065,0.5111694377174253,0.8,,,1,0.2595499093963173
GSE228421,CD4,B_cell,tissue_inflammation_psoriasis,0.744725809198004,0.175773638215945,0.40020947829475184,1.0892421401012562,0.013297033762483567,5,5,0.0777312553068432,0.13778114003853495,1.0,,,1,0.16846233335349875
GSE228421,CD4,Endothelial,tissue_inflammation_psoriasis,0.30940957734182784,0.39212445070702984,-0.45915434604395067,1.0779735007276063,0.47421554388736537,5,5,0.004627244845231905,0.006742052604504207,0.4,,,1,0.7344245666890327
GSE228421,CD4,Epithelial,tissue_inflammation_psoriasis,0.64766468268904,0.16260749130648514,0.3289539997283291,0.9663753656497509,0.016360200370879843,5,5,0.01096631915042508,0.02317022835399859,1.0,,,1,0.18203597663838356
GSE228421,CD4,Mast_cell,tissue_inflammation_psoriasis,0.6282609495124825,0.1730921280945863,0.2890003784470933,0.9675215205778716,0.022167088689632547,5,5,0.018200054826493204,0.01965000746567349,1.0,,,1,0.2090243883199193
GSE228421,CD4,Myeloid,tissue_inflammation_psoriasis,-0.1813635316071517,0.08666499935364376,-0.3512269303402935,-0.011500132874009944,0.10451178634241824,5,5,0.393923486773899,0.37410362509866746,0.2,,,1,0.3812177867009481
GSE228421,CD4,NK_cell,tissue_inflammation_psoriasis,2.442705897244419,0.959924501217525,0.5612538748580698,4.324157919630768,0.06366338983075337,5,5,0.007547169811320755,0.022062588378820507,0.8,,,1,0.3139431284783716
GSE228421,CD4,Plasma_cell,tissue_inflammation_psoriasis,4.0960148797304115,1.0038308417725328,2.1285064298562473,6.063523329604576,0.015093674186911614,5,5,0.025,0.15506715506715504,1.0,,,1,0.17411631294187327
GSE228421,CD4,Stromal,tissue_inflammation_psoriasis,0.2908059332794898,0.16596750880763114,-0.034490383983467265,0.6161022505424468,0.15462096943263218,5,5,0.033552032094068915,0.04778141643261868,0.6,,,1,0.43617967796279644
GSE228421,CD4,T_cell,tissue_inflammation_psoriasis,1.7548671246125196,0.6256511970007453,0.5285907784910588,2.98114347073398,0.048570191457432195,5,5,0.08166780954182529,0.18837979186276402,1.0,,,1,0.27349593060935024
GSE228421,CD69,B_cell,tissue_inflammation_psoriasis,-1.2020654669411441,0.9219201715805638,-3.009029003239049,0.6048980693567609,0.26225112157891495,5,5,0.18517942428356765,0.08911282743664684,0.4,,,1,0.5518378649510718
GSE228421,CD69,Endothelial,tissue_inflammation_psoriasis,0.11089999999645514,0.12308043314651296,-0.13033764897071026,0.35213764896362054,0.4185153634169476,5,5,0.004739880102360046,0.006677478454648345,0.6,,,1,0.6742167699933869
GSE228421,CD69,Epithelial,tissue_inflammation_psoriasis,-0.1577019537289231,0.2833509301511679,-0.7130697768252121,0.397665869367366,0.6074945689183989,5,5,0.013117316506351919,0.011251706221440314,0.6,,,1,0.8554520929706523
GSE228421,CD69,Mast_cell,tissue_inflammation_psoriasis,1.1027183775468798,0.6343980151323656,-0.14070173211255677,2.3461384872063165,0.15716612754839793,5,5,0.07935936479015715,0.10219136384200316,0.8,,,1,0.4376961787443847
GSE228421,CD69,Myeloid,tissue_inflammation_psoriasis,-0.9821958681334838,0.39629721934633055,-1.7589384180522916,-0.20545331821467594,0.06832584931898235,5,5,0.08249368726645187,0.044606197844352616,0.2,,,1,0.31984419318885937
GSE228421,CD69,NK_cell,tissue_inflammation_psoriasis,-1.0024863634433294,0.5534975020783502,-2.0873414675168958,0.08236874063023714,0.14434828561143873,5,5,0.5659498096656737,0.3891704174715108,0.2,,,1,0.42661251394526145
GSE228421,CD69,Plasma_cell,tissue_inflammation_psoriasis,-0.2503042524702012,1.8247323878168982,-3.8267797325913215,3.3261712276509194,0.8975214697252438,5,5,0.10119047619047619,0.14632478632478632,0.4,,,1,1.0
GSE228421,CD69,Stromal,tissue_inflammation_psoriasis,-0.16494914856571016,0.11081290503033464,-0.38214244242516604,0.05224414529374574,0.21083650925165903,5,5,0.004521240911030759,0.004790324501596459,0.2,,,1,0.49160441623393814
GSE228421,CD69,T_cell,tissue_inflammation_psoriasis,-1.3303546419245225,0.40336768792695127,-2.1209553102613468,-0.5397539735876979,0.02998624178365134,5,5,0.41304380136971713,0.2782637469169977,0.2,,,1,0.22524549060742752
GSE228421,CD70,B_cell,tissue_inflammation_psoriasis,0.38496066845371313,0.8068676719092733,-1.1964999684884625,1.966421305395889,0.6581847362179241,5,5,0.010256410256410256,0.00847873800650137,0.4,,,1,0.8970197037906729
GSE228421,CD70,Endothelial,tissue_inflammation_psoriasis,-0.2702990748996263,0.18439499132651868,-0.631713257899603,0.09111510810035034,0.21656155359912777,5,5,0.0024507580116593193,0.001188373313110094,0.2,,,1,0.4962251659529401
GSE228421,CD70,Epithelial,tissue_inflammation_psoriasis,0.043681475659943556,0.09787394238025476,-0.1481514514053558,0.23551440272524288,0.6784732171292753,5,5,0.0017362692847110515,0.0022751120700768533,0.8,,,1,0.9151330214107137
GSE228421,CD70,Mast_cell,tissue_inflammation_psoriasis,0.5209014225516664,0.39922123715918695,-0.26157220228034006,1.303375047383673,0.26196590883094073,5,5,0.002502764065109689,0.00328394619702999,0.8,,,1,0.5518378649510718
GSE228421,CD70,Myeloid,tissue_inflammation_psoriasis,0.0913926395927163,0.3995595579047026,-0.6917440939005008,0.8745293730859334,0.8302944409169131,5,5,0.012259779871430556,0.011608499739223243,0.8,,,1,1.0
GSE228421,CD70,NK_cell,tissue_inflammation_psoriasis,1.0979870958409386,1.0169756534902819,-0.8952851850000139,3.091259376681891,0.3410478289145425,5,5,0.041420990566037735,0.03703530839779788,0.4,,,1,0.6241344295344653
GSE228421,CD70,Plasma_cell,tissue_inflammation_psoriasis,0.666824403439376,0.6668244034393759,-0.6401514273018007,1.9738002341805527,0.37390096630005887,5,5,0.0,0.015384615384615385,0.2,,,1,0.6241344295344653
GSE228421,CD70,Stromal,tissue_inflammation_psoriasis,-0.8156963211863999,0.2126323631288189,-1.2324557529188849,-0.39893688945391487,0.01851989633858529,5,5,0.027108421630949987,0.018770182919639306,0.0,,,1,0.19296537152784027
GSE228421,CD70,T_cell,tissue_inflammation_psoriasis,-0.16909609370894074,0.5268118681559617,-1.2016473552946256,0.8634551678767441,0.7642961643366399,5,5,0.040610108812779135,0.04041248569112346,0.2,,,1,0.9835364983296203
GSE228421,CD79A,B_cell,tissue_inflammation_psoriasis,3.2843783642545565,1.1476504281460052,1.0349835250883865,5.5337732034207265,0.04584482278870471,5,5,0.0,0.04902554344692383,0.8,,,1,0.2644263885848504
GSE228421,CD79A,Endothelial,tissue_inflammation_psoriasis,-0.19197982164945282,0.20763841101051145,-0.5989511072300553,0.2149914639311496,0.4075096215384358,5,5,0.0018363930702355944,0.000604082512243476,0.2,,,1,0.661435214858868
GSE228421,CD79A,Epithelial,tissue_inflammation_psoriasis,-0.04334462205956237,0.011596669296248809,-0.06607409388021003,-0.020615150238914703,0.020161719119089278,5,5,0.0019225367888472938,0.0014223921249554437,0.0,,,1,0.19704433854847894
GSE228421,CD79A,Mast_cell,tissue_inflammation_psoriasis,0.0,1e-08,-1.96e-08,1.96e-08,1.0,5,5,0.0,0.0,0.0,,,1,1.0
GSE228421,CD79A,Myeloid,tissue_inflammation_psoriasis,-0.08257455067913276,0.20596349442601677,-0.4862629997541256,0.3211138983958601,0.7089729450253884,5,5,0.002086136171962866,0.0013960761330358252,0.4,,,1,0.9443227267760844
GSE228421,CD79A,NK_cell,tissue_inflammation_psoriasis,1.7471207419990278,0.7177555747270297,0.34031981553404966,3.153921668464006,0.07165964098986183,5,5,0.0,0.014768158670597695,0.6,,,1,0.32372117538077444
GSE228421,CD79A,Plasma_cell,tissue_inflammation_psoriasis,-1.8399982084462685,1.4268447856567226,-4.636613988333445,0.9566175714409078,0.2667162012697015,5,5,0.125,0.05555555555555556,0.0,,,1,0.5594112533124259
GSE228421,CD79A,Stromal,tissue_inflammation_psoriasis,-0.09811612500556946,0.052053267330785385,-0.20014052897390883,0.003908278962769893,0.13252609139269164,5,5,0.00158927530722422,0.001568540171325869,0.2,,,1,0.4082486428598176
GSE228421,CD79A,T_cell,tissue_inflammation_psoriasis,0.15898239556377547,0.733046362318137,-1.2777884745797732,1.5957532657073241,0.8389152230722993,5,5,0.0026330042078073572,0.006185807656395892,0.4,,,1,1.0
GSE228421,CD8A,B_cell,tissue_inflammation_psoriasis,-0.9449015788655386,1.2676839437833427,-3.42956210868089,1.5397589509498129,0.4974598769402142,5,5,0.04733301475182774,0.06617198750047738,0.6,,,1,0.7568378879541205
GSE228421,CD8A,Endothelial,tissue_inflammation_psoriasis,-0.12003603369750962,0.253280802716248,-0.6164664070213557,0.3763943396263364,0.6602636415667338,5,5,0.0016667610111593511,0.0009724066374736786,0.6,,,1,0.897958552530758
GSE228421,CD8A,Epithelial,tissue_inflammation_psoriasis,0.05716165614574585,0.12598626737106355,-0.18977142790153873,0.3040947401930304,0.6735612524714784,5,5,0.0031017652391724876,0.0036880465562933546,0.6,,,1,0.912202450936216
GSE228421,CD8A,Mast_cell,tissue_inflammation_psoriasis,0.20010364131589814,0.2001036413158981,-0.19209949566326218,0.5923067782950584,0.37390096630005887,5,5,0.0,0.001081081081081081,0.2,,,1,0.6241344295344653
GSE228421,CD8A,Myeloid,tissue_inflammation_psoriasis,0.10214298396394242,0.4225784209102358,-0.7261107210201198,0.9303966889480045,0.820888022163726,5,5,0.010185865734318992,0.014404367039196047,0.6,,,1,1.0
GSE228421,CD8A,NK_cell,tissue_inflammation_psoriasis,1.9529386417708892,1.6315344198691717,-1.2448688211726873,5.150746104714465,0.2973979657954758,5,5,0.150980635551142,0.18186120019593527,0.6,,,1,0.5988327022265344
GSE228421,CD8A,Plasma_cell,tissue_inflammation_psoriasis,0.49692004491141856,0.4969200449114185,-0.47704324311496166,1.4708833329377988,0.3739009663000589,5,5,0.0,0.0044444444444444444,0.2,,,1,0.6241344295344653
GSE228421,CD8A,Stromal,tissue_inflammation_psoriasis,-0.010557631045320749,0.1719741495039375,-0.3476269640730382,0.3265117019823967,0.9539930142067077,5,5,0.0014331987392945996,0.001434184278440091,0.8,,,1,1.0
GSE228421,CD8A,T_cell,tissue_inflammation_psoriasis,-0.6760963378227223,0.5516014050361023,-1.757235091693483,0.40504241604803837,0.28754210625323134,5,5,0.12656038343816503,0.10544985630124948,0.4,,,1,0.5916891459995484
GSE228421,CLDN18,B_cell,tissue_inflammation_psoriasis,0.0,1e-08,-1.96e-08,1.96e-08,1.0,5,5,0.0,0.0,0.0,,,1,1.0
GSE228421,CLDN18,Endothelial,tissue_inflammation_psoriasis,-0.11598959239616076,0.11598959239616076,-0.34332919349263585,0.11135000870031432,0.37390096630005887,5,5,0.0006224066390041493,0.0,0.0,,,1,0.6241344295344653
GSE228421,CLDN18,Epithelial,tissue_inflammation_psoriasis,-0.047156311044731856,0.024876741167166372,-0.09591472373237794,0.0016021016429142304,0.1309019127408723,5,5,0.000519376174964401,9.458686903881861e-05,0.2,,,1,0.4082486428598176
GSE228421,CLDN18,Mast_cell,tissue_inflammation_psoriasis,0.0,1e-08,-1.96e-08,1.96e-08,1.0,5,5,0.0,0.0,0.0,,,1,1.0
GSE228421,CLDN18,Myeloid,tissue_inflammation_psoriasis,0.06423727880189975,0.06423727880189974,-0.061667787649823724,0.19014234525362322,0.3739009663000589,5,5,0.0,0.000261437908496732,0.2,,,1,0.6241344295344653
GSE228421,CLDN18,NK_cell,tissue_inflammation_psoriasis,0.0,1e-08,-1.96e-08,1.96e-08,1.0,5,5,0.0,0.0,0.0,,,1,1.0
GSE228421,CLDN18,Plasma_cell,tissue_inflammation_psoriasis,0.0,1e-08,-1.96e-08,1.96e-08,1.0,5,5,0.0,0.0,0.0,,,1,1.0
GSE228421,CLDN18,Stromal,tissue_inflammation_psoriasis,-0.06195170779899739,0.023212914781331716,-0.10744902077040755,-0.016454394827587232,0.0558730346495616,5,5,0.00034798710120372705,0.00015677648549629282,0.2,,,1,0.2951479315025892
GSE228421,CLDN18,T_cell,tissue_inflammation_psoriasis,0.0,1e-08,-1.96e-08,1.96e-08,1.0,5,5,0.0,0.0,0.0,,,1,1.0
GSE228421,CLDN6,B_cell,tissue_inflammation_psoriasis,0.29834303210056234,0.29834303210056234,-0.28640931081653986,0.8830953750176646,0.37390096630005887,5,5,0.0,0.0025974025974025974,0.2,,,1,0.6241344295344653
GSE228421,CLDN6,Endothelial,tissue_inflammation_psoriasis,0.1332681812289426,0.07090278993965723,-0.005701287052785581,0.27223764951067075,0.13334437096504878,5,5,0.0,0.000604082512243476,0.6,,,1,0.4082486428598176
GSE228421,CLDN6,Epithelial,tissue_inflammation_psoriasis,0.0231558488016691,0.010888720475229364,0.001813956670219545,0.04449774093311865,0.10059302004442869,5,5,0.0003874924801061173,0.0006509773317575362,0.8,,,1,0.37346603993506283
GSE228421,CLDN6,Mast_cell,tissue_inflammation_psoriasis,0.29288664695242345,0.29288664695242345,-0.28117118107432654,0.8669444749791735,0.37390096630005887,5,5,0.0,0.0007272727272727272,0.2,,,1,0.6241344295344653
GSE228421,CLDN6,Myeloid,tissue_inflammation_psoriasis,-0.19001801428651155,0.10715502756426484,-0.4000418683124706,0.02000583973944753,0.15085792138481513,5,5,0.002909632571996028,0.0014529379203538505,0.2,,,1,0.4337509866726756
GSE228421,CLDN6,NK_cell,tissue_inflammation_psoriasis,0.0,1e-08,-1.96e-08,1.96e-08,1.0,5,5,0.0,0.0,0.0,,,1,1.0
GSE228421,CLDN6,Plasma_cell,tissue_inflammation_psoriasis,0.0,1e-08,-1.96e-08,1.96e-08,1.0,5,5,0.0,0.0,0.0,,,1,1.0
GSE228421,CLDN6,Stromal,tissue_inflammation_psoriasis,-0.12309959237754882,0.052998789715163794,-0.22697722021926986,-0.01922196453582778,0.08089793344168665,5,5,0.0009326283333666293,0.00048823033623167074,0.0,,,1,0.3347321084441479
GSE228421,CLDN6,T_cell,tissue_inflammation_psoriasis,0.0,1e-08,-1.96e-08,1.96e-08,1.0,5,5,0.0,0.0,0.0,,,1,1.0
GSE228421,CTLA4,B_cell,tissue_inflammation_psoriasis,-2.127740414502061,0.9298209415779538,-3.95018945999485,-0.30529136900927134,0.08401118047060292,5,5,0.055955724007235766,0.026477541371158392,0.0,,,1,0.34132844392458794
GSE228421,CTLA4,Endothelial,tissue_inflammation_psoriasis,0.4111275584510642,0.19100432504954268,0.036759081353960554,0.7854960355481678,0.09771250663614375,5,5,0.0004648691370683072,0.0017010911230642416,1.0,,,1,0.3669899958543539
GSE228421,CTLA4,Epithelial,tissue_inflammation_psoriasis,0.23001898214841923,0.11800474088674437,-0.0012703099895997327,0.46130827428643817,0.12306518709030345,5,5,0.0023455092210094286,0.004249536071119203,0.8,,,1,0.40787590658927825
GSE228421,CTLA4,Mast_cell,tissue_inflammation_psoriasis,-0.08977962177349122,0.28648700860814164,-0.6512941586454488,0.47173491509846643,0.769652183122012,5,5,0.0007246376811594203,0.0005865102639296188,0.2,,,1,0.986498631541309
GSE228421,CTLA4,Myeloid,tissue_inflammation_psoriasis,0.19233717030662484,0.132341029582166,-0.06705124767442056,0.45172558828767023,0.21979197744979298,5,5,0.00271837594851308,0.0037826050650032013,0.8,,,1,0.49783522448262946
GSE228421,CTLA4,NK_cell,tissue_inflammation_psoriasis,2.736165257705147,0.648188193134555,1.4657163991614195,4.006614116248874,0.013464077244636205,5,5,0.007547169811320755,0.03665144779526613,1.0,,,1,0.16846233335349875
GSE228421,CTLA4,Plasma_cell,tissue_inflammation_psoriasis,-0.7800191105577586,0.7800191105577585,-2.3088565672509653,0.748818346135448,0.37390096630005887,5,5,0.014285714285714285,0.0,0.0,,,1,0.6241344295344653
GSE228421,CTLA4,Stromal,tissue_inflammation_psoriasis,-0.08114793933093026,0.10688310343731676,-0.2906388220680711,0.12834294340621058,0.49000092511943927,5,5,0.0014022124649125558,0.001094939075477011,0.2,,,1,0.7490933657931669
GSE228421,CTLA4,T_cell,tissue_inflammation_psoriasis,1.280657799092952,0.26397498014530674,0.7632668380081508,1.7980487601777533,0.008330752171890663,5,5,0.106865362942049,0.2928186364718873,1.0,,,1,0.12231058870548565
GSE228421,DLL3,B_cell,tissue_inflammation_psoriasis,0.0,1e-08,-1.96e-08,1.96e-08,1.0,5,5,0.0,0.0,0.0,,,1,1.0
GSE228421,DLL3,Endothelial,tissue_inflammation_psoriasis,0.10313523627212266,0.11010393332508789,-0.11266847304504958,0.3189389455892949,0.4019404694945764,5,5,0.00045214222429412304,0.0009083149495244332,0.6,,,1,0.6586446037898149
GSE228421,DLL3,Epithelial,tissue_inflammation_psoriasis,0.13339480404044785,0.053200670875476676,0.029121489124513567,0.23766811895638212,0.06624166215015101,5,5,0.0003892406517159125,0.0017778560213674622,0.8,,,1,0.31984419318885937
GSE228421,DLL3,Mast_cell,tissue_inflammation_psoriasis,-0.1359203858513786,0.6348882850414356,-1.3803014245325924,1.108460652829835,0.8409507819389638,5,5,0.0026596930833055984,0.0015625,0.2,,,1,1.0
GSE228421,DLL3,Myeloid,tissue_inflammation_psoriasis,-0.23907184125759126,0.14743724957422702,-0.5280488504230763,0.049905167907893705,0.18022512200871338,5,5,0.002307550045597454,0.0004981078333077106,0.2,,,1,0.46102696646713365
GSE228421,DLL3,NK_cell,tissue_inflammation_psoriasis,0.0,1e-08,-1.96e-08,1.96e-08,1.0,5,5,0.0,0.0,0.0,,,1,1.0
GSE228421,DLL3,Plasma_cell,tissue_inflammation_psoriasis,0.0,1e-08,-1.96e-08,1.96e-08,1.0,5,5,0.0,0.0,0.0,,,1,1.0
GSE228421,DLL3,Stromal,tissue_inflammation_psoriasis,-0.11527356260145871,0.0677642507243757,-0.24809149402123507,0.01754436881831764,0.1641438014974379,5,5,0.0010411173268473984,0.0007550257800774029,0.2,,,1,0.4483120728144521
GSE228421,DLL3,T_cell,tissue_inflammation_psoriasis,-0.27140845270032593,0.27140845270032593,-0.8033690199929648,0.2605521145923129,0.37390096630005887,5,5,0.001081081081081081,0.0,0.0,,,1,0.6241344295344653
GSE228421,ENTPD1,B_cell,tissue_inflammation_psoriasis,-0.3150099332404566,0.8251282175599514,-1.9322612396579613,1.3022413731770481,0.7220458769607734,5,5,0.0492986968238928,0.06929271213132136,0.4,,,1,0.950212310703208
GSE228421,ENTPD1,Endothelial,tissue_inflammation_psoriasis,0.6463920240236897,0.0771357322495394,0.49520598881459243,0.7975780592327869,0.0011092895285085334,5,5,0.1690746477509422,0.24659662071115368,1.0,,,1,0.04805925561663423
GSE228421,ENTPD1,Epithelial,tissue_inflammation_psoriasis,0.3982442320130782,0.24086351787696156,-0.07384826302576647,0.8703367270519229,0.17359241906203793,5,5,0.015017626497246927,0.022645730820637013,0.8,,,1,0.4577171539350061
GSE228421,ENTPD1,Mast_cell,tissue_inflammation_psoriasis,-1.1324740043321704,0.7804542658605003,-2.662164365418751,0.39721635675441,0.22039051880746158,5,5,0.009693815117491445,0.006083855116113181,0.4,,,1,0.49783522448262946
GSE228421,ENTPD1,Myeloid,tissue_inflammation_psoriasis,-0.05505649059207318,0.20692075420313344,-0.4606211688302147,0.35050818764606834,0.8033331780281138,5,5,0.20773485824916155,0.19652380093228977,0.4,,,1,1.0
GSE228421,ENTPD1,NK_cell,tissue_inflammation_psoriasis,1.4748903957968456,1.7242984613217025,-1.9047345883936913,4.854515379987382,0.4405632452136916,5,5,0.14527319182389936,0.07080579919099683,0.8,,,1,0.6958529496529213
GSE228421,ENTPD1,Plasma_cell,tissue_inflammation_psoriasis,-1.928428581017992,0.999815926348954,-3.8880677966619417,0.031210634625957745,0.12599154326334527,5,5,0.08214285714285714,0.013333333333333332,0.0,,,1,0.4082486428598176
GSE228421,ENTPD1,Stromal,tissue_inflammation_psoriasis,-0.597317240672459,0.06878246066505002,-0.7321308635759569,-0.46250361776896093,0.000967817009899051,5,5,0.08786533920462705,0.07765128704271154,0.0,,,1,0.04805925561663423
GSE228421,ENTPD1,T_cell,tissue_inflammation_psoriasis,1.6687209252972217,0.850000166123389,0.002720599695379189,3.3347212508990642,0.12110941762031069,5,5,0.06307574655400743,0.17681492913691055,0.8,,,1,0.40759513642204265
GSE228421,ERBB2,B_cell,tissue_inflammation_psoriasis,-0.6472854989925824,0.4574026343955035,-1.5437946624077692,0.24922366442260446,0.2299495749717298,5,5,0.007429922323539345,0.0016260162601626018,0.0,,,1,0.504418420485463
GSE228421,ERBB2,Endothelial,tissue_inflammation_psoriasis,0.006084649032031564,0.35394829555540497,-0.6876540102565621,0.6998233083206252,0.9871077050193081,5,5,0.013135524950045756,0.013610655432982427,0.6,,,1,1.0
GSE228421,ERBB2,Epithelial,tissue_inflammation_psoriasis,0.15840572582428622,0.13451760000857793,-0.10524877019252651,0.4220602218410989,0.30424258833713136,5,5,0.1549467991752003,0.1645198340688015,0.6,,,1,0.6010419329228956
GSE228421,ERBB2,Mast_cell,tissue_inflammation_psoriasis,-0.8023281215578859,0.09759068235163144,-0.9936058589670835,-0.6110503841486883,0.001193192637296417,5,5,0.021533400614058736,0.007635821576908518,0.0,,,1,0.04805925561663423
GSE228421,ERBB2,Myeloid,tissue_inflammation_psoriasis,-0.26335799240112834,0.17677501385246447,-0.6098370195519587,0.083121034749702,0.2105241492091883,5,5,0.009869933554260125,0.006915472741227058,0.4,,,1,0.49160441623393814
GSE228421,ERBB2,NK_cell,tissue_inflammation_psoriasis,-0.24417747766460587,0.24417747766460585,-0.7227653338872333,0.23441037855802158,0.37390096630005887,5,5,0.0009433962264150943,0.0,0.0,,,1,0.6241344295344653
GSE228421,ERBB2,Plasma_cell,tissue_inflammation_psoriasis,0.0,1e-08,-1.96e-08,1.96e-08,1.0,5,5,0.0,0.0,0.0,,,1,1.0
GSE228421,ERBB2,Stromal,tissue_inflammation_psoriasis,-0.11331192301178321,0.13018704047911536,-0.3684785223508493,0.14185467632728288,0.43321085681208577,5,5,0.03758277785649282,0.046270571423572084,0.4,,,1,0.6900375148127673
GSE228421,ERBB2,T_cell,tissue_inflammation_psoriasis,0.8526009886760738,0.6305090391383961,-0.38319672803518234,2.08839870538733,0.24769398187629296,5,5,0.001058201058201058,0.008050446285740403,0.6,,,1,0.5333677076402842
GSE228421,FAP,B_cell,tissue_inflammation_psoriasis,0.0,1e-08,-1.96e-08,1.96e-08,1.0,5,5,0.0,0.0,0.0,,,1,1.0
GSE228421,FAP,Endothelial,tissue_inflammation_psoriasis,0.14384015749736812,0.22889370756102578,-0.3047915093222424,0.5924718243169786,0.5638296311960748,5,5,0.014210045460329107,0.017497331467527955,0.8,,,1,0.8215776518200737
GSE228421,FAP,Epithelial,tissue_inflammation_psoriasis,0.11228207109080039,0.09096979324597368,-0.06601872367130802,0.2905828658529088,0.28465592564561965,5,5,0.003577160873444235,0.004824339579779216,0.8,,,1,0.5912788680613194
GSE228421,FAP,Mast_cell,tissue_inflammation_psoriasis,0.4785428363976944,0.3050617957661647,-0.11937828330398842,1.0764639560993772,0.1918018055739594,5,5,0.0,0.0010298445880896714,0.4,,,1,0.4684033945271329
GSE228421,FAP,Myeloid,tissue_inflammation_psoriasis,-0.03564219958539931,0.1848656781799453,-0.3979789288180921,0.32669452964729345,0.856508598948559,5,5,0.0019821040697510237,0.0017389031703733432,0.6,,,1,1.0
GSE228421,FAP,NK_cell,tissue_inflammation_psoriasis,0.0,1e-08,-1.96e-08,1.96e-08,1.0,5,5,0.0,0.0,0.0,,,1,1.0
GSE228421,FAP,Plasma_cell,tissue_inflammation_psoriasis,0.0,1e-08,-1.96e-08,1.96e-08,1.0,5,5,0.0,0.0,0.0,,,1,1.0
GSE228421,FAP,Stromal,tissue_inflammation_psoriasis,0.6284835554703392,0.055227382095977155,0.5202378865622239,0.7367292243784545,0.0003400640527776664,5,5,0.10663441926667441,0.20203030862203572,1.0,,,1,0.041803994091261516
GSE228421,FAP,T_cell,tissue_inflammation_psoriasis,0.3229449687025534,0.3229449687025534,-0.31002716995445123,0.955917107359558,0.37390096630005887,5,5,0.0,0.0013071895424836603,0.2,,,1,0.6241344295344653
GSE228421,FOLR1,B_cell,tissue_inflammation_psoriasis,0.0,1e-08,-1.96e-08,1.96e-08,1.0,5,5,0.0,0.0,0.0,,,1,1.0
GSE228421,FOLR1,Endothelial,tissue_inflammation_psoriasis,0.0,1e-08,-1.96e-08,1.96e-08,1.0,5,5,0.0,0.0,0.0,,,1,1.0
GSE228421,FOLR1,Epithelial,tissue_inflammation_psoriasis,-0.13628747733823202,0.09192394868929582,-0.3164584167692518,0.04388346209278779,0.2123183159895801,5,5,0.002077006033943067,0.0007346584824597283,0.2,,,1,0.49160441623393814
GSE228421,FOLR1,Mast_cell,tissue_inflammation_psoriasis,0.0,1e-08,-1.96e-08,1.96e-08,1.0,5,5,0.0,0.0,0.0,,,1,1.0
GSE228421,FOLR1,Myeloid,tissue_inflammation_psoriasis,0.0,1e-08,-1.96e-08,1.96e-08,1.0,5,5,0.0,0.0,0.0,,,1,1.0
GSE228421,FOLR1,NK_cell,tissue_inflammation_psoriasis,0.0,1e-08,-1.96e-08,1.96e-08,1.0,5,5,0.0,0.0,0.0,,,1,1.0
GSE228421,FOLR1,Plasma_cell,tissue_inflammation_psoriasis,0.0,1e-08,-1.96e-08,1.96e-08,1.0,5,5,0.0,0.0,0.0,,,1,1.0
GSE228421,FOLR1,Stromal,tissue_inflammation_psoriasis,-0.46138758193682294,0.19703032113070726,-0.8475670113530092,-0.07520815252063673,0.07923015452831095,5,5,0.004946975770281914,0.0021409136266662765,0.0,,,1,0.3347321084441479
GSE228421,FOLR1,T_cell,tissue_inflammation_psoriasis,0.0,1e-08,-1.96e-08,1.96e-08,1.0,5,5,0.0,0.0,0.0,,,1,1.0
GSE228421,GPRC5D,B_cell,tissue_inflammation_psoriasis,0.0,1e-08,-1.96e-08,1.96e-08,1.0,5,5,0.0,0.0,0.0,,,1,1.0
GSE228421,GPRC5D,Endothelial,tissue_inflammation_psoriasis,0.0,1e-08,-1.96e-08,1.96e-08,1.0,5,5,0.0,0.0,0.0,,,1,1.0
GSE228421,GPRC5D,Epithelial,tissue_inflammation_psoriasis,-0.05752795931945172,0.049687868764316453,-0.15491618209751196,0.03986026345860853,0.3113742974255294,5,5,0.00019946539072080918,4.2056566081379456e-05,0.2,,,1,0.6113914776197326
GSE228421,GPRC5D,Mast_cell,tissue_inflammation_psoriasis,0.0,1e-08,-1.96e-08,1.96e-08,1.0,5,5,0.0,0.0,0.0,,,1,1.0
GSE228421,GPRC5D,Myeloid,tissue_inflammation_psoriasis,0.0,1e-08,-1.96e-08,1.96e-08,1.0,5,5,0.0,0.0,0.0,,,1,1.0
GSE228421,GPRC5D,NK_cell,tissue_inflammation_psoriasis,0.0,1e-08,-1.96e-08,1.96e-08,1.0,5,5,0.0,0.0,0.0,,,1,1.0
GSE228421,GPRC5D,Plasma_cell,tissue_inflammation_psoriasis,0.0,1e-08,-1.96e-08,1.96e-08,1.0,5,5,0.0,0.0,0.0,,,1,1.0
GSE228421,GPRC5D,Stromal,tissue_inflammation_psoriasis,0.0,1e-08,-1.96e-08,1.96e-08,1.0,5,5,0.0,0.0,0.0,,,1,1.0
GSE228421,GPRC5D,T_cell,tissue_inflammation_psoriasis,0.0,1e-08,-1.96e-08,1.96e-08,1.0,5,5,0.0,0.0,0.0,,,1,1.0
GSE228421,HAVCR2,B_cell,tissue_inflammation_psoriasis,1.196552596102426,0.8068247092978795,-0.38482383412141785,2.7779290263262695,0.21221097137983766,5,5,0.07050254523378824,0.17156478417505922,0.4,,,1,0.49160441623393814
GSE228421,HAVCR2,Endothelial,tissue_inflammation_psoriasis,0.255994534730381,0.33759895975554344,-0.4056994263904841,0.9176884958512461,0.49050540825156286,5,5,0.003273188490433504,0.0046608094097027476,0.4,,,1,0.7490933657931669
GSE228421,HAVCR2,Epithelial,tissue_inflammation_psoriasis,0.7289499496041932,0.2343266929494691,0.2696696314232338,1.1882302677851526,0.03584316877663129,5,5,0.005026473120093652,0.014939560255868622,1.0,,,1,0.23926185638581599
GSE228421,HAVCR2,Mast_cell,tissue_inflammation_psoriasis,1.3152746594835198,0.27310465233368986,0.7799895409094877,1.850559778057552,0.008547810909840244,5,5,0.006663827863107598,0.012218558625606233,1.0,,,1,0.1227085743945955
GSE228421,HAVCR2,Myeloid,tissue_inflammation_psoriasis,-0.3718545537174446,0.24198583201607018,-0.8461467844689421,0.10243767703405299,0.19918169020704873,5,5,0.2503527839260005,0.20973813312305079,0.2,,,1,0.47833223744889775
GSE228421,HAVCR2,NK_cell,tissue_inflammation_psoriasis,2.2458493650452773,0.5456692524375203,1.1763376302677375,3.315361099822817,0.014662928453555484,5,5,0.029142874875868918,0.0894769514197605,1.0,,,1,0.17222275965448805
GSE228421,HAVCR2,Plasma_cell,tissue_inflammation_psoriasis,0.0,1e-08,-1.96e-08,1.96e-08,1.0,5,5,0.0,0.0,0.0,,,1,1.0
GSE228421,HAVCR2,Stromal,tissue_inflammation_psoriasis,0.789616438019942,0.23633547276070993,0.3263989114089505,1.2528339646309334,0.028806721871836135,5,5,0.003318098838519878,0.010338078240042542,1.0,,,1,0.22331350425294155
GSE228421,HAVCR2,T_cell,tissue_inflammation_psoriasis,1.9140176797737776,0.8886799061036805,0.17220506381056366,3.6558302957369913,0.09756744373369053,5,5,0.0037037037037037034,0.040874802871706896,0.6,,,1,0.3669899958543539
GSE228421,HLA-DRA,B_cell,tissue_inflammation_psoriasis,1.5199561052077049,0.522520663673167,0.49581560440829753,2.544096606007112,0.043726639449774486,5,5,0.40317553294037056,0.8400320575463285,1.0,,,1,0.2595499093963173
GSE228421,HLA-DRA,Endothelial,tissue_inflammation_psoriasis,-0.26309695919783704,0.1494260015915559,-0.5559719223172865,0.029778003921612506,0.15308858353153257,5,5,0.8697715021554003,0.861544759279749,0.2,,,1,0.4337509866726756
GSE228421,HLA-DRA,Epithelial,tissue_inflammation_psoriasis,1.9583468252284262,0.4440539031285787,1.088001175096412,2.82869247536044,0.01159921373542496,5,5,0.15087472996455104,0.37175368748345405,1.0,,,1,0.15610608485592758
GSE228421,HLA-DRA,Mast_cell,tissue_inflammation_psoriasis,2.8812279290912293,0.8284152484188481,1.2575340421902872,4.504921815992171,0.025398122458296715,5,5,0.05792712699065169,0.10875569338165722,0.8,,,1,0.21687056062334484
GSE228421,HLA-DRA,Myeloid,tissue_inflammation_psoriasis,-0.15693082635257163,0.1815524711075068,-0.512773669723285,0.19891201701814168,0.4361332581438255,5,5,0.9470999464676348,0.9852866062678618,0.4,,,1,0.6922409944985535
GSE228421,HLA-DRA,NK_cell,tissue_inflammation_psoriasis,4.678842746246798,2.1716490030572078,0.4224107002546713,8.935274792238925,0.09748703269654495,5,5,0.149132634061569,0.2597933745536773,0.8,,,1,0.3669899958543539
GSE228421,HLA-DRA,Plasma_cell,tissue_inflammation_psoriasis,4.58931010504153,1.844151182871866,0.9747737866126731,8.203846423470388,0.0675873783874986,5,5,0.2619047619047619,0.6637362637362637,1.0,,,1,0.31984419318885937
GSE228421,HLA-DRA,Stromal,tissue_inflammation_psoriasis,1.4896270157784297,0.43005279401133323,0.6467235395162166,2.3325304920406427,0.025727937777291755,5,5,0.1304511744714113,0.23700839872778542,1.0,,,1,0.21687056062334484
GSE228421,HLA-DRA,T_cell,tissue_inflammation_psoriasis,1.2747131040265278,0.42654500555312297,0.4386848931424068,2.1107413149106486,0.04039949608667118,5,5,0.16136114105987437,0.2175069512530813,0.8,,,1,0.25337936380572407
GSE228421,ICAM1,B_cell,tissue_inflammation_psoriasis,-0.42268208304276744,1.2087277378472467,-2.791788449223371,1.9464242831378362,0.7442050694365169,5,5,0.15658924315699232,0.14203050596408145,0.4,,,1,0.9708521971163157
GSE228421,ICAM1,Endothelial,tissue_inflammation_psoriasis,-0.35217061955291057,0.1703326688418408,-0.6860226504829186,-0.018318588622902587,0.1075287225009514,5,5,0.6844209610132586,0.678691935010361,0.4,,,1,0.38459151074802145
GSE228421,ICAM1,Epithelial,tissue_inflammation_psoriasis,-0.18593764510279048,0.253376178868739,-0.6825549556855188,0.3106796654799379,0.5037397380136138,5,5,0.08329097410108695,0.08508529928564372,0.4,,,1,0.7635538518957782
GSE228421,ICAM1,Mast_cell,tissue_inflammation_psoriasis,0.20919019044672585,0.300910519114757,-0.3805944270181979,0.7989748079116495,0.5252071846269778,5,5,0.0726045272775547,0.05127496975510433,0.6,,,1,0.7875257330948101
GSE228421,ICAM1,Myeloid,tissue_inflammation_psoriasis,0.035985417278851094,0.33625536090327046,-0.623075090091559,0.6950459246492612,0.9199273446548621,5,5,0.42381331753782614,0.45749345151641857,0.6,,,1,1.0
GSE228421,ICAM1,NK_cell,tissue_inflammation_psoriasis,-0.357651451900513,1.222258205922361,-2.7532775355083405,2.037974631707314,0.7843673213294842,5,5,0.10928552217808671,0.05141960646586382,0.4,,,1,1.0
GSE228421,ICAM1,Plasma_cell,tissue_inflammation_psoriasis,-1.8005122383101715,1.0738275955214056,-3.9052143255321266,0.3041898489117836,0.16890295467242425,5,5,0.23095238095238094,0.17726495726495725,0.0,,,1,0.4546304529932753
GSE228421,ICAM1,Stromal,tissue_inflammation_psoriasis,-0.45776027042174655,0.10863582849998003,-0.6706864942817075,-0.2448340465617857,0.013545725868368693,5,5,0.43651952093163526,0.4614675404224119,0.0,,,1,0.16846233335349875
GSE228421,ICAM1,T_cell,tissue_inflammation_psoriasis,-0.28941086193374144,1.2000823536252005,-2.6415722750391346,2.0627505511716517,0.8212891305768886,5,5,0.013329414904218054,0.02026612878006067,0.6,,,1,1.0
GSE228421,ICOS,B_cell,tissue_inflammation_psoriasis,-0.8450154950873557,0.6375455412872191,-2.094604756010305,0.40457376583559357,0.2556659210522506,5,5,0.10788124156545209,0.04314420803782505,0.0,,,1,0.5433525642954535
GSE228421,ICOS,Endothelial,tissue_inflammation_psoriasis,0.5574707657722863,0.28357657157401556,0.0016606854872157628,1.1132808460573567,0.12074138201111226,5,5,0.0,0.0013283846355156004,0.6,,,1,0.40759513642204265
GSE228421,ICOS,Epithelial,tissue_inflammation_psoriasis,0.3295004197155521,0.18448834162337485,-0.03209672986626261,0.6910975692973669,0.1486375254249603,5,5,0.0037780610134775317,0.005769742940442298,0.8,,,1,0.4337509866726756
GSE228421,ICOS,Mast_cell,tissue_inflammation_psoriasis,-0.22271237797998014,0.22271237797998014,-0.6592286388207412,0.21380388286078092,0.37390096630005887,5,5,0.0007246376811594203,0.0,0.0,,,1,0.6241344295344653
GSE228421,ICOS,Myeloid,tissue_inflammation_psoriasis,0.10250231862308568,0.23757490353685395,-0.3631444923091481,0.5681491295553194,0.6883757277384608,5,5,0.00217813882994355,0.0023368299143563254,0.4,,,1,0.925579906353546
GSE228421,ICOS,NK_cell,tissue_inflammation_psoriasis,2.0032765089285713,1.2227144869088276,-0.3932438854127307,4.399796903269873,0.1766839654522189,5,5,0.06649857249255213,0.10327637039159328,0.8,,,1,0.4608430959261144
GSE228421,ICOS,Plasma_cell,tissue_inflammation_psoriasis,-2.094731132282276,1.310513638185534,-4.663337863125923,0.4738755985613703,0.18519685911809777,5,5,0.05833333333333333,0.0,0.0,,,1,0.4670265325095587
GSE228421,ICOS,Stromal,tissue_inflammation_psoriasis,0.07886055240658944,0.2049935173829167,-0.3229267416639273,0.48064784647710623,0.720039936947613,5,5,0.0018204105191930112,0.0019271970748441203,0.4,,,1,0.950212310703208
GSE228421,ICOS,T_cell,tissue_inflammation_psoriasis,1.5285905051227187,0.48653567016354343,0.5749805916021735,2.482200418643264,0.03478788904545323,5,5,0.18908693698834061,0.4106269633359417,1.0,,,1,0.23655764550908193
GSE228421,IDO1,B_cell,tissue_inflammation_psoriasis,2.068869351887821,0.6093085183945102,0.8746246558345809,3.2631140479410607,0.02739225095400794,5,5,0.08184641910285807,0.3197825987654737,1.0,,,1,0.2184616557566559
GSE228421,IDO1,Endothelial,tissue_inflammation_psoriasis,0.6827746855205745,0.5032522275694072,-0.3035996805154636,1.6691490515566128,0.24638575700685622,5,5,0.007014368322447071,0.009340629596150151,0.6,,,1,0.5323250803559503
GSE228421,IDO1,Epithelial,tissue_inflammation_psoriasis,1.834611072967499,0.17173535867938777,1.498009769955899,2.171212375979099,0.00043497112724958395,5,5,0.006367482489264541,0.025420172612130264,1.0,,,1,0.041803994091261516
GSE228421,IDO1,Mast_cell,tissue_inflammation_psoriasis,1.1209110632665538,0.547792220842382,0.047238310415484985,2.1945838161176225,0.11016046201108991,5,5,0.0037045175628412897,0.008379109402857635,1.0,,,1,0.38607979626961175
GSE228421,IDO1,Myeloid,tissue_inflammation_psoriasis,2.852016822652288,0.4935029925449028,1.8847509572642784,3.8192826880402975,0.004452757617106863,5,5,0.03845760027145573,0.22530246341715426,1.0,,,1,0.08594173371082454
GSE228421,IDO1,NK_cell,tissue_inflammation_psoriasis,2.894780784722223,0.7710142794542943,1.3835927969918063,4.40596877245264,0.01986919980262702,5,5,0.0,0.018614312516751542,0.8,,,1,0.19704433854847894
GSE228421,IDO1,Plasma_cell,tissue_inflammation_psoriasis,1.5836240204291496,0.9896990168220581,-0.35618605254208413,3.5234340934003834,0.18482591482127428,5,5,0.0,0.01982905982905983,0.4,,,1,0.4670265325095587
GSE228421,IDO1,Stromal,tissue_inflammation_psoriasis,1.4556834550284004,0.3455742016953649,0.7783580197054851,2.1330088903513156,0.013560435502139218,5,5,0.007826843469633736,0.018199026880864545,1.0,,,1,0.16846233335349875
GSE228421,IDO1,T_cell,tissue_inflammation_psoriasis,-0.41864185945066434,0.274517811270129,-0.9566967695401172,0.11941305063878849,0.2019454743061643,5,5,0.0016101816101816101,0.0,0.0,,,1,0.4813903188257644
GSE228421,IL2RA,B_cell,tissue_inflammation_psoriasis,-1.8144022836036513,1.7262432858791328,-5.197839123926752,1.5690345567194488,0.352531255048035,5,5,0.041437246963562754,0.010072853975293,0.4,,,1,0.6241344295344653
GSE228421,IL2RA,Endothelial,tissue_inflammation_psoriasis,0.053241666949475096,0.07978173232095359,-0.10313052839959394,0.20961386229854415,0.5410808707808007,5,5,0.0004796224796224796,0.0006681742001927212,0.2,,,1,0.8047064588243313
GSE228421,IL2RA,Epithelial,tissue_inflammation_psoriasis,0.21437057753442557,0.11456277021788588,-0.010172452092630763,0.43891360716148187,0.1346431191152694,5,5,0.0032858995007116524,0.004756212764372411,0.8,,,1,0.41028044787011336
GSE228421,IL2RA,Mast_cell,tissue_inflammation_psoriasis,-0.19909762684773502,0.2856817366429376,-0.7590338306678928,0.3608385769724227,0.5242320275510499,5,5,0.006887321396274191,0.001796797707197395,0.2,,,1,0.7875257330948101
GSE228421,IL2RA,Myeloid,tissue_inflammation_psoriasis,0.9292748544788048,0.37255128658791475,0.1990743327664919,1.6594753761911176,0.06717077219591673,5,5,0.015760652483194342,0.033722968787965456,0.8,,,1,0.31984419318885937
GSE228421,IL2RA,NK_cell,tissue_inflammation_psoriasis,2.9911111995700823,0.9805048498376592,1.0693216938882704,4.912900705251895,0.038006569363091824,5,5,0.05924311072492552,0.15155469705511757,1.0,,,1,0.24151769732341932
GSE228421,IL2RA,Plasma_cell,tissue_inflammation_psoriasis,0.27429019673294863,1.9133094323815183,-3.475796290734827,4.024376684200725,0.8929386101944441,5,5,0.025,0.01982905982905983,0.4,,,1,1.0
GSE228421,IL2RA,Stromal,tissue_inflammation_psoriasis,0.3744836382345076,0.24737644015000712,-0.11037418445950636,0.8593414609285215,0.20463139821952386,5,5,0.0014709832791698107,0.002875234528927278,0.8,,,1,0.4859995707713691
GSE228421,IL2RA,T_cell,tissue_inflammation_psoriasis,1.9169329067505516,0.5540975755954699,0.8309016585834306,3.002964154917673,0.025828165333334964,5,5,0.13043570493758785,0.31704343128491735,1.0,,,1,0.21687056062334484
GSE228421,LAG3,B_cell,tissue_inflammation_psoriasis,-1.246015923438164,0.8707223536104701,-2.9526317365146855,0.4605998896383574,0.22567215486546918,5,5,0.04502609497010392,0.031253748845860935,0.2,,,1,0.5003932492986033
GSE228421,LAG3,Endothelial,tissue_inflammation_psoriasis,-0.2914444267182789,0.09375924315230853,-0.4752125432968036,-0.1076763101397542,0.03592631589694141,5,5,0.024773464873846875,0.0206141932632154,0.0,,,1,0.23926185638581599
GSE228421,LAG3,Epithelial,tissue_inflammation_psoriasis,0.2074281940826445,0.06508115278691744,0.07986913462028633,0.3349872535450027,0.033304421949247064,5,5,0.008716438108630304,0.012163836411318985,0.8,,,1,0.23149836433969484
GSE228421,LAG3,Mast_cell,tissue_inflammation_psoriasis,-0.1820375429178312,0.33503162308010065,-0.8386995241548285,0.47462443831916606,0.615755464355853,5,5,0.002090793995297522,0.0006051437216338881,0.2,,,1,0.8629185595490202
GSE228421,LAG3,Myeloid,tissue_inflammation_psoriasis,0.26769597214722346,0.16096091898868384,-0.047787429070596854,0.5831793733650438,0.1716237011823385,5,5,0.01754231185292897,0.02154276470698307,0.8,,,1,0.4577171539350061
GSE228421,LAG3,NK_cell,tissue_inflammation_psoriasis,2.966899389539661,1.0650840501185148,0.8793346513073721,5.054464127771951,0.04953409269550151,5,5,0.05381858242303873,0.14891203553945354,1.0,,,1,0.27349593060935024
GSE228421,LAG3,Plasma_cell,tissue_inflammation_psoriasis,-0.9908734415216806,1.4261129527752907,-3.7860548289612503,1.804307945917889,0.5254235154239367,5,5,0.039285714285714285,0.015384615384615385,0.2,,,1,0.7875257330948101
GSE228421,LAG3,Stromal,tissue_inflammation_psoriasis,-1.0931717728993042,0.15088118629678335,-1.3888988980409995,-0.7974446477576089,0.0019262009972970489,5,5,0.030321156651826553,0.015373032345468945,0.0,,,1,0.05410112366321276
GSE228421,LAG3,T_cell,tissue_inflammation_psoriasis,2.0702624722824092,0.6967270211898234,0.7046775107503553,3.4358474338144633,0.0410867964255331,5,5,0.029104560128182178,0.08112418197557517,0.8,,,1,0.2550109726945763
GSE228421,MICA,B_cell,tissue_inflammation_psoriasis,-1.3264828890493887,0.9718788764616897,-3.2313654869143003,0.578399708815523,0.2440274015128939,5,5,0.0692814141190401,0.053501918136064475,0.2,,,1,0.5289989979105015
GSE228421,MICA,Endothelial,tissue_inflammation_psoriasis,-0.2437102922367173,0.06818940700615012,-0.37736152996877154,-0.11005905450466308,0.023291839974544523,5,5,0.10190920692813484,0.08677417304684883,0.0,,,1,0.20944742567313915
GSE228421,MICA,Epithelial,tissue_inflammation_psoriasis,0.5211843054928924,0.11209623251577387,0.3014756897619756,0.7408929212238092,0.009665526562880016,5,5,0.0533080561933415,0.08126369083094782,1.0,,,1,0.13284957786426574
GSE228421,MICA,Mast_cell,tissue_inflammation_psoriasis,-1.4002521106251833,0.736750159257053,-2.844282422769007,0.043778201518640536,0.1301518558276819,5,5,0.05819232288951355,0.017740591332900152,0.0,,,1,0.4082486428598176
GSE228421,MICA,Myeloid,tissue_inflammation_psoriasis,-0.2879706563158614,0.2006474515564552,-0.6812396613665135,0.10529834873479077,0.2245561272041548,5,5,0.051439427835196505,0.03947769253062221,0.4,,,1,0.5002181316340828
GSE228421,MICA,NK_cell,tissue_inflammation_psoriasis,-1.0660726608318523,0.6878355521402881,-2.414230343026817,0.28208502136311253,0.19609880859151604,5,5,0.038947678748758686,0.01803713527851459,0.0,,,1,0.47445629344613993
GSE228421,MICA,Plasma_cell,tissue_inflammation_psoriasis,1.56277646858239,0.973993602330979,-0.3462509919863288,3.4718039291511085,0.18387113913005743,5,5,0.0,0.04205128205128205,0.4,,,1,0.4670265325095587
GSE228421,MICA,Stromal,tissue_inflammation_psoriasis,-0.3041381929105266,0.12731699601668992,-0.5536795051032388,-0.05459688071781435,0.07526366651976854,5,5,0.10422556863487811,0.10741250352398304,0.2,,,1,0.33277121391788345
GSE228421,MICA,T_cell,tissue_inflammation_psoriasis,-0.1736240200172368,0.798201322409953,-1.7380986119407447,1.3908505719062711,0.8384490612903372,5,5,0.029337594062003515,0.024617376087964323,0.2,,,1,1.0
GSE228421,MICB,B_cell,tissue_inflammation_psoriasis,-0.9175509505705112,1.5125284025242398,-3.882106619518021,2.047004718376999,0.5768392434134054,5,5,0.03908553434869224,0.035863865132157814,0.4,,,1,0.8317815876005802
GSE228421,MICB,Endothelial,tissue_inflammation_psoriasis,-0.10513903466662917,0.20129046489310698,-0.49966834585711883,0.2893902765238605,0.6290362860141673,5,5,0.028914602130850377,0.029539981644466484,0.4,,,1,0.8720570498515083
GSE228421,MICB,Epithelial,tissue_inflammation_psoriasis,0.3491072186313451,0.04525058153906906,0.26041607881476975,0.4377983584479204,0.0015193926264540471,5,5,0.006334230985053539,0.012097717326656179,1.0,,,1,0.04805925561663423
GSE228421,MICB,Mast_cell,tissue_inflammation_psoriasis,0.38835106399733343,0.459720270854073,-0.5127006668766497,1.2894027948713167,0.44581292533516104,5,5,0.009934387006510486,0.009927639825274762,0.4,,,1,0.7024271945524733
GSE228421,MICB,Myeloid,tissue_inflammation_psoriasis,-0.09792402879228952,0.15234707978622167,-0.39652430517328396,0.20067624758870495,0.5553653420447547,5,5,0.04855287690778261,0.044805392392236756,0.6,,,1,0.8172346491136937
GSE228421,MICB,NK_cell,tissue_inflammation_psoriasis,0.6577490226367182,1.635842179846753,-2.5485016498629176,3.863999695136354,0.708179684536191,5,5,0.023777308838133067,0.0483513402773285,0.6,,,1,0.9443227267760844
GSE228421,MICB,Plasma_cell,tissue_inflammation_psoriasis,-0.877678734403298,0.877678734403298,-2.597929053833762,0.8425715850271661,0.37390096630005887,5,5,0.025,0.0,0.0,,,1,0.6241344295344653
GSE228421,MICB,Stromal,tissue_inflammation_psoriasis,0.5117504793166179,0.07954325830955881,0.3558456930298826,0.6676552656033532,0.003002136244903774,5,5,0.02011947104688288,0.04331317553331558,1.0,,,1,0.07459153900799377
GSE228421,MICB,T_cell,tissue_inflammation_psoriasis,1.230086709849892,0.618226109270752,0.018363535679218224,2.4418098840205658,0.11749047005596541,5,5,0.03770130085090715,0.07110021901043573,1.0,,,1,0.40371725349017906
GSE228421,MS4A1,B_cell,tissue_inflammation_psoriasis,2.084344461868727,1.4510213117442925,-0.7596573091500862,4.92834623288754,0.22422184508846724,5,5,0.010256410256410256,0.04775413711583924,0.4,,,1,0.5002181316340828
GSE228421,MS4A1,Endothelial,tissue_inflammation_psoriasis,-0.1095888780348628,0.06922645411931307,-0.24527272810871642,0.02609497203899082,0.18857852512297602,5,5,0.000429691101890272,0.0,0.0,,,1,0.4670265325095587
GSE228421,MS4A1,Epithelial,tissue_inflammation_psoriasis,0.13382689830839625,0.08247818160448679,-0.02783033763639786,0.29548413425319037,0.18000098058737088,5,5,0.00024507478135900654,0.0005725405160511314,0.6,,,1,0.46102696646713365
GSE228421,MS4A1,Mast_cell,tissue_inflammation_psoriasis,0.0,1e-08,-1.96e-08,1.96e-08,1.0,5,5,0.0,0.0,0.0,,,1,1.0
GSE228421,MS4A1,Myeloid,tissue_inflammation_psoriasis,0.14952474603733973,0.06504766456204171,0.02203132349573797,0.27701816857894146,0.08305819121728848,5,5,0.0,0.0006803637037977445,0.6,,,1,0.33959235143271116
GSE228421,MS4A1,NK_cell,tissue_inflammation_psoriasis,-0.19811993569860942,1.0605788989282714,-2.276854577598021,1.8806147062008023,0.860906605374115,5,5,0.013651315789473683,0.007294429708222812,0.2,,,1,1.0
GSE228421,MS4A1,Plasma_cell,tissue_inflammation_psoriasis,-0.9965711252297471,1.0651370536906646,-3.08423975046345,1.0910975000039553,0.40243448206366217,5,5,0.05714285714285714,0.008888888888888889,0.2,,,1,0.6586446037898149
GSE228421,MS4A1,Stromal,tissue_inflammation_psoriasis,0.06363924493509795,0.0821697082976998,-0.09741338332839367,0.22469187319858958,0.48187622469237945,5,5,0.00015879317189360857,0.00024411143512063005,0.4,,,1,0.7411715265506599
GSE228421,MS4A1,T_cell,tissue_inflammation_psoriasis,-1.018232981397217,0.6434142531064528,-2.2793249174858645,0.24285895469143037,0.18869028635448115,5,5,0.005311768461374761,0.0,0.0,,,1,0.4670265325095587
GSE228421,PDCD1,B_cell,tissue_inflammation_psoriasis,-0.6981795257404599,1.3730772865763399,-3.389411007430086,1.9930519559491662,0.6378793924211726,5,5,0.01565452091767881,0.008446837715130398,0.4,,,1,0.8784666834446618
GSE228421,PDCD1,Endothelial,tissue_inflammation_psoriasis,0.010570744769505702,0.1423646851854285,-0.26846403819393416,0.28960552773294557,0.9443754915092237,5,5,0.0007722007722007722,0.000728684485590563,0.2,,,1,1.0
GSE228421,PDCD1,Epithelial,tissue_inflammation_psoriasis,-0.060083848186564134,0.10533704472701451,-0.26654445585151254,0.1463767594783843,0.5989217233457457,5,5,0.002396191387852693,0.001488820464922936,0.6,,,1,0.8522102054655324
GSE228421,PDCD1,Mast_cell,tissue_inflammation_psoriasis,0.185656189445271,0.185656189445271,-0.17822994186746016,0.5495423207580021,0.37390096630005887,5,5,0.0,0.00030257186081694405,0.2,,,1,0.6241344295344653
GSE228421,PDCD1,Myeloid,tissue_inflammation_psoriasis,-0.11604148390747057,0.18500368747769785,-0.4786487113637583,0.2465657435488172,0.5645268728237527,5,5,0.00527016705320534,0.0041231493260711505,0.4,,,1,0.8215776518200737
GSE228421,PDCD1,NK_cell,tissue_inflammation_psoriasis,1.8661869649885894,1.360468199485493,-0.8003307060029767,4.5327046359801555,0.2420572176229418,5,5,0.042334905660377356,0.061232543738851564,0.8,,,1,0.5264948235165671
GSE228421,PDCD1,Plasma_cell,tissue_inflammation_psoriasis,-1.185336951676069,1.1853369516760688,-3.5085973769611636,1.1379234736090256,0.37390096630005887,5,5,0.075,0.0,0.0,,,1,0.6241344295344653
GSE228421,PDCD1,Stromal,tissue_inflammation_psoriasis,-0.075242969670768,0.0839108152378435,-0.23970816753694124,0.08922222819540525,0.42056798301119247,5,5,0.0010420020145506747,0.0010811600294604602,0.2,,,1,0.6758381020528118
GSE228421,PDCD1,T_cell,tissue_inflammation_psoriasis,0.8954271305490392,0.5066904927770685,-0.09768623529401499,1.8885404963920935,0.15193370169534026,5,5,0.0466023729015855,0.08135552957534381,0.6,,,1,0.4337509866726756
GSE228421,PDCD1LG2,B_cell,tissue_inflammation_psoriasis,0.0,1e-08,-1.96e-08,1.96e-08,1.0,5,5,0.0,0.0,0.0,,,1,1.0
GSE228421,PDCD1LG2,Endothelial,tissue_inflammation_psoriasis,0.3902888083680058,0.2305221940773235,-0.061534692023548276,0.8421123087595599,0.16569658317111152,5,5,0.007628444796540991,0.012539808264416502,0.8,,,1,0.4483120728144521
GSE228421,PDCD1LG2,Epithelial,tissue_inflammation_psoriasis,0.4711141701155066,0.07770994756916744,0.31880267287993846,0.6234256673510747,0.0037377860544303637,5,5,0.001577376152512741,0.007301677890490505,1.0,,,1,0.08326240659179363
GSE228421,PDCD1LG2,Mast_cell,tissue_inflammation_psoriasis,0.1623397743100085,0.5527560660914084,-0.9210621152291518,1.245741663849169,0.783601925299434,5,5,0.002786493351262513,0.003122136799556154,0.6,,,1,1.0
GSE228421,PDCD1LG2,Myeloid,tissue_inflammation_psoriasis,0.18139809052001504,0.28594736244500424,-0.37905873987219324,0.7418549209122234,0.5603039623395552,5,5,0.02952626671497524,0.03175683684754181,0.6,,,1,0.8207627203432032
GSE228421,PDCD1LG2,NK_cell,tissue_inflammation_psoriasis,0.0,1e-08,-1.96e-08,1.96e-08,1.0,5,5,0.0,0.0,0.0,,,1,1.0
GSE228421,PDCD1LG2,Plasma_cell,tissue_inflammation_psoriasis,0.0,1e-08,-1.96e-08,1.96e-08,1.0,5,5,0.0,0.0,0.0,,,1,1.0
GSE228421,PDCD1LG2,Stromal,tissue_inflammation_psoriasis,0.15320499112803407,0.06902434785067685,0.017917269340707448,0.2884927129153607,0.09065468440628817,5,5,0.015776776163367354,0.023745176621051137,0.8,,,1,0.35467400324585074
GSE228421,PDCD1LG2,T_cell,tissue_inflammation_psoriasis,0.0,1e-08,-1.96e-08,1.96e-08,1.0,5,5,0.0,0.0,0.0,,,1,1.0
GSE228421,SIGLEC1,B_cell,tissue_inflammation_psoriasis,0.5314879287934453,0.5314879287934452,-0.5102284116417073,1.573204269228598,0.37390096630005887,5,5,0.0,0.00425531914893617,0.2,,,1,0.6241344295344653
GSE228421,SIGLEC1,Endothelial,tissue_inflammation_psoriasis,0.04903260865069207,0.18708393525292977,-0.31765190444505026,0.41571712174643444,0.8061965494593806,5,5,0.0007370227370227369,0.0009600605102853979,0.4,,,1,1.0
GSE228421,SIGLEC1,Epithelial,tissue_inflammation_psoriasis,0.19273735691163296,0.10810405410575928,-0.01914658913565523,0.4046213029589212,0.1491814911151294,5,5,0.0013350050423891085,0.0035402322236847846,1.0,,,1,0.4337509866726756
GSE228421,SIGLEC1,Mast_cell,tissue_inflammation_psoriasis,0.0,1e-08,-1.96e-08,1.96e-08,1.0,5,5,0.0,0.0,0.0,,,1,1.0
GSE228421,SIGLEC1,Myeloid,tissue_inflammation_psoriasis,0.11563685359279745,0.19486585684288932,-0.2663002258192656,0.4975739330048605,0.5848300456567305,5,5,0.07816086458161357,0.08210705024628098,0.6,,,1,0.8395560210983286
GSE228421,SIGLEC1,NK_cell,tissue_inflammation_psoriasis,0.6167497322592131,0.6167497322592131,-0.5920797429688446,1.8255792074872708,0.37390096630005887,5,5,0.0,0.0047619047619047615,0.2,,,1,0.6241344295344653
GSE228421,SIGLEC1,Plasma_cell,tissue_inflammation_psoriasis,0.0,1e-08,-1.96e-08,1.96e-08,1.0,5,5,0.0,0.0,0.0,,,1,1.0
GSE228421,SIGLEC1,Stromal,tissue_inflammation_psoriasis,0.5437103338103972,0.21365058885683522,0.12495517965100023,0.9624654879697943,0.06365175427051425,5,5,0.0014128874806370226,0.004427665832378519,0.8,,,1,0.3139431284783716
GSE228421,SIGLEC1,T_cell,tissue_inflammation_psoriasis,0.7108608598955991,0.4383314371341707,-0.1482687568873755,1.5699904766785737,0.18017699498890516,5,5,0.0,0.003504991740285858,0.4,,,1,0.46102696646713365
GSE228421,TIGIT,B_cell,tissue_inflammation_psoriasis,-0.8169496850917843,1.7848091097652425,-4.31517554023166,2.681276170048091,0.6709109336500679,5,5,0.03974680290469764,0.020921985815602836,0.2,,,1,0.9105219813822351
GSE228421,TIGIT,Endothelial,tissue_inflammation_psoriasis,0.02113853561311203,0.2798257236839426,-0.5273198828074154,0.5695969540336395,0.9434109147968556,5,5,0.0012370699092690792,0.001168063421051971,0.6,,,1,1.0
GSE228421,TIGIT,Epithelial,tissue_inflammation_psoriasis,0.17303766810805957,0.15070827152386385,-0.12235054407871357,0.4684258802948327,0.314896965700501,5,5,0.003193635682652242,0.003904056845073109,0.8,,,1,0.6145723258082286
GSE228421,TIGIT,Mast_cell,tissue_inflammation_psoriasis,0.0,1e-08,-1.96e-08,1.96e-08,1.0,5,5,0.0,0.0,0.0,,,1,1.0
GSE228421,TIGIT,Myeloid,tissue_inflammation_psoriasis,0.3477440807183935,0.3143165289664915,-0.2683163160559298,0.9638044774927168,0.3306321493440886,5,5,0.0019154781186968089,0.0018195786675639532,0.6,,,1,0.6241344295344653
GSE228421,TIGIT,NK_cell,tissue_inflammation_psoriasis,1.4663812044140276,1.0106048837483488,-0.5144043677327359,3.447166776560791,0.22040383003410532,5,5,0.07183465739821251,0.10007193535368472,0.8,,,1,0.49783522448262946
GSE228421,TIGIT,Plasma_cell,tissue_inflammation_psoriasis,0.666824403439376,0.6668244034393759,-0.6401514273018007,1.9738002341805527,0.37390096630005887,5,5,0.0,0.015384615384615385,0.2,,,1,0.6241344295344653
GSE228421,TIGIT,Stromal,tissue_inflammation_psoriasis,-0.012717747018758118,0.1755987111084504,-0.3568912207913209,0.3314557267538047,0.9457404831082834,5,5,0.0014356509386171438,0.0018158160218800657,0.6,,,1,1.0
GSE228421,TIGIT,T_cell,tissue_inflammation_psoriasis,2.0747207266437364,0.9250982050304871,0.26152824478398173,3.887913208503491,0.08835670269841422,5,5,0.11882613772377551,0.30583287541491877,1.0,,,1,0.35233598730355303
GSE228421,TNFRSF12A,B_cell,tissue_inflammation_psoriasis,0.2817518966329019,0.5562440630526198,-0.8084864669502329,1.3719902602160365,0.6391321071501409,5,5,0.0571699775899104,0.07176865399491242,0.6,,,1,0.8784666834446618
GSE228421,TNFRSF12A,Endothelial,tissue_inflammation_psoriasis,-0.4732136774304737,0.1690253079439557,-0.804503281000627,-0.14192407386032052,0.048828386894181446,5,5,0.13236018383448175,0.10121318416159897,0.0,,,1,0.27349593060935024
GSE228421,TNFRSF12A,Epithelial,tissue_inflammation_psoriasis,0.01491039105216876,0.38042038906221637,-0.7307135715097753,0.7605343536141128,0.970613521065512,5,5,0.1582447081044968,0.16666582359622087,0.6,,,1,1.0
GSE228421,TNFRSF12A,Mast_cell,tissue_inflammation_psoriasis,0.25971990155053754,0.42262183196225794,-0.568618889095488,1.0880586921965631,0.5720911901815922,5,5,0.03557755362082059,0.02693388107435433,0.6,,,1,0.8286343247921717
GSE228421,TNFRSF12A,Myeloid,tissue_inflammation_psoriasis,-1.3939807912788829,0.1300068475249398,-1.6487942124277648,-1.139167370130001,0.0004287619755878893,5,5,0.16550284695303857,0.07495733074134427,0.0,,,1,0.041803994091261516
GSE228421,TNFRSF12A,NK_cell,tissue_inflammation_psoriasis,-0.3866470970402527,1.0490910143201817,-2.442865485107809,1.6695712910273035,0.731137220709662,5,5,0.07503258440913604,0.03386876650123076,0.2,,,1,0.956102519389558
GSE228421,TNFRSF12A,Plasma_cell,tissue_inflammation_psoriasis,-0.6646935069564995,1.937627660548062,-4.4624437216307005,3.1330567077177016,0.7488350763197147,5,5,0.10357142857142856,0.02222222222222222,0.4,,,1,0.9717134843906431
GSE228421,TNFRSF12A,Stromal,tissue_inflammation_psoriasis,-0.13642578463817473,0.25290373185594156,-0.6321170990758203,0.35926552979947074,0.6182107281957736,5,5,0.223843741466281,0.25148479102203736,0.2,,,1,0.8644245247066444
GSE228421,TNFRSF12A,T_cell,tissue_inflammation_psoriasis,-1.6060418587542185,0.6555552679697667,-2.8909301839749615,-0.32115353353347564,0.07045321464150071,5,5,0.08012402092511643,0.02964118784552221,0.0,,,1,0.3205125116789399
GSE228421,TNFRSF17,B_cell,tissue_inflammation_psoriasis,0.0,1e-08,-1.96e-08,1.96e-08,1.0,5,5,0.0,0.0,0.0,,,1,1.0
GSE228421,TNFRSF17,Endothelial,tissue_inflammation_psoriasis,0.0,1e-08,-1.96e-08,1.96e-08,1.0,5,5,0.0,0.0,0.0,,,1,1.0
GSE228421,TNFRSF17,Epithelial,tissue_inflammation_psoriasis,-0.012042036772090958,0.0048370994546449875,-0.021522751703195134,-0.002561321840986782,0.06751939097427664,5,5,0.00013987063505930744,2.5637738751442122e-05,0.0,,,1,0.31984419318885937
GSE228421,TNFRSF17,Mast_cell,tissue_inflammation_psoriasis,0.0,1e-08,-1.96e-08,1.96e-08,1.0,5,5,0.0,0.0,0.0,,,1,1.0
GSE228421,TNFRSF17,Myeloid,tissue_inflammation_psoriasis,0.0,1e-08,-1.96e-08,1.96e-08,1.0,5,5,0.0,0.0,0.0,,,1,1.0
GSE228421,TNFRSF17,NK_cell,tissue_inflammation_psoriasis,0.0,1e-08,-1.96e-08,1.96e-08,1.0,5,5,0.0,0.0,0.0,,,1,1.0
GSE228421,TNFRSF17,Plasma_cell,tissue_inflammation_psoriasis,0.5617738984372201,0.3446320723249471,-0.11370496331967617,1.2372527601941163,0.1784205639482708,5,5,0.04285714285714286,0.06888888888888889,0.4,,,1,0.46102696646713365
GSE228421,TNFRSF17,Stromal,tissue_inflammation_psoriasis,0.01245085526338375,0.015009072543596581,-0.01696692692206555,0.04186863744883305,0.4534269675459791,5,5,5.64652738565782e-05,0.00017167945094447994,0.4,,,1,0.709234433498069
GSE228421,TNFRSF17,T_cell,tissue_inflammation_psoriasis,0.0,1e-08,-1.96e-08,1.96e-08,1.0,5,5,0.0,0.0,0.0,,,1,1.0
GSE228421,TNFRSF18,B_cell,tissue_inflammation_psoriasis,-5.0155624684711215,0.9034777749446796,-6.7863789073626934,-3.2447460295795496,0.005152102733749105,5,5,0.1381111124784137,0.006852721746338768,0.0,,,1,0.08820150985026101
GSE228421,TNFRSF18,Endothelial,tissue_inflammation_psoriasis,0.025637722917442752,0.19286493873258756,-0.3523775569984288,0.40365300283331434,0.9006671072954905,5,5,0.009898750794189401,0.00791631390684575,0.4,,,1,1.0
GSE228421,TNFRSF18,Epithelial,tissue_inflammation_psoriasis,-1.2922141559460587,0.12223213311487287,-1.5317891368512095,-1.0526391750409079,0.000452984456097261,5,5,0.28280703736947754,0.1363392335303651,0.0,,,1,0.041803994091261516
GSE228421,TNFRSF18,Mast_cell,tissue_inflammation_psoriasis,0.9544787578853207,0.46694277399067396,0.039270920863599734,1.8696865949070416,0.11042758444912422,5,5,0.021681057108676145,0.027585414589038133,1.0,,,1,0.38607979626961175
GSE228421,TNFRSF18,Myeloid,tissue_inflammation_psoriasis,-0.34947676325682525,0.26369188443401226,-0.8663128567474894,0.1673593302338388,0.25569532437433107,5,5,0.13081558213334818,0.11310049642235745,0.2,,,1,0.5433525642954535
GSE228421,TNFRSF18,NK_cell,tissue_inflammation_psoriasis,-0.5948879487757412,0.5633743206152301,-1.6991016171815922,0.5093257196301098,0.350552071204393,5,5,0.4961602118503807,0.5240795509508713,0.2,,,1,0.6241344295344653
GSE228421,TNFRSF18,Plasma_cell,tissue_inflammation_psoriasis,-2.4010626840571354,2.0245691740149496,-6.369218265126436,1.5670928970121656,0.3012703223275908,5,5,0.17976190476190473,0.037606837606837605,0.2,,,1,0.5988327022265344
GSE228421,TNFRSF18,Stromal,tissue_inflammation_psoriasis,-0.21221287699210048,0.31155688964620215,-0.8228643806986566,0.39843862671445573,0.533175560526959,5,5,0.03371356048010545,0.039414987672412465,0.4,,,1,0.7972949354176285
GSE228421,TNFRSF18,T_cell,tissue_inflammation_psoriasis,0.9256135430507859,0.13520559052736564,0.6606105856171492,1.1906165004844227,0.0023824747580783244,5,5,0.3891642667267453,0.6333329553143795,1.0,,,1,0.06412827890494156
GSE228421,TNFRSF4,B_cell,tissue_inflammation_psoriasis,-2.239805836176263,1.288669848842615,-4.765598739907788,0.28598706755526226,0.15719119731996478,5,5,0.053610759030691846,0.015986089675762743,0.2,,,1,0.4376961787443847
GSE228421,TNFRSF4,Endothelial,tissue_inflammation_psoriasis,0.4521933037921064,0.2618738393138155,-0.061079421262971945,0.9654660288471848,0.15928507520428872,5,5,0.015869824821261664,0.02348328425532453,0.6,,,1,0.4413265208148144
GSE228421,TNFRSF4,Epithelial,tissue_inflammation_psoriasis,0.7028386276076624,0.2276116831545172,0.25671972862480863,1.148957526590516,0.036649563167150116,5,5,0.007356353817505289,0.015617323432368723,1.0,,,1,0.24058551515653037
GSE228421,TNFRSF4,Mast_cell,tissue_inflammation_psoriasis,1.4032463847623888,0.6998894493008848,0.03146306413265454,2.7750297053921233,0.1154616951512983,5,5,0.013127045488243111,0.020744361775296087,1.0,,,1,0.39886767415903046
GSE228421,TNFRSF4,Myeloid,tissue_inflammation_psoriasis,0.14531400248864718,0.5586720665227171,-0.9496832478958781,1.2403112528731726,0.8076220886589008,5,5,0.16304766001531762,0.17340261510493726,0.2,,,1,1.0
GSE228421,TNFRSF4,NK_cell,tissue_inflammation_psoriasis,2.239476732036079,1.4857829364870074,-0.6726578234784553,5.1516112875506135,0.20622098677054254,5,5,0.06200037239324727,0.12020690271321052,0.6,,,1,0.4879807965339578
GSE228421,TNFRSF4,Plasma_cell,tissue_inflammation_psoriasis,0.20687031426848018,1.8607981433359793,-3.440294046670039,3.854034675206999,0.916834327895982,5,5,0.025,0.04,0.2,,,1,1.0
GSE228421,TNFRSF4,Stromal,tissue_inflammation_psoriasis,0.20819080178706634,0.36884102882716807,-0.5147376147141831,0.9311192182883157,0.6025991657091126,5,5,0.007769539161833936,0.00915704867793098,0.8,,,1,0.8536821514212429
GSE228421,TNFRSF4,T_cell,tissue_inflammation_psoriasis,1.9738135646578676,0.24787031811553137,1.4879877411514262,2.4596393881643093,0.0013473833277794962,5,5,0.16139846600647695,0.34785506031636065,1.0,,,1,0.04805925561663423
GSE228421,TNFRSF9,B_cell,tissue_inflammation_psoriasis,-2.7272129646740106,0.9910581067498941,-4.669686853903803,-0.7847390754442181,0.05127847973858613,5,5,0.07142529673884657,0.011730770526826573,0.0,,,1,0.2807279483993783
GSE228421,TNFRSF9,Endothelial,tissue_inflammation_psoriasis,0.6920092245749396,0.2918880551586663,0.11990863646395378,1.2641098126859256,0.07675373200273163,5,5,0.009551963877382181,0.021687944865786835,0.8,,,1,0.33277121391788345
GSE228421,TNFRSF9,Epithelial,tissue_inflammation_psoriasis,0.4359974975339241,0.08156957483181032,0.27612113086357587,0.5958738642042722,0.005905029982231604,5,5,0.004539778521913808,0.009006088954299529,1.0,,,1,0.09304022850052723
GSE228421,TNFRSF9,Mast_cell,tissue_inflammation_psoriasis,3.3207810026358318,0.6113758339175008,2.1224843681575303,4.519077637114133,0.005573764829009825,5,5,0.014652740013832355,0.06780539537223569,1.0,,,1,0.09001630198850868
GSE228421,TNFRSF9,Myeloid,tissue_inflammation_psoriasis,0.8547865139987498,0.23602667489852958,0.3921742311976319,1.3173987967998677,0.02232613435615237,5,5,0.08139970843408216,0.14510274087582659,1.0,,,1,0.2090243883199193
GSE228421,TNFRSF9,NK_cell,tissue_inflammation_psoriasis,2.0068573766750673,1.2831916585301923,-0.5081982740441098,4.521913027394245,0.1928719859817606,5,5,0.10530970705064549,0.16202552703814269,0.8,,,1,0.4684033945271329
GSE228421,TNFRSF9,Plasma_cell,tissue_inflammation_psoriasis,0.666824403439376,0.6668244034393759,-0.6401514273018007,1.9738002341805527,0.37390096630005887,5,5,0.0,0.015384615384615385,0.2,,,1,0.6241344295344653
GSE228421,TNFRSF9,Stromal,tissue_inflammation_psoriasis,0.5352334063544109,0.12904345632268546,0.2823082319619474,0.7881585807468743,0.01428693031310025,5,5,0.0036236255068238994,0.008452044336118701,1.0,,,1,0.17091401819005114
GSE228421,TNFRSF9,T_cell,tissue_inflammation_psoriasis,1.0165349324408344,0.4366628061825267,0.16067583232308214,1.8723940325585866,0.08043138230334193,5,5,0.12032981090837988,0.2577323605187382,0.8,,,1,0.3347321084441479
GSE228421,VCAM1,B_cell,tissue_inflammation_psoriasis,-1.4650977832996261,0.9353582661742159,-3.2983999850010894,0.36820441840183693,0.1923286510936119,5,5,0.03559257527342634,0.016893675430260796,0.2,,,1,0.4684033945271329
GSE228421,VCAM1,Endothelial,tissue_inflammation_psoriasis,-0.0037373984653806145,0.25502798738227694,-0.5035922537346434,0.4961174568038822,0.9890093496443634,5,5,0.10237857595925148,0.11189411250920686,0.4,,,1,1.0
GSE228421,VCAM1,Epithelial,tissue_inflammation_psoriasis,0.07613628200326664,0.1459032351498129,-0.20983405889036663,0.3621066228968999,0.6293528640770061,5,5,0.015248460316848091,0.018915873594241704,0.6,,,1,0.8720570498515083
GSE228421,VCAM1,Mast_cell,tissue_inflammation_psoriasis,0.2131949952920919,0.5542544892646223,-0.8731438036665677,1.2995337942507517,0.720071422425426,5,5,0.008798029346196765,0.00987881680870981,0.6,,,1,0.950212310703208
GSE228421,VCAM1,Myeloid,tissue_inflammation_psoriasis,-0.06868749245742607,0.3213240298609018,-0.6984825909847936,0.5611076060699414,0.8411851969292545,5,5,0.014932610469442314,0.020806493489680465,0.4,,,1,1.0
GSE228421,VCAM1,NK_cell,tissue_inflammation_psoriasis,-1.2605509052621282,1.4965616139960511,-4.193811668694389,1.672709858170132,0.44703677889363647,5,5,0.015064858490566038,0.0038461538461538464,0.2,,,1,0.7026417497938909
GSE228421,VCAM1,Plasma_cell,tissue_inflammation_psoriasis,-1.174200241483834,1.174200241483834,-3.475632714792148,1.1272322318244805,0.37390096630005887,5,5,0.03333333333333333,0.0,0.0,,,1,0.6241344295344653
GSE228421,VCAM1,Stromal,tissue_inflammation_psoriasis,0.1490448041424269,0.15467334333080546,-0.1541149487859518,0.45220455707080565,0.38980962483917203,5,5,0.2633422977905099,0.3675267074765892,0.6,,,1,0.6456846606310388
GSE228421,VCAM1,T_cell,tissue_inflammation_psoriasis,1.8576737271354244,0.7863004594873578,0.3165248265402032,3.3988226277306457,0.07744727124854303,5,5,0.0,0.022231603965350094,0.6,,,1,0.333539581510392
