target,cell_type,stimulus,inducibility_lfc,inducibility_se,ci_low,ci_high,tau2,q,i2,n_studies,total_pairs,min_q_value,positive_fraction_activated,positive_fraction_resting,adt_estimate,adt_n_studies,protein_concordance,relevant_stimulus,evidence_class,abstention_reasons
CCR2,Myeloid,IFN_I_18h,-3.8395815839137146,0.4144126727235257,-4.651830422451825,-3.0273327453756043,,,,1.0,3,0.04103941673074293,0.011363636363636364,0.1846865797223391,-1.2407508265608946,1.0,CONCORDANT,True,INSUFFICIENT,['NO_EVIDENCE_CLASS_THRESHOLD_MET']
CD19,B_cell,IFN_II_1h,1.2765630399219834,0.3235803683763912,0.6423455179042566,1.9107805619397102,,,,1.0,3,0.15965146831044544,0.3392857142857143,0.10027855153203342,,,UNAVAILABLE,True,C,[]
CD19,B_cell,IFN_II_6h,-0.4039959567784634,0.7580654604052592,-1.8898042591727715,1.0818123456158446,,,,1.0,3,0.8385945336459427,0.4189189189189189,0.2,,,UNAVAILABLE,True,INSUFFICIENT,['NO_EVIDENCE_CLASS_THRESHOLD_MET']
CD19,B_cell,TLR_1h,0.10458007633523692,0.6180500351305516,-1.1067979925206441,1.315958145191118,,,,1.0,4,1.0,0.12666666666666668,0.10027855153203342,,,UNAVAILABLE,True,INSUFFICIENT,['NO_EVIDENCE_CLASS_THRESHOLD_MET']
CD19,B_cell,TLR_6h,-0.8516674612343821,0.538042246674812,-1.9062302647170135,0.20289534224824946,,,,1.0,4,0.43365653564160306,0.18876404494382024,0.2,,,UNAVAILABLE,True,INSUFFICIENT,['NO_EVIDENCE_CLASS_THRESHOLD_MET']
CD19,Myeloid,IFN_II_1h,1.1201782269335216,1.1201782269335216,-1.0753710978561808,3.3157275517232243,,,,1.0,3,0.6234964436910937,0.006896551724137931,0.0012048192771084338,,,UNAVAILABLE,True,INSUFFICIENT,['NO_EVIDENCE_CLASS_THRESHOLD_MET']
CD19,Myeloid,IFN_II_6h,0.7432521888514297,2.4671004059325194,-4.092264606776308,5.578768984479168,,,,1.0,3,0.9616814655253042,0.003115264797507788,0.006289308176100629,,,UNAVAILABLE,True,INSUFFICIENT,['NO_EVIDENCE_CLASS_THRESHOLD_MET']
CD19,Myeloid,IFN_I_18h,-0.10399602122837782,0.14136138258526657,-0.38106433109550025,0.17307228863874463,,,,1.0,3,0.7363260461961547,0.0011755485893416929,0.0012620950778291964,,,UNAVAILABLE,True,INSUFFICIENT,['NO_EVIDENCE_CLASS_THRESHOLD_MET']
CD19,Myeloid,TLR_1h,-0.37994145583404965,0.37994145583404965,-1.124626709268787,0.3647437976006876,,,,1.0,4,0.6234964436910937,0.0,0.0012048192771084338,,,UNAVAILABLE,True,INSUFFICIENT,['NO_EVIDENCE_CLASS_THRESHOLD_MET']
CD19,Myeloid,TLR_6h,0.41617312075485446,0.5975486032507319,-0.7550221416165801,1.587368383126289,,,,1.0,4,0.7355472154764566,0.01568627450980392,0.006289308176100629,,,UNAVAILABLE,True,INSUFFICIENT,['NO_EVIDENCE_CLASS_THRESHOLD_MET']
CD19,NK_cell,IFN_II_1h,-0.9742161888257719,0.9742161888257719,-2.883679918924285,0.935247541272741,,,,1.0,3,0.6234964436910937,0.0,0.002145922746781116,,,UNAVAILABLE,True,INSUFFICIENT,['NO_EVIDENCE_CLASS_THRESHOLD_MET']
CD19,NK_cell,IFN_II_6h,1.4901103404385383,1.4901103404385385,-1.430505926820997,4.410726607698074,,,,1.0,3,0.6234964436910937,0.006944444444444444,0.0,,,UNAVAILABLE,True,INSUFFICIENT,['NO_EVIDENCE_CLASS_THRESHOLD_MET']
CD19,NK_cell,TLR_1h,0.22651146217542928,1.384303248267506,-2.4867229044288823,2.939745828779741,,,,1.0,4,1.0,0.0021008403361344537,0.002145922746781116,,,UNAVAILABLE,False,INSUFFICIENT,['NO_RELEVANT_STIMULUS_COVERAGE']
CD19,NK_cell,TLR_6h,0.4864370659496306,0.48643706594963054,-0.4669795833116453,1.4398537152109065,,,,1.0,4,0.6234964436910937,0.0018796992481203006,0.0,,,UNAVAILABLE,False,INSUFFICIENT,['NO_RELEVANT_STIMULUS_COVERAGE']
CD19,T_cell,IFN_II_1h,0.5495213987538591,0.5495213987538592,-0.5275405428037049,1.6265833403114232,,,,1.0,3,0.6234964436910937,0.0015408320493066256,0.0008032128514056225,,,UNAVAILABLE,True,INSUFFICIENT,['NO_EVIDENCE_CLASS_THRESHOLD_MET']
CD19,T_cell,IFN_II_6h,-0.4127485589278879,0.8598070645095703,-2.0979704053666457,1.27247328751087,,,,1.0,3,0.8640833197329505,0.0019880715705765406,0.0011025358324145535,,,UNAVAILABLE,True,INSUFFICIENT,['NO_EVIDENCE_CLASS_THRESHOLD_MET']
CD19,T_cell,TLR_1h,0.46094872949487437,0.875096005469995,-1.2542394412263158,2.1761369002160644,,,,1.0,4,0.827759905327014,0.0036036036036036037,0.0008032128514056225,,,UNAVAILABLE,False,INSUFFICIENT,['NO_RELEVANT_STIMULUS_COVERAGE']
CD19,T_cell,TLR_6h,0.8211312450279173,1.0053066868619729,-1.1492698612215495,2.791532351277384,,,,1.0,4,0.6722214742346136,0.0037735849056603774,0.0011025358324145535,,,UNAVAILABLE,False,INSUFFICIENT,['NO_RELEVANT_STIMULUS_COVERAGE']
CD19,T_cell,lymphocyte_activation_12h,-0.07450935757672868,0.0360541526011164,-0.1451754966749168,-0.003843218478540536,,,,1.0,19,0.14737397856170756,0.6666666666666666,0.7619047619047619,,,UNAVAILABLE,True,INSUFFICIENT,['NO_EVIDENCE_CLASS_THRESHOLD_MET']
CD19,T_cell,lymphocyte_activation_24h,-0.011432699987224593,0.042178042077944886,-0.09410166245999657,0.07123626248554737,,,,1.0,24,0.9606133393640252,0.8461538461538461,0.7692307692307693,,,UNAVAILABLE,True,INSUFFICIENT,['NO_EVIDENCE_CLASS_THRESHOLD_MET']
CD19,T_cell,lymphocyte_activation_2h,0.06856292493917546,0.04346518254409273,-0.016628832847246283,0.1537546827255972,,,,1.0,23,0.3019710465030374,0.76,0.76,,,UNAVAILABLE,True,INSUFFICIENT,['NO_EVIDENCE_CLASS_THRESHOLD_MET']
CD19,T_cell,lymphocyte_activation_48h,0.4900467815273728,0.07468669809692645,0.3436608532573969,0.6364327097973487,,,,1.0,22,8.41108388941443e-06,1.0,0.75,,,UNAVAILABLE,True,INSUFFICIENT,['NO_EVIDENCE_CLASS_THRESHOLD_MET']
CD19,T_cell,lymphocyte_activation_4h,0.11143436798346172,0.047174867263465675,0.018971628147069,0.20389710781985443,,,,1.0,24,0.08526178036498946,0.8461538461538461,0.7692307692307693,,,UNAVAILABLE,True,INSUFFICIENT,['NO_EVIDENCE_CLASS_THRESHOLD_MET']
CD19,T_cell,lymphocyte_activation_72h,0.7206322376637112,0.051358803942127315,0.6199689819371417,0.8212954933902807,,,,1.0,24,7.080379174978104e-12,1.0,0.7692307692307693,,,UNAVAILABLE,True,C,[]
CD19,T_cell,lymphocyte_activation_8h,-0.0733608012113388,0.03309776548176297,-0.13823242155559423,-0.008489180867083376,,,,1.0,24,0.10909958010532651,0.6153846153846154,0.7692307692307693,,,UNAVAILABLE,True,INSUFFICIENT,['NO_EVIDENCE_CLASS_THRESHOLD_MET']
CD1C,Myeloid,IFN_I_18h,-2.1749423592845063,0.5613077407292196,-3.275105531113777,-1.074779187455236,,,,1.0,3,0.16344709650486686,0.01371473354231975,0.06268405553218342,0.4258566361462037,1.0,DISCORDANT,True,INSUFFICIENT,['NO_EVIDENCE_CLASS_THRESHOLD_MET']
CD274,B_cell,IFN_II_1h,-1.350947314274029,1.4142561402611302,-4.1228893491858445,1.4209947206377864,,,,1.0,3,0.6370006419070385,0.023809523809523808,0.022284122562674095,,,UNAVAILABLE,True,INSUFFICIENT,['NO_EVIDENCE_CLASS_THRESHOLD_MET']
CD274,B_cell,IFN_II_6h,-0.2565038662389945,1.5814910972625962,-3.356226416873683,2.8432186843956937,,,,1.0,3,1.0,0.02702702702702703,0.006349206349206349,,,UNAVAILABLE,True,INSUFFICIENT,['NO_EVIDENCE_CLASS_THRESHOLD_MET']
CD274,B_cell,TLR_1h,-2.5282522842518462,1.5752426621901479,-5.6157279021445365,0.5592233336408436,,,,1.0,4,0.42792667152832625,0.013333333333333334,0.022284122562674095,,,UNAVAILABLE,True,INSUFFICIENT,['NO_EVIDENCE_CLASS_THRESHOLD_MET']
CD274,B_cell,TLR_6h,4.207854810151311,1.1769584332428664,1.9010162809952926,6.514693339307328,,,,1.0,4,0.11009255438082792,0.1146067415730337,0.006349206349206349,,,UNAVAILABLE,True,B,[]
CD274,Myeloid,IFN_II_1h,3.431828167848644,0.7883012071961017,1.8867578017442848,4.976898533953004,,,,1.0,3,0.13835255355616694,0.1724137931034483,0.01566265060240964,,,UNAVAILABLE,True,C,[]
CD274,Myeloid,IFN_II_6h,3.7545907518673722,0.8648784083796451,2.059429071443268,5.4497524322914765,,,,1.0,3,0.1386288328041655,0.5763239875389408,0.05660377358490566,,,UNAVAILABLE,True,C,[]
CD274,Myeloid,IFN_I_18h,3.035159668542443,0.08407503264936604,2.8703726045496856,3.1999467325352002,,,,1.0,3,0.0032723480159313834,0.3620689655172414,0.06184265881363063,,,UNAVAILABLE,True,C,[]
CD274,Myeloid,TLR_1h,0.2416707866060417,2.1809395254605364,-4.032970683296609,4.516312256508693,,,,1.0,4,1.0,0.046875,0.01566265060240964,,,UNAVAILABLE,True,INSUFFICIENT,['NO_EVIDENCE_CLASS_THRESHOLD_MET']
CD274,Myeloid,TLR_6h,3.2085164923374627,0.506867760759914,2.2150556812480313,4.201977303426895,,,,1.0,4,0.02954526127054611,0.38823529411764707,0.05660377358490566,,,UNAVAILABLE,True,B,[]
CD274,NK_cell,IFN_II_1h,-1.200845509646063,0.9463150736458444,-3.0556230539919182,0.6539320346997921,,,,1.0,3,0.5880088781556515,0.020134228187919462,0.015021459227467811,,,UNAVAILABLE,True,INSUFFICIENT,['NO_EVIDENCE_CLASS_THRESHOLD_MET']
CD274,NK_cell,IFN_II_6h,0.3109105630865982,2.2913830070437498,-4.180200130719151,4.802021256892348,,,,1.0,3,1.0,0.013888888888888888,0.0033783783783783786,,,UNAVAILABLE,True,INSUFFICIENT,['NO_EVIDENCE_CLASS_THRESHOLD_MET']
CD274,NK_cell,TLR_1h,-0.32209030011268136,1.1036403386073346,-2.485225363783057,1.8410447635576943,,,,1.0,4,0.9606133393640252,0.025210084033613446,0.015021459227467811,,,UNAVAILABLE,False,INSUFFICIENT,['NO_RELEVANT_STIMULUS_COVERAGE']
CD274,NK_cell,TLR_6h,4.849746518003243,0.9800736891164064,2.928802087335086,6.770690948671399,,,,1.0,4,0.05430537416617902,0.06766917293233082,0.0033783783783783786,,,UNAVAILABLE,False,INSUFFICIENT,['NO_RELEVANT_STIMULUS_COVERAGE']
CD274,T_cell,IFN_II_1h,1.0801738634216553,0.5916561929435742,-0.0794722747477501,2.2398200015910605,,,,1.0,3,0.43228206445508177,0.04160246533127889,0.007228915662650603,,,UNAVAILABLE,True,INSUFFICIENT,['NO_EVIDENCE_CLASS_THRESHOLD_MET']
CD274,T_cell,IFN_II_6h,2.2435966013978543,1.305053264142347,-0.31430779632114536,4.801500999116854,,,,1.0,3,0.457023454252218,0.04970178926441352,0.005512679162072767,,,UNAVAILABLE,True,INSUFFICIENT,['NO_EVIDENCE_CLASS_THRESHOLD_MET']
CD274,T_cell,TLR_1h,0.4743215143899466,0.8245289994114073,-1.1417553244564118,2.090398353236305,,,,1.0,4,0.8005990917906619,0.026126126126126126,0.007228915662650603,,,UNAVAILABLE,False,INSUFFICIENT,['NO_RELEVANT_STIMULUS_COVERAGE']
CD274,T_cell,TLR_6h,3.6797294578752244,0.5896164655032848,2.524081185488786,4.835377730261663,,,,1.0,4,0.030625644940809337,0.11169811320754718,0.005512679162072767,,,UNAVAILABLE,False,INSUFFICIENT,['NO_RELEVANT_STIMULUS_COVERAGE']
CD274,T_cell,lymphocyte_activation_12h,3.847639040888232,0.05426910284882166,3.7412715993045413,3.9540064824719225,,,,1.0,19,6.067119467626345e-22,1.0,1.0,,,UNAVAILABLE,True,B,[]
CD274,T_cell,lymphocyte_activation_24h,2.1489306493969167,0.05612634031244027,2.038923022384534,2.2589382764092996,,,,1.0,24,6.752148344461862e-21,1.0,1.0,,,UNAVAILABLE,True,B,[]
CD274,T_cell,lymphocyte_activation_2h,2.2335715737216857,0.17093750825515036,1.898534057541591,2.5686090899017806,,,,1.0,23,5.484059427751586e-11,1.0,1.0,,,UNAVAILABLE,True,B,[]
CD274,T_cell,lymphocyte_activation_48h,1.2271765232998482,0.07351296378677409,1.0830911142777708,1.3712619323219255,,,,1.0,22,1.1482373771942804e-12,1.0,1.0,,,UNAVAILABLE,True,B,[]
CD274,T_cell,lymphocyte_activation_4h,4.962398240866222,0.05941412526269636,4.845946555351338,5.078849926381107,,,,1.0,24,9.930231368041158e-28,1.0,1.0,,,UNAVAILABLE,True,B,[]
CD274,T_cell,lymphocyte_activation_72h,0.6272666469368932,0.0793714600945291,0.4716985851516161,0.7828347087221702,,,,1.0,24,2.8241963544994926e-07,1.0,1.0,,,UNAVAILABLE,True,C,[]
CD274,T_cell,lymphocyte_activation_8h,4.5392616592651285,0.05731056286531543,4.42693295604911,4.651590362481147,,,,1.0,24,1.8155949106717188e-27,1.0,1.0,,,UNAVAILABLE,True,B,[]
CD38,B_cell,IFN_II_1h,-1.3397892289482478,0.8689933531052079,-3.0430162010344555,0.3634377431379596,,,,1.0,3,0.5080491776727464,0.005952380952380952,0.013927576601671309,,,UNAVAILABLE,True,INSUFFICIENT,['NO_EVIDENCE_CLASS_THRESHOLD_MET']
CD38,B_cell,IFN_II_6h,-0.5255663747173482,2.436757390933354,-5.301610860946722,4.250478111512026,,,,1.0,3,1.0,0.013513513513513514,0.006349206349206349,,,UNAVAILABLE,True,INSUFFICIENT,['NO_EVIDENCE_CLASS_THRESHOLD_MET']
CD38,B_cell,TLR_1h,-0.5848547095259471,1.6382760758557664,-3.795875818203249,2.626166399151355,,,,1.0,4,0.9187828449168396,0.0033333333333333335,0.013927576601671309,,,UNAVAILABLE,True,INSUFFICIENT,['NO_EVIDENCE_CLASS_THRESHOLD_MET']
CD38,B_cell,TLR_6h,2.7407329000037963,2.001757147707743,-1.1827111095033795,6.664176909510973,,,,1.0,4,0.5083781518203306,0.058426966292134834,0.006349206349206349,,,UNAVAILABLE,True,C,[]
CD38,Myeloid,IFN_II_1h,0.05818995045396995,1.6770442012905555,-3.228816684075519,3.3451965849834586,,,,1.0,3,1.0,0.006896551724137931,0.0012048192771084338,,,UNAVAILABLE,True,INSUFFICIENT,['NO_EVIDENCE_CLASS_THRESHOLD_MET']
CD38,Myeloid,IFN_II_6h,5.452604952283397,0.9122282710068533,3.6646375411099648,7.240572363456829,,,,1.0,3,0.08526178036498946,0.1526479750778816,0.0,,,UNAVAILABLE,True,C,[]
CD38,Myeloid,IFN_I_18h,7.204322132736514,0.21520813466564706,6.782514188791845,7.626130076681182,,,,1.0,3,0.0037497135776463036,0.5223354231974922,0.005469078670593185,,,UNAVAILABLE,True,C,[]
CD38,Myeloid,TLR_1h,-0.7042509157566299,0.7042509157566299,-2.0845827106396246,0.6760808791263646,,,,1.0,4,0.6234964436910937,0.0,0.0012048192771084338,,,UNAVAILABLE,True,INSUFFICIENT,['NO_EVIDENCE_CLASS_THRESHOLD_MET']
CD38,Myeloid,TLR_6h,6.124413232026112,0.7289447296704878,4.695681561871956,7.553144902180268,,,,1.0,4,0.01375354002545682,0.13725490196078433,0.0,,,UNAVAILABLE,True,B,[]
CD38,NK_cell,IFN_II_1h,0.48915278418604496,0.9731320648970015,-1.418186063012078,2.3964916313841678,,,,1.0,3,0.850654732892696,0.016778523489932886,0.01072961373390558,,,UNAVAILABLE,True,INSUFFICIENT,['NO_EVIDENCE_CLASS_THRESHOLD_MET']
CD38,NK_cell,IFN_II_6h,1.9559796001546754,0.7038512576952249,0.5764311350720346,3.335528065237316,,,,1.0,3,0.26242851581981963,0.041666666666666664,0.006756756756756757,,,UNAVAILABLE,True,INSUFFICIENT,['NO_EVIDENCE_CLASS_THRESHOLD_MET']
CD38,NK_cell,TLR_1h,0.95013464962301,1.5267119256162116,-2.042220724584765,3.9424900238307847,,,,1.0,4,0.776974425449428,0.012605042016806723,0.01072961373390558,,,UNAVAILABLE,False,INSUFFICIENT,['NO_RELEVANT_STIMULUS_COVERAGE']
CD38,NK_cell,TLR_6h,4.793955139783877,1.3637263028429587,2.1210515862116783,7.466858693356077,,,,1.0,4,0.11374803746628377,0.09586466165413533,0.006756756756756757,,,UNAVAILABLE,False,INSUFFICIENT,['NO_RELEVANT_STIMULUS_COVERAGE']
CD38,T_cell,IFN_II_1h,0.1089388203797051,1.7528476638768502,-3.326642600818921,3.5445202415783315,,,,1.0,3,1.0,0.0061633281972265025,0.0024096385542168677,,,UNAVAILABLE,True,INSUFFICIENT,['NO_EVIDENCE_CLASS_THRESHOLD_MET']
CD38,T_cell,IFN_II_6h,-1.1204435916469262,0.8057150279110941,-2.6996450463526704,0.45875786305881805,,,,1.0,3,0.546890300907931,0.005964214711729622,0.0033076074972436605,,,UNAVAILABLE,True,INSUFFICIENT,['NO_EVIDENCE_CLASS_THRESHOLD_MET']
CD38,T_cell,TLR_1h,-0.46334296235282885,1.049204505793027,-2.5197837937071617,1.5930978690015039,,,,1.0,4,0.8743791169381468,0.0009009009009009009,0.0024096385542168677,,,UNAVAILABLE,False,INSUFFICIENT,['NO_RELEVANT_STIMULUS_COVERAGE']
CD38,T_cell,TLR_6h,1.9010577691061086,0.8436287563407053,0.24754540667832625,3.554570131533891,,,,1.0,4,0.262954986274483,0.017358490566037735,0.0033076074972436605,,,UNAVAILABLE,False,INSUFFICIENT,['NO_RELEVANT_STIMULUS_COVERAGE']
CD38,T_cell,lymphocyte_activation_12h,1.5849438754216265,0.09540809790214348,1.3979440035334254,1.7719437473098276,,,,1.0,19,1.7186439530490165e-11,1.0,1.0,,,UNAVAILABLE,True,B,[]
CD38,T_cell,lymphocyte_activation_24h,1.084171364982861,0.11732593328740284,0.8542125357395515,1.3141301942261707,,,,1.0,24,1.9668282128475626e-08,1.0,1.0,,,UNAVAILABLE,True,B,[]
CD38,T_cell,lymphocyte_activation_2h,-0.13917718065700668,0.0506756400898004,-0.23850143523301548,-0.0398529260809979,,,,1.0,23,0.04205424177657065,1.0,1.0,,,UNAVAILABLE,True,INSUFFICIENT,['NO_EVIDENCE_CLASS_THRESHOLD_MET']
CD38,T_cell,lymphocyte_activation_48h,0.6993890488900214,0.17650458482738643,0.353440062628344,1.0453380351516988,,,,1.0,22,0.0030950910576133446,1.0,1.0,,,UNAVAILABLE,True,C,[]
CD38,T_cell,lymphocyte_activation_4h,0.3641067095025447,0.08268270778609808,0.20204860224179247,0.526164816763297,,,,1.0,24,0.0009536632003745258,1.0,1.0,,,UNAVAILABLE,True,INSUFFICIENT,['NO_EVIDENCE_CLASS_THRESHOLD_MET']
CD38,T_cell,lymphocyte_activation_72h,1.4513880793937506,0.16008656412292935,1.1376184137128091,1.765157745074692,,,,1.0,24,2.7468774410830074e-08,1.0,1.0,,,UNAVAILABLE,True,B,[]
CD38,T_cell,lymphocyte_activation_8h,1.119452343038805,0.08308843504710141,0.9565990103464863,1.2823056757311238,,,,1.0,24,1.606046538413325e-11,1.0,1.0,,,UNAVAILABLE,True,B,[]
CD3E,B_cell,IFN_II_1h,-1.8242185246324591,0.9408189662755315,-3.668223698532501,0.019786649267582668,,,,1.0,3,0.40783830247029507,0.08522727272727272,0.12886597938144329,,,UNAVAILABLE,True,INSUFFICIENT,['NO_EVIDENCE_CLASS_THRESHOLD_MET']
CD3E,B_cell,IFN_II_6h,-4.616291205383851,2.004037447996545,-8.544204603457079,-0.6883778073106224,,,,1.0,3,0.34145408052289483,0.04,0.12,,,UNAVAILABLE,True,INSUFFICIENT,['NO_EVIDENCE_CLASS_THRESHOLD_MET']
CD3E,B_cell,TLR_1h,-1.5478940653630462,1.6791475841763894,-4.83902333034877,1.7432351996226771,,,,1.0,4,0.6247108968927724,0.11926605504587157,0.12886597938144329,,,UNAVAILABLE,True,INSUFFICIENT,['NO_EVIDENCE_CLASS_THRESHOLD_MET']
CD3E,B_cell,TLR_6h,-0.8805318732377279,0.30529337377051946,-1.478906885827946,-0.2821568606475098,,,,1.0,4,0.17019679280927127,0.1402061855670103,0.12,,,UNAVAILABLE,True,INSUFFICIENT,['NO_EVIDENCE_CLASS_THRESHOLD_MET']
CD3E,Myeloid,IFN_II_1h,-0.4360279443448955,0.4411846228230207,-1.300749805078016,0.428693916388225,,,,1.0,3,0.6260206849172544,0.04666666666666667,0.03477218225419664,,,UNAVAILABLE,True,INSUFFICIENT,['NO_EVIDENCE_CLASS_THRESHOLD_MET']
CD3E,Myeloid,IFN_II_6h,-3.0717516859832252,0.5777769805728138,-4.20419456790594,-1.9393088040605102,,,,1.0,3,0.10163466603807558,0.003115264797507788,0.037037037037037035,,,UNAVAILABLE,True,INSUFFICIENT,['NO_EVIDENCE_CLASS_THRESHOLD_MET']
CD3E,Myeloid,IFN_I_18h,-0.013372296416053345,0.18813407593991466,-0.3821150852582861,0.35537049242617935,,,,1.0,3,1.0,0.00039184952978056425,0.00042069835927639884,,,UNAVAILABLE,True,INSUFFICIENT,['NO_EVIDENCE_CLASS_THRESHOLD_MET']
CD3E,Myeloid,TLR_1h,0.5562194055737512,0.7434591535897532,-0.9009605354621651,2.0133993466096674,,,,1.0,4,0.7088956321696727,0.06015037593984962,0.03477218225419664,,,UNAVAILABLE,True,C,[]
CD3E,Myeloid,TLR_6h,1.3582313096963312,0.3508612292820315,0.6705433003035495,2.045919319089113,,,,1.0,4,0.09421643103781989,0.11827956989247312,0.037037037037037035,,,UNAVAILABLE,True,B,[]
CD3E,NK_cell,IFN_II_1h,-1.2199955761778754,0.39410310792905107,-1.9924376677188156,-0.44755348463693523,,,,1.0,3,0.22566708296541907,0.2862903225806452,0.22823529411764706,,,UNAVAILABLE,True,INSUFFICIENT,['NO_EVIDENCE_CLASS_THRESHOLD_MET']
CD3E,NK_cell,IFN_II_6h,-1.368613320637326,0.3242435744807721,-2.0041307266196395,-0.7330959146550128,,,,1.0,3,0.14370187828986683,0.2761904761904762,0.20446096654275092,,,UNAVAILABLE,True,INSUFFICIENT,['NO_EVIDENCE_CLASS_THRESHOLD_MET']
CD3E,NK_cell,TLR_1h,-0.31755127664990646,0.34855705817586013,-1.0007231106745924,0.3656205573747794,,,,1.0,4,0.6273040561942522,0.23708920187793428,0.22823529411764706,,,UNAVAILABLE,False,INSUFFICIENT,['NO_RELEVANT_STIMULUS_COVERAGE']
CD3E,NK_cell,TLR_6h,0.1862169096272286,0.2588324288578564,-0.32109465093417,0.6935284701886272,,,,1.0,4,0.7230886305698435,0.2926356589147287,0.20446096654275092,,,UNAVAILABLE,False,INSUFFICIENT,['NO_RELEVANT_STIMULUS_COVERAGE']
CD3E,T_cell,IFN_II_1h,-1.3224407922156327,0.2880535635081999,-1.8870257766917045,-0.757855807739561,,,,1.0,3,0.12696937328053562,0.3,0.32142857142857145,,,UNAVAILABLE,True,INSUFFICIENT,['NO_EVIDENCE_CLASS_THRESHOLD_MET']
CD3E,T_cell,IFN_II_6h,-1.614086198386021,0.21180974413004264,-2.029233296880905,-1.1989390998911376,,,,1.0,3,0.05689561334651103,0.3805970149253731,0.32878411910669975,,,UNAVAILABLE,True,INSUFFICIENT,['NO_EVIDENCE_CLASS_THRESHOLD_MET']
CD3E,T_cell,TLR_1h,-0.1097385992573563,0.12807506089658374,-0.36076571861466045,0.14128852009994786,,,,1.0,4,0.6500738009100386,0.33648393194706994,0.32142857142857145,,,UNAVAILABLE,False,INSUFFICIENT,['NO_RELEVANT_STIMULUS_COVERAGE']
CD3E,T_cell,TLR_6h,-0.7829566226833764,0.17894280573810611,-1.1336845219300644,-0.43222872343668844,,,,1.0,4,0.07288402765280559,0.3289902280130293,0.32878411910669975,,,UNAVAILABLE,False,INSUFFICIENT,['NO_RELEVANT_STIMULUS_COVERAGE']
CD3E,T_cell,lymphocyte_activation_12h,-1.047271881443732,0.02930858345401185,-1.1047167050135953,-0.9898270578738688,,,,1.0,19,5.253492108550395e-17,1.0,1.0,,,UNAVAILABLE,True,INSUFFICIENT,['NO_EVIDENCE_CLASS_THRESHOLD_MET']
CD3E,T_cell,lymphocyte_activation_24h,-0.255835272718107,0.02704337335313057,-0.3088402844902429,-0.20283026094597112,,,,1.0,24,1.303618809708078e-08,1.0,1.0,,,UNAVAILABLE,True,INSUFFICIENT,['NO_EVIDENCE_CLASS_THRESHOLD_MET']
CD3E,T_cell,lymphocyte_activation_2h,-0.21237678295862325,0.022385827196991136,-0.25625300426472586,-0.16850056165252064,,,,1.0,23,1.8696733871221548e-08,1.0,1.0,,,UNAVAILABLE,True,INSUFFICIENT,['NO_EVIDENCE_CLASS_THRESHOLD_MET']
CD3E,T_cell,lymphocyte_activation_48h,-0.42531961808564717,0.03428212045287442,-0.49251257417328104,-0.3581266619980133,,,,1.0,22,2.716587910495603e-10,1.0,1.0,,,UNAVAILABLE,True,INSUFFICIENT,['NO_EVIDENCE_CLASS_THRESHOLD_MET']
CD3E,T_cell,lymphocyte_activation_4h,-0.8691157696534623,0.03688979267743797,-0.9414197633012407,-0.7968117760056839,,,,1.0,24,1.8587985998559506e-16,1.0,1.0,,,UNAVAILABLE,True,INSUFFICIENT,['NO_EVIDENCE_CLASS_THRESHOLD_MET']
CD3E,T_cell,lymphocyte_activation_72h,-0.305467626202029,0.03474128036757225,-0.3735605357224706,-0.23737471668158738,,,,1.0,24,4.621235490800256e-08,1.0,1.0,,,UNAVAILABLE,True,INSUFFICIENT,['NO_EVIDENCE_CLASS_THRESHOLD_MET']
CD3E,T_cell,lymphocyte_activation_8h,-1.4500748978543794,0.034005790639091565,-1.516726247506999,-1.3834235482017598,,,,1.0,24,6.8920811969834e-22,1.0,1.0,,,UNAVAILABLE,True,INSUFFICIENT,['NO_EVIDENCE_CLASS_THRESHOLD_MET']
CD4,B_cell,IFN_II_1h,-1.0826476695988843,0.5154925761219203,-2.093013118797848,-0.0722822203999205,,,,1.0,3,0.3827973061458222,0.023809523809523808,0.027855153203342618,,,UNAVAILABLE,True,INSUFFICIENT,['NO_EVIDENCE_CLASS_THRESHOLD_MET']
CD4,B_cell,IFN_II_6h,-1.4522357379384505,1.0718052681084995,-3.552974063431109,0.6485025875542083,,,,1.0,3,0.5592297085550355,0.06756756756756757,0.05714285714285714,,,UNAVAILABLE,True,INSUFFICIENT,['NO_EVIDENCE_CLASS_THRESHOLD_MET']
CD4,B_cell,TLR_1h,-0.9882056637045487,1.188522942746245,-3.3177106314871887,1.3412993040780912,,,,1.0,4,0.6663985056565502,0.02666666666666667,0.027855153203342618,,,UNAVAILABLE,True,INSUFFICIENT,['NO_EVIDENCE_CLASS_THRESHOLD_MET']
CD4,B_cell,TLR_6h,-1.4989729343086737,0.21368371828847038,-1.9177930221540755,-1.080152846463272,,,,1.0,4,0.022829834547221244,0.03146067415730337,0.05714285714285714,,,UNAVAILABLE,True,INSUFFICIENT,['NO_EVIDENCE_CLASS_THRESHOLD_MET']
CD4,Myeloid,IFN_II_1h,0.10978266218723043,0.38782301853114043,-0.6503504541338048,0.8699157785082656,,,,1.0,3,0.9722895418549667,0.32413793103448274,0.21325301204819277,,,UNAVAILABLE,True,INSUFFICIENT,['NO_EVIDENCE_CLASS_THRESHOLD_MET']
CD4,Myeloid,IFN_II_6h,-1.7990219318275795,1.3058553593705995,-4.358498436193955,0.7604545725387954,,,,1.0,3,0.5518371373256483,0.09345794392523364,0.08176100628930817,,,UNAVAILABLE,True,INSUFFICIENT,['NO_EVIDENCE_CLASS_THRESHOLD_MET']
CD4,Myeloid,IFN_I_18h,-2.706944068364532,0.10240967137037754,-2.907667024250472,-2.506221112478592,,,,1.0,3,0.005840240882266037,0.07876175548589341,0.45982330668910393,,,UNAVAILABLE,True,INSUFFICIENT,['NO_EVIDENCE_CLASS_THRESHOLD_MET']
CD4,Myeloid,TLR_1h,-2.1100534152426142,1.8212056919680202,-5.679616571499934,1.4595097410147053,,,,1.0,4,0.5863992976441927,0.1796875,0.21325301204819277,,,UNAVAILABLE,True,INSUFFICIENT,['NO_EVIDENCE_CLASS_THRESHOLD_MET']
CD4,Myeloid,TLR_6h,-1.7422200781438864,0.6312405754764887,-2.979451606077804,-0.5049885502099685,,,,1.0,4,0.1857233619910586,0.058823529411764705,0.08176100628930817,,,UNAVAILABLE,True,INSUFFICIENT,['NO_EVIDENCE_CLASS_THRESHOLD_MET']
CD4,NK_cell,IFN_II_1h,-2.2416548313421076,0.44062989692245863,-3.1052894293101265,-1.3780202333740887,,,,1.0,3,0.10860273722411591,0.03355704697986577,0.045064377682403435,,,UNAVAILABLE,True,INSUFFICIENT,['NO_EVIDENCE_CLASS_THRESHOLD_MET']
CD4,NK_cell,IFN_II_6h,-1.1215722122219436,0.707176266082391,-2.5076376937434297,0.26449326929954275,,,,1.0,3,0.49531951445396366,0.04861111111111111,0.04054054054054054,,,UNAVAILABLE,True,INSUFFICIENT,['NO_EVIDENCE_CLASS_THRESHOLD_MET']
CD4,NK_cell,TLR_1h,-2.3302354641198697,0.9117134749588063,-4.1171938750391295,-0.5432770532006095,,,,1.0,4,0.2139406973014956,0.02100840336134454,0.045064377682403435,,,UNAVAILABLE,False,INSUFFICIENT,['NO_RELEVANT_STIMULUS_COVERAGE']
CD4,NK_cell,TLR_6h,-1.8868345649924798,1.24502490825891,-4.327083385179943,0.5534142551949839,,,,1.0,4,0.4564125240088855,0.02443609022556391,0.04054054054054054,,,UNAVAILABLE,False,INSUFFICIENT,['NO_RELEVANT_STIMULUS_COVERAGE']
CD4,T_cell,IFN_II_1h,0.2786877850498793,0.4154102279930182,-0.5355162618164364,1.0928918319161949,,,,1.0,3,0.7708508291696899,0.14637904468412943,0.08835341365461848,,,UNAVAILABLE,True,INSUFFICIENT,['NO_EVIDENCE_CLASS_THRESHOLD_MET']
CD4,T_cell,IFN_II_6h,-0.3175207317075503,0.366379900380335,-1.035625336453007,0.4005838730379064,,,,1.0,3,0.6762586626908597,0.22664015904572565,0.1256890848952591,,,UNAVAILABLE,True,INSUFFICIENT,['NO_EVIDENCE_CLASS_THRESHOLD_MET']
CD4,T_cell,TLR_1h,-0.33789406560720714,0.35879671135410235,-1.0411356198612478,0.3653474886468334,,,,1.0,4,0.6234964436910937,0.08108108108108109,0.08835341365461848,,,UNAVAILABLE,False,INSUFFICIENT,['NO_RELEVANT_STIMULUS_COVERAGE']
CD4,T_cell,TLR_6h,-1.3972814140235095,0.303918415741562,-1.992961508876971,-0.801601319170048,,,,1.0,4,0.06429506479912368,0.09584905660377359,0.1256890848952591,,,UNAVAILABLE,False,INSUFFICIENT,['NO_RELEVANT_STIMULUS_COVERAGE']
CD4,T_cell,lymphocyte_activation_12h,-1.7263256183552669,0.04579590571527591,-1.8160855935572076,-1.6365656431533262,,,,1.0,19,2.2982578977315373e-17,1.0,1.0,,,UNAVAILABLE,True,INSUFFICIENT,['NO_EVIDENCE_CLASS_THRESHOLD_MET']
CD4,T_cell,lymphocyte_activation_24h,-0.29960159935864367,0.03903809599472769,-0.37611626750830995,-0.22308693120897738,,,,1.0,24,4.554450755675746e-07,1.0,1.0,,,UNAVAILABLE,True,INSUFFICIENT,['NO_EVIDENCE_CLASS_THRESHOLD_MET']
CD4,T_cell,lymphocyte_activation_2h,-0.6074755485983413,0.035532803965227316,-0.6771198443701868,-0.5378312528264958,,,,1.0,23,3.255381386582652e-13,1.0,1.0,,,UNAVAILABLE,True,INSUFFICIENT,['NO_EVIDENCE_CLASS_THRESHOLD_MET']
CD4,T_cell,lymphocyte_activation_48h,0.3078170794499355,0.04079440142754671,0.22786005265194398,0.3877741062479271,,,,1.0,22,1.0698303236995117e-06,1.0,1.0,,,UNAVAILABLE,True,INSUFFICIENT,['NO_EVIDENCE_CLASS_THRESHOLD_MET']
CD4,T_cell,lymphocyte_activation_4h,-1.7288185772978881,0.04946617730199574,-1.8257722848097997,-1.6318648697859766,,,,1.0,24,4.826008172075172e-20,1.0,1.0,,,UNAVAILABLE,True,INSUFFICIENT,['NO_EVIDENCE_CLASS_THRESHOLD_MET']
CD4,T_cell,lymphocyte_activation_72h,0.5335483804011028,0.03992864155908878,0.45528824294528875,0.6118085178569168,,,,1.0,24,1.8529732473008205e-11,1.0,1.0,,,UNAVAILABLE,True,C,[]
CD4,T_cell,lymphocyte_activation_8h,-2.3415338764353697,0.043876484696716324,-2.427531786440934,-2.2555359664298056,,,,1.0,24,7.020715080229982e-24,1.0,1.0,,,UNAVAILABLE,True,INSUFFICIENT,['NO_EVIDENCE_CLASS_THRESHOLD_MET']
CD69,B_cell,IFN_II_1h,1.9751758975932325,0.17675518134271076,1.6287357421615194,2.3216160530249454,,,,1.0,3,0.02945480216014359,0.6547619047619048,0.28969359331476324,,,UNAVAILABLE,True,C,[]
CD69,B_cell,IFN_II_6h,2.655939753065194,0.5311727935210093,1.6148410777640156,3.6970384283663718,,,,1.0,3,0.1107006321549821,0.4189189189189189,0.08253968253968254,,,UNAVAILABLE,True,C,[]
CD69,B_cell,TLR_1h,0.09574889547615317,0.23609118336680687,-0.3669898239227883,0.5584876148750946,,,,1.0,4,0.8966820015447061,0.38666666666666666,0.28969359331476324,,,UNAVAILABLE,True,INSUFFICIENT,['NO_EVIDENCE_CLASS_THRESHOLD_MET']
CD69,B_cell,TLR_6h,2.392327799388527,0.16801699721279573,2.0630144848514473,2.7216411139256063,,,,1.0,4,0.0032205645931110394,0.36629213483146067,0.08253968253968254,,,UNAVAILABLE,True,B,[]
CD69,Myeloid,IFN_II_1h,2.004859100897501,0.3403353642449412,1.3378017869774164,2.671916414817586,,,,1.0,3,0.08625609624035233,0.33793103448275863,0.0855421686746988,,,UNAVAILABLE,True,C,[]
CD69,Myeloid,IFN_II_6h,1.3563901589105702,0.7566739825120908,-0.1266908468131278,2.8394711646342685,,,,1.0,3,0.43837648113666217,0.12149532710280374,0.03459119496855346,,,UNAVAILABLE,True,C,[]
CD69,Myeloid,IFN_I_18h,3.9538342010548835,0.32932883384380934,3.308349686721017,4.599318715388749,,,,1.0,3,0.026002902932877096,0.08032915360501568,0.002524190155658393,,,UNAVAILABLE,True,C,[]
CD69,Myeloid,TLR_1h,2.2528442109759563,0.613418266418156,1.0505444087963707,3.455144013155542,,,,1.0,4,0.10529324960443676,0.328125,0.0855421686746988,,,UNAVAILABLE,True,B,[]
CD69,Myeloid,TLR_6h,1.9113528178596733,1.0970147158312842,-0.2387960251696435,4.06150166088899,,,,1.0,4,0.40055679608846717,0.1803921568627451,0.03459119496855346,,,UNAVAILABLE,True,B,[]
CD69,NK_cell,IFN_II_1h,1.0753704994233673,0.5322591362274218,0.03214259241762041,2.118598406429114,,,,1.0,3,0.4016307459437769,0.5570469798657718,0.3261802575107296,,,UNAVAILABLE,True,C,[]
CD69,NK_cell,IFN_II_6h,1.195150717786298,1.271316677716438,-1.2966299705379205,3.6869314061105163,,,,1.0,3,0.6418850005883617,0.2986111111111111,0.08783783783783784,,,UNAVAILABLE,True,C,[]
CD69,NK_cell,TLR_1h,-0.4921740204680429,0.6732945552745757,-1.8118313488062112,0.8274833078701254,,,,1.0,4,0.7180226238138725,0.3403361344537815,0.3261802575107296,,,UNAVAILABLE,False,INSUFFICIENT,['NO_RELEVANT_STIMULUS_COVERAGE']
CD69,NK_cell,TLR_6h,1.9937201850396158,0.7169163389667301,0.5885641606648249,3.3988762094144067,,,,1.0,4,0.18328442751132387,0.42105263157894735,0.08783783783783784,,,UNAVAILABLE,False,INSUFFICIENT,['NO_RELEVANT_STIMULUS_COVERAGE']
CD69,T_cell,IFN_II_1h,1.672673510833089,0.28704034293750047,1.110074438675588,2.23527258299059,,,,1.0,3,0.08774833743182654,0.44838212634822805,0.19839357429718876,,,UNAVAILABLE,True,C,[]
CD69,T_cell,IFN_II_6h,1.175610430436782,1.0585079351707793,-0.8990651224979453,3.2502859833715094,,,,1.0,3,0.6234964436910937,0.2584493041749503,0.08158765159867695,,,UNAVAILABLE,True,C,[]
CD69,T_cell,TLR_1h,0.2786556787343928,0.2299779248061327,-0.1721010538856273,0.7294124113544129,,,,1.0,4,0.5632103978850141,0.23963963963963963,0.19839357429718876,,,UNAVAILABLE,False,INSUFFICIENT,['NO_RELEVANT_STIMULUS_COVERAGE']
CD69,T_cell,TLR_6h,1.4684895301987217,0.28549598315623775,0.9089174032124958,2.0280616571849475,,,,1.0,4,0.04941434966041201,0.29283018867924526,0.08158765159867695,,,UNAVAILABLE,False,INSUFFICIENT,['NO_RELEVANT_STIMULUS_COVERAGE']
CD69,T_cell,lymphocyte_activation_12h,3.219853355904369,0.05796462773997673,3.106242685534015,3.3334640262747235,,,,1.0,19,3.5363382414032873e-20,1.0,1.0,,,UNAVAILABLE,True,B,[]
CD69,T_cell,lymphocyte_activation_24h,1.4062862242834073,0.07871350687234933,1.2520077508136027,1.560564697753212,,,,1.0,24,5.918702858252227e-14,1.0,1.0,,,UNAVAILABLE,True,B,[]
CD69,T_cell,lymphocyte_activation_2h,5.131703213787772,0.07661408254494043,4.981539611999689,5.281866815575856,,,,1.0,23,4.570063833651142e-25,1.0,1.0,,,UNAVAILABLE,True,B,[]
CD69,T_cell,lymphocyte_activation_48h,0.9906791648787995,0.07679017357847205,0.8401704246649943,1.1411879050926048,,,,1.0,22,1.3304046061504512e-10,1.0,1.0,,,UNAVAILABLE,True,B,[]
CD69,T_cell,lymphocyte_activation_4h,5.394903882267002,0.06195693966426092,5.273468280525051,5.516339484008953,,,,1.0,24,5.093840418832676e-28,1.0,1.0,,,UNAVAILABLE,True,B,[]
CD69,T_cell,lymphocyte_activation_72h,1.0643033730563276,0.06707281613412132,0.9328406534334498,1.1957660926792053,,,,1.0,24,6.418383830355809e-13,1.0,1.0,,,UNAVAILABLE,True,B,[]
CD69,T_cell,lymphocyte_activation_8h,3.9575763265424926,0.05249939842639776,3.854677505626753,4.060475147458233,,,,1.0,24,4.164416889319686e-27,1.0,1.0,,,UNAVAILABLE,True,B,[]
CD70,B_cell,IFN_II_1h,0.09909710162710732,0.09909710162710732,-0.09513321756202302,0.29332742081623764,,,,1.0,3,0.6234964436910937,0.011904761904761904,0.005571030640668524,,,UNAVAILABLE,True,INSUFFICIENT,['NO_EVIDENCE_CLASS_THRESHOLD_MET']
CD70,B_cell,IFN_II_6h,-1.452822000489179,3.0072671914500737,-7.347065695731323,4.441421694752965,,,,1.0,3,0.8640833197329505,0.05405405405405406,0.015873015873015872,,,UNAVAILABLE,True,INSUFFICIENT,['NO_EVIDENCE_CLASS_THRESHOLD_MET']
CD70,B_cell,TLR_1h,0.6458777338451911,1.2817009689677468,-1.8662561653315926,3.1580116330219745,,,,1.0,4,0.8386853037636719,0.01,0.005571030640668524,,,UNAVAILABLE,True,INSUFFICIENT,['NO_EVIDENCE_CLASS_THRESHOLD_MET']
CD70,B_cell,TLR_6h,-1.6367422444542992,1.3059199819309164,-4.196345409038895,0.9228609201302971,,,,1.0,4,0.546890300907931,0.011235955056179775,0.015873015873015872,,,UNAVAILABLE,True,INSUFFICIENT,['NO_EVIDENCE_CLASS_THRESHOLD_MET']
CD70,Myeloid,IFN_II_1h,0.0,1e-06,-1.96e-06,1.96e-06,,,,1.0,3,1.0,0.0,0.0,,,UNAVAILABLE,True,INSUFFICIENT,['TARGET_UNDETECTED']
CD70,Myeloid,IFN_II_6h,0.0,1e-06,-1.96e-06,1.96e-06,,,,1.0,3,1.0,0.0,0.0,,,UNAVAILABLE,True,INSUFFICIENT,['TARGET_UNDETECTED']
CD70,Myeloid,IFN_I_18h,0.2514611388983315,0.3061864096830614,-0.34866422408046877,0.8515865018771318,,,,1.0,3,0.6959797894558913,0.00274294670846395,0.0008413967185527977,,,UNAVAILABLE,True,INSUFFICIENT,['NO_EVIDENCE_CLASS_THRESHOLD_MET']
CD70,Myeloid,TLR_1h,0.8030039535506324,0.8030039535506324,-0.770883795408607,2.3768917025098717,,,,1.0,4,0.6234964436910937,0.015625,0.0,,,UNAVAILABLE,True,INSUFFICIENT,['NO_EVIDENCE_CLASS_THRESHOLD_MET']
CD70,Myeloid,TLR_6h,2.6364830716626386,0.9485550670824391,0.7773151401810581,4.49565100314422,,,,1.0,4,0.18328442751132387,0.011764705882352941,0.0,,,UNAVAILABLE,True,INSUFFICIENT,['NO_EVIDENCE_CLASS_THRESHOLD_MET']
CD70,NK_cell,IFN_II_1h,-1.917060448062471,1.9170604480624711,-5.674498926264914,1.8403780301399726,,,,1.0,3,0.6234964436910937,0.0,0.002145922746781116,,,UNAVAILABLE,True,INSUFFICIENT,['NO_EVIDENCE_CLASS_THRESHOLD_MET']
CD70,NK_cell,IFN_II_6h,-1.5114004712098315,1.5114004712098317,-4.473745394781101,1.4509444523614385,,,,1.0,3,0.6234964436910937,0.0,0.0033783783783783786,,,UNAVAILABLE,True,INSUFFICIENT,['NO_EVIDENCE_CLASS_THRESHOLD_MET']
CD70,NK_cell,TLR_1h,-1.4377953360468532,1.4377953360468532,-4.255874194698685,1.380283522604979,,,,1.0,4,0.6234964436910937,0.0,0.002145922746781116,,,UNAVAILABLE,False,INSUFFICIENT,['NO_RELEVANT_STIMULUS_COVERAGE']
CD70,NK_cell,TLR_6h,1.9423263866411045,0.7414379806065984,0.48910794465217156,3.3955448286300376,,,,1.0,4,0.2054612460893211,0.011278195488721804,0.0033783783783783786,,,UNAVAILABLE,False,INSUFFICIENT,['NO_RELEVANT_STIMULUS_COVERAGE']
CD70,T_cell,IFN_II_1h,0.43027467613579073,0.4302746761357908,-0.4130636890903592,1.2736130413619406,,,,1.0,3,0.6234964436910937,0.0015408320493066256,0.0,,,UNAVAILABLE,True,INSUFFICIENT,['NO_EVIDENCE_CLASS_THRESHOLD_MET']
CD70,T_cell,IFN_II_6h,-0.9347897510597654,0.9347897510597654,-2.766977663136905,0.8973981610173747,,,,1.0,3,0.6234964436910937,0.0019880715705765406,0.0011025358324145535,,,UNAVAILABLE,True,INSUFFICIENT,['NO_EVIDENCE_CLASS_THRESHOLD_MET']
CD70,T_cell,TLR_1h,0.35831835301864473,0.35831835301864473,-0.34398561889789897,1.0606223249351885,,,,1.0,4,0.6234964436910937,0.0009009009009009009,0.0,,,UNAVAILABLE,False,INSUFFICIENT,['NO_RELEVANT_STIMULUS_COVERAGE']
CD70,T_cell,TLR_6h,-0.7907734320258097,1.1448206389313305,-3.0346218843312176,1.453075020279598,,,,1.0,4,0.7363574256972818,0.0007547169811320754,0.0011025358324145535,,,UNAVAILABLE,False,INSUFFICIENT,['NO_RELEVANT_STIMULUS_COVERAGE']
CD70,T_cell,lymphocyte_activation_12h,1.5973420592497602,0.07027310270337135,1.4596067779511523,1.7350773405483682,,,,1.0,19,1.0595457584233961e-13,1.0,1.0,,,UNAVAILABLE,True,B,[]
CD70,T_cell,lymphocyte_activation_24h,1.5359743347050598,0.0748921570196368,1.3891857069465716,1.682762962463548,,,,1.0,24,3.3331267810504862e-15,1.0,1.0,,,UNAVAILABLE,True,B,[]
CD70,T_cell,lymphocyte_activation_2h,0.5095986957930441,0.07232430401254301,0.3678430599284598,0.6513543316576283,,,,1.0,23,2.3135199653838942e-06,1.0,1.0,,,UNAVAILABLE,True,C,[]
CD70,T_cell,lymphocyte_activation_48h,1.8827426107667122,0.08425319419203861,1.7176063501503165,2.0478788713831078,,,,1.0,22,4.687392697585148e-15,1.0,1.0,,,UNAVAILABLE,True,B,[]
CD70,T_cell,lymphocyte_activation_4h,0.5759839912796086,0.06317676452870848,0.45215753280334003,0.6998104497558773,,,,1.0,24,2.4984193189793616e-08,1.0,1.0,,,UNAVAILABLE,True,C,[]
CD70,T_cell,lymphocyte_activation_72h,2.7969636679488885,0.09266634275234509,2.615337636154292,2.978589699743485,,,,1.0,24,1.0206910994939524e-18,1.0,1.0,,,UNAVAILABLE,True,B,[]
CD70,T_cell,lymphocyte_activation_8h,1.2502590626276653,0.048868626813743286,1.1544765540727284,1.3460415711826021,,,,1.0,24,3.304888124876372e-17,1.0,1.0,,,UNAVAILABLE,True,B,[]
CD79A,B_cell,IFN_II_1h,-0.7765754030831497,0.18032757940212576,-1.130017458711316,-0.42313334745498316,,,,1.0,3,0.13967542520056714,0.5054347826086957,0.4326424870466321,,,UNAVAILABLE,True,INSUFFICIENT,['NO_EVIDENCE_CLASS_THRESHOLD_MET']
CD79A,B_cell,IFN_II_6h,-0.26867235881950674,0.4373552656579877,-1.1258886795091627,0.5885439618701491,,,,1.0,3,0.7999656784098678,0.6447368421052632,0.37462235649546827,,,UNAVAILABLE,True,INSUFFICIENT,['NO_EVIDENCE_CLASS_THRESHOLD_MET']
CD79A,B_cell,TLR_1h,0.2157182231966126,0.0917665920496424,0.03585570277931352,0.3955807436139117,,,,1.0,4,0.24593994552639645,0.4778481012658228,0.4326424870466321,,,UNAVAILABLE,True,INSUFFICIENT,['NO_EVIDENCE_CLASS_THRESHOLD_MET']
CD79A,B_cell,TLR_6h,-1.0835479034527826,0.07753091977715097,-1.2355085062159985,-0.9315873006895667,,,,1.0,4,0.0033702977861189936,0.2676348547717842,0.37462235649546827,,,UNAVAILABLE,True,INSUFFICIENT,['NO_EVIDENCE_CLASS_THRESHOLD_MET']
CD79A,Myeloid,IFN_II_1h,-0.6528396359682548,2.145638397925768,-4.85829089590276,3.5526116239662504,,,,1.0,3,0.9606133393640252,0.014084507042253521,0.013317191283292978,,,UNAVAILABLE,True,INSUFFICIENT,['NO_EVIDENCE_CLASS_THRESHOLD_MET']
CD79A,Myeloid,IFN_II_6h,0.3891405953490675,1.887248754067906,-3.309866962624028,4.088148153322163,,,,1.0,3,1.0,0.009316770186335404,0.00949367088607595,,,UNAVAILABLE,True,INSUFFICIENT,['NO_EVIDENCE_CLASS_THRESHOLD_MET']
CD79A,Myeloid,IFN_I_18h,0.9223113325580562,0.25997118017171095,0.41276781942150276,1.4318548456946096,,,,1.0,3,0.18761598131101048,0.003918495297805642,0.002103491796381994,,,UNAVAILABLE,True,INSUFFICIENT,['NO_EVIDENCE_CLASS_THRESHOLD_MET']
CD79A,Myeloid,TLR_1h,0.3829679205129002,1.4583547818956168,-2.475407452002509,3.241343293028309,,,,1.0,4,0.9745104086177031,0.016260162601626018,0.013317191283292978,,,UNAVAILABLE,True,INSUFFICIENT,['NO_EVIDENCE_CLASS_THRESHOLD_MET']
CD79A,Myeloid,TLR_6h,1.3765686128910282,1.0243740097101026,-0.6312044461407729,3.3843416719228294,,,,1.0,4,0.5182589345917236,0.02857142857142857,0.00949367088607595,,,UNAVAILABLE,True,INSUFFICIENT,['NO_EVIDENCE_CLASS_THRESHOLD_MET']
CD79A,NK_cell,IFN_II_1h,-1.7016907705399502,1.7016907705399509,-5.037004680798254,1.6336231397183534,,,,1.0,3,0.6234964436910937,0.0,0.012958963282937365,,,UNAVAILABLE,True,INSUFFICIENT,['NO_EVIDENCE_CLASS_THRESHOLD_MET']
CD79A,NK_cell,IFN_II_6h,0.0,1e-06,-1.96e-06,1.96e-06,,,,1.0,3,1.0,0.0,0.0,,,UNAVAILABLE,True,INSUFFICIENT,['TARGET_UNDETECTED']
CD79A,NK_cell,TLR_1h,-0.6384600260809391,1.616906679300474,-3.807597117509868,2.53067706534799,,,,1.0,4,0.9015059058710448,0.014705882352941176,0.012958963282937365,,,UNAVAILABLE,False,INSUFFICIENT,['NO_RELEVANT_STIMULUS_COVERAGE']
CD79A,NK_cell,TLR_6h,0.6254542543016134,0.6254542543016134,-0.6004360841295487,1.8513445927327754,,,,1.0,4,0.6234964436910937,0.0018832391713747645,0.0,,,UNAVAILABLE,False,INSUFFICIENT,['NO_RELEVANT_STIMULUS_COVERAGE']
CD79A,T_cell,IFN_II_1h,-0.3914967734184532,0.32649794630678924,-1.03143274817976,0.24843920134285374,,,,1.0,3,0.6105507089662299,0.01098901098901099,0.009075907590759076,,,UNAVAILABLE,True,INSUFFICIENT,['NO_EVIDENCE_CLASS_THRESHOLD_MET']
CD79A,T_cell,IFN_II_6h,-1.0019266750553684,1.6365521980060405,-4.209568983147207,2.205715633036471,,,,1.0,3,0.8002640440573708,0.005988023952095809,0.006749156355455568,,,UNAVAILABLE,True,INSUFFICIENT,['NO_EVIDENCE_CLASS_THRESHOLD_MET']
CD79A,T_cell,TLR_1h,-0.044769458560049435,1.0187026440691376,-2.0414266409355593,1.9518877238154602,,,,1.0,4,1.0,0.014773776546629732,0.009075907590759076,,,UNAVAILABLE,False,INSUFFICIENT,['NO_RELEVANT_STIMULUS_COVERAGE']
CD79A,T_cell,TLR_6h,0.24091639301815027,1.3151610318805618,-2.3367992294677506,2.8186320155040514,,,,1.0,4,1.0,0.005477308294209703,0.006749156355455568,,,UNAVAILABLE,False,INSUFFICIENT,['NO_RELEVANT_STIMULUS_COVERAGE']
CD79A,T_cell,lymphocyte_activation_12h,-1.2001274514491111,0.1337331625388593,-1.4622444500252754,-0.9380104528729469,,,,1.0,19,2.471962672868112e-07,1.0,1.0,,,UNAVAILABLE,True,INSUFFICIENT,['NO_EVIDENCE_CLASS_THRESHOLD_MET']
CD79A,T_cell,lymphocyte_activation_24h,-0.9263483316801137,0.11574067194833021,-1.153200048698841,-0.6994966146613865,,,,1.0,24,2.3023135886470898e-07,1.0,1.0,,,UNAVAILABLE,True,INSUFFICIENT,['NO_EVIDENCE_CLASS_THRESHOLD_MET']
CD79A,T_cell,lymphocyte_activation_2h,-0.08490428070500769,0.05021110293715157,-0.18331804246182476,0.013509481051809394,,,,1.0,23,0.25550051889789427,1.0,1.0,,,UNAVAILABLE,True,INSUFFICIENT,['NO_EVIDENCE_CLASS_THRESHOLD_MET']
CD79A,T_cell,lymphocyte_activation_48h,-0.5751346986259261,0.10597273240438275,-0.7828412541385164,-0.36742814311333594,,,,1.0,22,0.00010537047765740269,1.0,1.0,,,UNAVAILABLE,True,INSUFFICIENT,['NO_EVIDENCE_CLASS_THRESHOLD_MET']
CD79A,T_cell,lymphocyte_activation_4h,-0.5715843882156196,0.055197641379308965,-0.6797717653190652,-0.4633970111121741,,,,1.0,24,2.523706429211371e-09,1.0,1.0,,,UNAVAILABLE,True,INSUFFICIENT,['NO_EVIDENCE_CLASS_THRESHOLD_MET']
CD79A,T_cell,lymphocyte_activation_72h,-0.46184480115251625,0.09509613964618661,-0.648233234859042,-0.2754563674459905,,,,1.0,24,0.0003118066678486872,1.0,1.0,,,UNAVAILABLE,True,INSUFFICIENT,['NO_EVIDENCE_CLASS_THRESHOLD_MET']
CD79A,T_cell,lymphocyte_activation_8h,-1.160122297553696,0.10281384980273174,-1.3616374431670502,-0.9586071519403419,,,,1.0,24,5.006173440913211e-10,1.0,1.0,,,UNAVAILABLE,True,INSUFFICIENT,['NO_EVIDENCE_CLASS_THRESHOLD_MET']
CD8A,B_cell,IFN_II_1h,-0.6623266359858405,1.139320732931669,-2.895395272531912,1.5707420005602306,,,,1.0,3,0.8130248034992067,0.041666666666666664,0.07242339832869081,,,UNAVAILABLE,True,INSUFFICIENT,['NO_EVIDENCE_CLASS_THRESHOLD_MET']
CD8A,B_cell,IFN_II_6h,-4.038970589666335,1.9018475030684991,-7.766591695680594,-0.31134948365207693,,,,1.0,3,0.37832486892781847,0.02702702702702703,0.05396825396825397,,,UNAVAILABLE,True,INSUFFICIENT,['NO_EVIDENCE_CLASS_THRESHOLD_MET']
CD8A,B_cell,TLR_1h,-0.9048496612483166,1.802821908776356,-4.438380602449975,2.628681279953341,,,,1.0,4,0.8390684205558566,0.11333333333333333,0.07242339832869081,,,UNAVAILABLE,True,INSUFFICIENT,['NO_EVIDENCE_CLASS_THRESHOLD_MET']
CD8A,B_cell,TLR_6h,0.7955384899010507,0.6906282395350795,-0.558092859587705,2.149169839389806,,,,1.0,4,0.5880179907893794,0.09213483146067415,0.05396825396825397,,,UNAVAILABLE,True,C,[]
CD8A,Myeloid,IFN_II_1h,1.1584948232026229,0.8451286300079925,-0.4979572916130426,2.8149469380182883,,,,1.0,3,0.5527898345333454,0.041379310344827586,0.03614457831325301,,,UNAVAILABLE,True,INSUFFICIENT,['NO_EVIDENCE_CLASS_THRESHOLD_MET']
CD8A,Myeloid,IFN_II_6h,-1.007504498502725,0.5418555999319683,-2.069541474369383,0.05453247736393285,,,,1.0,3,0.42319138830715436,0.01557632398753894,0.031446540880503145,,,UNAVAILABLE,True,INSUFFICIENT,['NO_EVIDENCE_CLASS_THRESHOLD_MET']
CD8A,Myeloid,IFN_I_18h,0.0,1e-06,-1.96e-06,1.96e-06,,,,1.0,3,1.0,0.0,0.0,,,UNAVAILABLE,True,INSUFFICIENT,['TARGET_UNDETECTED']
CD8A,Myeloid,TLR_1h,-0.2540429061874492,1.8911228143519425,-3.9606436223172565,3.452557809942358,,,,1.0,4,1.0,0.0859375,0.03614457831325301,,,UNAVAILABLE,True,INSUFFICIENT,['NO_EVIDENCE_CLASS_THRESHOLD_MET']
CD8A,Myeloid,TLR_6h,0.4316151596000555,1.0225818033888163,-1.5726451750420243,2.4358754942421355,,,,1.0,4,0.8879470633881066,0.08235294117647059,0.031446540880503145,,,UNAVAILABLE,True,INSUFFICIENT,['NO_EVIDENCE_CLASS_THRESHOLD_MET']
CD8A,NK_cell,IFN_II_1h,1.3007653450451233,0.17934890152517352,0.9492414980557833,1.6522891920344633,,,,1.0,3,0.062164758276663165,0.587248322147651,0.4313304721030043,,,UNAVAILABLE,True,C,[]
CD8A,NK_cell,IFN_II_6h,1.6116865588268194,0.13568671750246847,1.3457405925219812,1.8776325251316577,,,,1.0,3,0.026330317489966313,0.6458333333333334,0.3581081081081081,,,UNAVAILABLE,True,C,[]
CD8A,NK_cell,TLR_1h,0.21378275108719658,0.2965076313959638,-0.36737220644889246,0.7949377086232856,,,,1.0,4,0.7230886305698435,0.4642857142857143,0.4313304721030043,,,UNAVAILABLE,False,INSUFFICIENT,['NO_RELEVANT_STIMULUS_COVERAGE']
CD8A,NK_cell,TLR_6h,0.364022082559162,0.07578580439160736,0.2154819059516116,0.5125622591667125,,,,1.0,4,0.05798542420930326,0.5169172932330827,0.3581081081081081,,,UNAVAILABLE,False,INSUFFICIENT,['NO_RELEVANT_STIMULUS_COVERAGE']
CD8A,T_cell,IFN_II_1h,0.9291491097101863,0.10658599959708634,0.720240550499897,1.1380576689204756,,,,1.0,3,0.045141663322541145,0.2696456086286595,0.18714859437751005,,,UNAVAILABLE,True,C,[]
CD8A,T_cell,IFN_II_6h,0.5411653618728511,0.2503715415803799,0.050437140375306555,1.0318935833703957,,,,1.0,3,0.3697336940984934,0.29025844930417494,0.20286659316427783,,,UNAVAILABLE,True,C,[]
CD8A,T_cell,TLR_1h,0.15145013176278765,0.2319103908273865,-0.30309423425888987,0.6059944977844651,,,,1.0,4,0.7578036941127204,0.2153153153153153,0.18714859437751005,,,UNAVAILABLE,False,INSUFFICIENT,['NO_RELEVANT_STIMULUS_COVERAGE']
CD8A,T_cell,TLR_6h,-0.25641633902991456,0.1437667564958856,-0.5381991817618503,0.025366503702021204,,,,1.0,4,0.38624102561326984,0.23320754716981132,0.20286659316427783,,,UNAVAILABLE,False,INSUFFICIENT,['NO_RELEVANT_STIMULUS_COVERAGE']
CD8A,T_cell,lymphocyte_activation_12h,-0.16859679537796834,0.13239466052007826,-0.4280903299973217,0.09089673924138503,,,,1.0,19,0.4447614818741222,1.0,0.9523809523809523,,,UNAVAILABLE,True,INSUFFICIENT,['NO_EVIDENCE_CLASS_THRESHOLD_MET']
CD8A,T_cell,lymphocyte_activation_24h,0.030020551853890253,0.11625242430976544,-0.19783419979325,0.2578753035010305,,,,1.0,24,0.968680101844313,1.0,0.9615384615384616,,,UNAVAILABLE,True,INSUFFICIENT,['NO_EVIDENCE_CLASS_THRESHOLD_MET']
CD8A,T_cell,lymphocyte_activation_2h,-0.03360221731730203,0.032729551590817536,-0.09775213843530439,0.030547703800700342,,,,1.0,23,0.5670223921589183,0.96,0.96,,,UNAVAILABLE,True,INSUFFICIENT,['NO_EVIDENCE_CLASS_THRESHOLD_MET']
CD8A,T_cell,lymphocyte_activation_48h,0.29296304121638406,0.1151312369037883,0.06730581688495899,0.5186202655478092,,,,1.0,22,0.0631939323751607,1.0,0.9583333333333334,,,UNAVAILABLE,True,INSUFFICIENT,['NO_EVIDENCE_CLASS_THRESHOLD_MET']
CD8A,T_cell,lymphocyte_activation_4h,0.022555659711519713,0.07145307476641886,-0.11749236683066125,0.16260368625370067,,,,1.0,24,0.9289422716008299,1.0,0.9615384615384616,,,UNAVAILABLE,True,INSUFFICIENT,['NO_EVIDENCE_CLASS_THRESHOLD_MET']
CD8A,T_cell,lymphocyte_activation_72h,1.2541868856886937,0.18328894379317814,0.8949405558540646,1.6134332155233229,,,,1.0,24,2.840410777004407e-06,1.0,0.9615384615384616,,,UNAVAILABLE,True,B,[]
CD8A,T_cell,lymphocyte_activation_8h,-0.20003904341136927,0.1092863090723306,-0.4142402091931372,0.014162122370398683,,,,1.0,24,0.20722548389003506,0.9615384615384616,0.9615384615384616,,,UNAVAILABLE,True,INSUFFICIENT,['NO_EVIDENCE_CLASS_THRESHOLD_MET']
CLDN18,B_cell,IFN_II_1h,0.0,1e-06,-1.96e-06,1.96e-06,,,,1.0,3,1.0,0.0,0.0,,,UNAVAILABLE,True,INSUFFICIENT,['TARGET_UNDETECTED']
CLDN18,B_cell,IFN_II_6h,0.0,1e-06,-1.96e-06,1.96e-06,,,,1.0,3,1.0,0.0,0.0,,,UNAVAILABLE,True,INSUFFICIENT,['TARGET_UNDETECTED']
CLDN18,B_cell,TLR_1h,0.0,1e-06,-1.96e-06,1.96e-06,,,,1.0,4,1.0,0.0,0.0,,,UNAVAILABLE,True,INSUFFICIENT,['TARGET_UNDETECTED']
CLDN18,B_cell,TLR_6h,0.0,1e-06,-1.96e-06,1.96e-06,,,,1.0,4,1.0,0.0,0.0,,,UNAVAILABLE,True,INSUFFICIENT,['TARGET_UNDETECTED']
CLDN18,Myeloid,IFN_II_1h,0.0,1e-06,-1.96e-06,1.96e-06,,,,1.0,3,1.0,0.0,0.0,,,UNAVAILABLE,True,INSUFFICIENT,['TARGET_UNDETECTED']
CLDN18,Myeloid,IFN_II_6h,0.0,1e-06,-1.96e-06,1.96e-06,,,,1.0,3,1.0,0.0,0.0,,,UNAVAILABLE,True,INSUFFICIENT,['TARGET_UNDETECTED']
CLDN18,Myeloid,IFN_I_18h,0.1145363096024427,0.1145363096024427,-0.10995485721834498,0.3390274764232304,,,,1.0,3,0.6234964436910937,0.00039184952978056425,0.0,,,UNAVAILABLE,True,INSUFFICIENT,['NO_EVIDENCE_CLASS_THRESHOLD_MET']
CLDN18,Myeloid,TLR_1h,0.0,1e-06,-1.96e-06,1.96e-06,,,,1.0,4,1.0,0.0,0.0,,,UNAVAILABLE,True,INSUFFICIENT,['TARGET_UNDETECTED']
CLDN18,Myeloid,TLR_6h,0.0,1e-06,-1.96e-06,1.96e-06,,,,1.0,4,1.0,0.0,0.0,,,UNAVAILABLE,True,INSUFFICIENT,['TARGET_UNDETECTED']
CLDN18,NK_cell,IFN_II_1h,0.0,1e-06,-1.96e-06,1.96e-06,,,,1.0,3,1.0,0.0,0.0,,,UNAVAILABLE,True,INSUFFICIENT,['TARGET_UNDETECTED']
CLDN18,NK_cell,IFN_II_6h,0.0,1e-06,-1.96e-06,1.96e-06,,,,1.0,3,1.0,0.0,0.0,,,UNAVAILABLE,True,INSUFFICIENT,['TARGET_UNDETECTED']
CLDN18,NK_cell,TLR_1h,0.0,1e-06,-1.96e-06,1.96e-06,,,,1.0,4,1.0,0.0,0.0,,,UNAVAILABLE,False,INSUFFICIENT,"['TARGET_UNDETECTED', 'NO_RELEVANT_STIMULUS_COVERAGE']"
CLDN18,NK_cell,TLR_6h,0.0,1e-06,-1.96e-06,1.96e-06,,,,1.0,4,1.0,0.0,0.0,,,UNAVAILABLE,False,INSUFFICIENT,"['TARGET_UNDETECTED', 'NO_RELEVANT_STIMULUS_COVERAGE']"
CLDN18,T_cell,IFN_II_1h,0.0,1e-06,-1.96e-06,1.96e-06,,,,1.0,3,1.0,0.0,0.0,,,UNAVAILABLE,True,INSUFFICIENT,['TARGET_UNDETECTED']
CLDN18,T_cell,IFN_II_6h,0.0,1e-06,-1.96e-06,1.96e-06,,,,1.0,3,1.0,0.0,0.0,,,UNAVAILABLE,True,INSUFFICIENT,['TARGET_UNDETECTED']
CLDN18,T_cell,TLR_1h,0.0,1e-06,-1.96e-06,1.96e-06,,,,1.0,4,1.0,0.0,0.0,,,UNAVAILABLE,False,INSUFFICIENT,"['TARGET_UNDETECTED', 'NO_RELEVANT_STIMULUS_COVERAGE']"
CLDN18,T_cell,TLR_6h,0.0,1e-06,-1.96e-06,1.96e-06,,,,1.0,4,1.0,0.0,0.0,,,UNAVAILABLE,False,INSUFFICIENT,"['TARGET_UNDETECTED', 'NO_RELEVANT_STIMULUS_COVERAGE']"
CLDN18,T_cell,lymphocyte_activation_12h,0.0,1e-06,-1.96e-06,1.96e-06,,,,1.0,19,1.0,0.0,0.0,,,UNAVAILABLE,True,INSUFFICIENT,['TARGET_UNDETECTED']
CLDN18,T_cell,lymphocyte_activation_24h,0.0,1e-06,-1.96e-06,1.96e-06,,,,1.0,24,1.0,0.0,0.0,,,UNAVAILABLE,True,INSUFFICIENT,['TARGET_UNDETECTED']
CLDN18,T_cell,lymphocyte_activation_2h,0.0,1e-06,-1.96e-06,1.96e-06,,,,1.0,23,1.0,0.0,0.0,,,UNAVAILABLE,True,INSUFFICIENT,['TARGET_UNDETECTED']
CLDN18,T_cell,lymphocyte_activation_48h,0.0,1e-06,-1.96e-06,1.96e-06,,,,1.0,22,1.0,0.0,0.0,,,UNAVAILABLE,True,INSUFFICIENT,['TARGET_UNDETECTED']
CLDN18,T_cell,lymphocyte_activation_4h,0.0,1e-06,-1.96e-06,1.96e-06,,,,1.0,24,1.0,0.0,0.0,,,UNAVAILABLE,True,INSUFFICIENT,['TARGET_UNDETECTED']
CLDN18,T_cell,lymphocyte_activation_72h,0.0,1e-06,-1.96e-06,1.96e-06,,,,1.0,24,1.0,0.0,0.0,,,UNAVAILABLE,True,INSUFFICIENT,['TARGET_UNDETECTED']
CLDN18,T_cell,lymphocyte_activation_8h,0.0,1e-06,-1.96e-06,1.96e-06,,,,1.0,24,1.0,0.0,0.0,,,UNAVAILABLE,True,INSUFFICIENT,['TARGET_UNDETECTED']
CLDN6,Myeloid,IFN_I_18h,0.0,1e-06,-1.96e-06,1.96e-06,,,,1.0,3,1.0,0.0,0.0,,,UNAVAILABLE,True,INSUFFICIENT,['TARGET_UNDETECTED']
CLDN6,T_cell,lymphocyte_activation_12h,-0.005778713324928878,0.010995622798099982,-0.02733013400920484,0.015772707359347087,,,,1.0,19,0.8005990917906619,0.2857142857142857,0.2857142857142857,,,UNAVAILABLE,True,INSUFFICIENT,['NO_EVIDENCE_CLASS_THRESHOLD_MET']
CLDN6,T_cell,lymphocyte_activation_24h,-0.00867225761603143,0.008096919122364203,-0.024542219095865268,0.007197703863802408,,,,1.0,24,0.5460025386009754,0.15384615384615385,0.2692307692307692,,,UNAVAILABLE,True,INSUFFICIENT,['NO_EVIDENCE_CLASS_THRESHOLD_MET']
CLDN6,T_cell,lymphocyte_activation_2h,0.0317131962351435,0.013321462094477519,0.005603130529967564,0.057823261940319434,,,,1.0,23,0.08413716661920807,0.64,0.28,,,UNAVAILABLE,True,INSUFFICIENT,['NO_EVIDENCE_CLASS_THRESHOLD_MET']
CLDN6,T_cell,lymphocyte_activation_48h,0.0017315735364732455,0.01002116604792917,-0.01790991191746793,0.021373058990414417,,,,1.0,22,1.0,0.25,0.25,,,UNAVAILABLE,True,INSUFFICIENT,['NO_EVIDENCE_CLASS_THRESHOLD_MET']
CLDN6,T_cell,lymphocyte_activation_4h,0.023450035807826324,0.011337645660653687,0.001228250312945097,0.045671821302707555,,,,1.0,24,0.13967542520056714,0.5,0.2692307692307692,,,UNAVAILABLE,True,INSUFFICIENT,['NO_EVIDENCE_CLASS_THRESHOLD_MET']
CLDN6,T_cell,lymphocyte_activation_72h,0.012994994980100006,0.01088266109652378,-0.008335020769086604,0.03432501072928661,,,,1.0,24,0.4820234814057034,0.5,0.2692307692307692,,,UNAVAILABLE,True,INSUFFICIENT,['NO_EVIDENCE_CLASS_THRESHOLD_MET']
CLDN6,T_cell,lymphocyte_activation_8h,-0.0033780193526277503,0.009260166830110493,-0.021527946339644315,0.014771907634388817,,,,1.0,24,0.9015059058710448,0.2692307692307692,0.2692307692307692,,,UNAVAILABLE,True,INSUFFICIENT,['NO_EVIDENCE_CLASS_THRESHOLD_MET']
CTLA4,B_cell,IFN_II_1h,1.4466041806840166,1.9522709178720405,-2.3798468183451824,5.273055179713216,,,,1.0,3,0.7355472154764566,0.023809523809523808,0.013927576601671309,,,UNAVAILABLE,True,INSUFFICIENT,['NO_EVIDENCE_CLASS_THRESHOLD_MET']
CTLA4,B_cell,IFN_II_6h,-1.3430649604487597,1.3430649604487597,-3.9754722829283287,1.2893423620308093,,,,1.0,3,0.6234964436910937,0.0,0.006349206349206349,,,UNAVAILABLE,True,INSUFFICIENT,['NO_EVIDENCE_CLASS_THRESHOLD_MET']
CTLA4,B_cell,TLR_1h,-0.4678387317994291,1.7657292641261828,-3.9286680894867474,2.9929906258878893,,,,1.0,4,0.9745104086177031,0.006666666666666667,0.013927576601671309,,,UNAVAILABLE,True,INSUFFICIENT,['NO_EVIDENCE_CLASS_THRESHOLD_MET']
CTLA4,B_cell,TLR_6h,3.3992085116433226,0.9478904821047262,1.5413431667180595,5.257073856568586,,,,1.0,4,0.10961640937049229,0.020224719101123594,0.006349206349206349,,,UNAVAILABLE,True,INSUFFICIENT,['NO_EVIDENCE_CLASS_THRESHOLD_MET']
CTLA4,Myeloid,IFN_II_1h,-2.4533171188969525,1.3495777339359576,-5.098489477411429,0.19185523961752438,,,,1.0,3,0.43365653564160306,0.0,0.004819277108433735,,,UNAVAILABLE,True,INSUFFICIENT,['NO_EVIDENCE_CLASS_THRESHOLD_MET']
CTLA4,Myeloid,IFN_II_6h,1.8165878291716522,0.9220362394137137,0.009396799920773358,3.623778858422531,,,,1.0,3,0.4034374823664665,0.009345794392523364,0.0,,,UNAVAILABLE,True,INSUFFICIENT,['NO_EVIDENCE_CLASS_THRESHOLD_MET']
CTLA4,Myeloid,IFN_I_18h,0.1247513683971957,0.5257628064532537,-0.9057437322511814,1.1552464690455728,,,,1.0,3,0.9943611215979722,0.0066614420062695925,0.006731173748422381,,,UNAVAILABLE,True,INSUFFICIENT,['NO_EVIDENCE_CLASS_THRESHOLD_MET']
CTLA4,Myeloid,TLR_1h,-2.610568966314247,0.9671650187449962,-4.506212403054439,-0.7149255295740546,,,,1.0,4,0.19312719510118734,0.0,0.004819277108433735,,,UNAVAILABLE,True,INSUFFICIENT,['NO_EVIDENCE_CLASS_THRESHOLD_MET']
CTLA4,Myeloid,TLR_6h,0.9684266385120569,0.9684266385120567,-0.9296895729715741,2.866542849995688,,,,1.0,4,0.6234964436910937,0.011764705882352941,0.0,,,UNAVAILABLE,True,INSUFFICIENT,['NO_EVIDENCE_CLASS_THRESHOLD_MET']
CTLA4,NK_cell,IFN_II_1h,1.7273892213114486,2.329877248318672,-2.839170185393148,6.293948628016046,,,,1.0,3,0.7355472154764566,0.020134228187919462,0.006437768240343348,,,UNAVAILABLE,True,INSUFFICIENT,['NO_EVIDENCE_CLASS_THRESHOLD_MET']
CTLA4,NK_cell,IFN_II_6h,-1.643964165091938,1.049140569889193,-3.700279682074756,0.4123513518908799,,,,1.0,3,0.5020163348352369,0.006944444444444444,0.006756756756756757,,,UNAVAILABLE,True,INSUFFICIENT,['NO_EVIDENCE_CLASS_THRESHOLD_MET']
CTLA4,NK_cell,TLR_1h,1.898932236676949,1.1182732447602317,-0.29288332305310494,4.090747796407003,,,,1.0,4,0.4034374823664665,0.02100840336134454,0.006437768240343348,,,UNAVAILABLE,False,INSUFFICIENT,['NO_RELEVANT_STIMULUS_COVERAGE']
CTLA4,NK_cell,TLR_6h,0.838240215801003,0.9059199767425443,-0.9373629386143837,2.6138433702163897,,,,1.0,4,0.6234964436910937,0.016917293233082706,0.006756756756756757,,,UNAVAILABLE,False,INSUFFICIENT,['NO_RELEVANT_STIMULUS_COVERAGE']
CTLA4,T_cell,IFN_II_1h,0.8933078522286163,0.28831129062816585,0.3282177225974112,1.4583979818598214,,,,1.0,3,0.22566708296541907,0.05855161787365177,0.020080321285140562,,,UNAVAILABLE,True,C,[]
CTLA4,T_cell,IFN_II_6h,0.15097948100192995,0.36010202709944333,-0.554820492112979,0.8567794541168389,,,,1.0,3,0.899606775499659,0.06560636182902585,0.020948180815876516,,,UNAVAILABLE,True,INSUFFICIENT,['NO_EVIDENCE_CLASS_THRESHOLD_MET']
CTLA4,T_cell,TLR_1h,0.7603507873453856,0.8391204933809813,-0.8843253796813377,2.405026954372109,,,,1.0,4,0.6287310053175181,0.02252252252252252,0.020080321285140562,,,UNAVAILABLE,False,INSUFFICIENT,['NO_RELEVANT_STIMULUS_COVERAGE']
CTLA4,T_cell,TLR_6h,0.5068210204942296,0.5871354025232458,-0.6439643684513321,1.6576064094397913,,,,1.0,4,0.6468195541625108,0.052075471698113204,0.020948180815876516,,,UNAVAILABLE,False,INSUFFICIENT,['NO_RELEVANT_STIMULUS_COVERAGE']
CTLA4,T_cell,lymphocyte_activation_12h,3.578818122992041,0.039343188529541266,3.50170547347414,3.655930772509942,,,,1.0,19,9.208204302451745e-24,1.0,1.0,,,UNAVAILABLE,True,B,[]
CTLA4,T_cell,lymphocyte_activation_24h,4.244463967302968,0.05258444906200505,4.141398447141438,4.347529487464498,,,,1.0,24,1.4487415138699555e-27,1.0,1.0,,,UNAVAILABLE,True,B,[]
CTLA4,T_cell,lymphocyte_activation_2h,2.2666382944842325,0.09867590541237198,2.0732335198759833,2.4600430690924817,,,,1.0,23,8.880024326516586e-16,1.0,1.0,,,UNAVAILABLE,True,B,[]
CTLA4,T_cell,lymphocyte_activation_48h,3.413199436005598,0.07179961813838322,3.272472184454367,3.553926687556829,,,,1.0,22,2.1797582173491525e-21,1.0,1.0,,,UNAVAILABLE,True,B,[]
CTLA4,T_cell,lymphocyte_activation_4h,3.3083557192554394,0.04089253329376012,3.2282063539996697,3.388505084511209,,,,1.0,24,1.4487415138699555e-27,1.0,1.0,,,UNAVAILABLE,True,B,[]
CTLA4,T_cell,lymphocyte_activation_72h,3.0107945509082383,0.07393628891219062,2.8658794246403447,3.155709677176132,,,,1.0,24,1.8927841046360773e-21,1.0,1.0,,,UNAVAILABLE,True,B,[]
CTLA4,T_cell,lymphocyte_activation_8h,3.42264451539344,0.03509313577531514,3.3538619692738223,3.4914270615130576,,,,1.0,24,5.667935319786224e-29,1.0,1.0,,,UNAVAILABLE,True,B,[]
DLL3,B_cell,IFN_II_1h,0.0,1e-06,-1.96e-06,1.96e-06,,,,1.0,3,1.0,0.0,0.0,,,UNAVAILABLE,True,INSUFFICIENT,['TARGET_UNDETECTED']
DLL3,B_cell,IFN_II_6h,-1.0383188779779442,1.0383188779779442,-3.0734238788147143,0.9967861228588262,,,,1.0,3,0.6234964436910937,0.0,0.0031746031746031746,,,UNAVAILABLE,True,INSUFFICIENT,['NO_EVIDENCE_CLASS_THRESHOLD_MET']
DLL3,B_cell,TLR_1h,0.0,1e-06,-1.96e-06,1.96e-06,,,,1.0,4,1.0,0.0,0.0,,,UNAVAILABLE,True,INSUFFICIENT,['TARGET_UNDETECTED']
DLL3,B_cell,TLR_6h,-0.7787391584834581,0.778739158483458,-2.3050679091110355,0.7475895921441195,,,,1.0,4,0.6234964436910937,0.0,0.0031746031746031746,,,UNAVAILABLE,True,INSUFFICIENT,['NO_EVIDENCE_CLASS_THRESHOLD_MET']
DLL3,Myeloid,IFN_II_1h,-0.4418005308416024,0.4418005308416024,-1.3077295712911432,0.42412850960793835,,,,1.0,3,0.6234964436910937,0.0,0.0012048192771084338,,,UNAVAILABLE,True,INSUFFICIENT,['NO_EVIDENCE_CLASS_THRESHOLD_MET']
DLL3,Myeloid,IFN_II_6h,0.0,1e-06,-1.96e-06,1.96e-06,,,,1.0,3,1.0,0.0,0.0,,,UNAVAILABLE,True,INSUFFICIENT,['TARGET_UNDETECTED']
DLL3,Myeloid,IFN_I_18h,0.0,1e-06,-1.96e-06,1.96e-06,,,,1.0,3,1.0,0.0,0.0,,,UNAVAILABLE,True,INSUFFICIENT,['TARGET_UNDETECTED']
DLL3,Myeloid,TLR_1h,-0.33135039813120176,0.3313503981312017,-0.9807971784683571,0.31809638220595354,,,,1.0,4,0.6234964436910937,0.0,0.0012048192771084338,,,UNAVAILABLE,True,INSUFFICIENT,['NO_EVIDENCE_CLASS_THRESHOLD_MET']
DLL3,Myeloid,TLR_6h,0.0,1e-06,-1.96e-06,1.96e-06,,,,1.0,4,1.0,0.0,0.0,,,UNAVAILABLE,True,INSUFFICIENT,['TARGET_UNDETECTED']
DLL3,NK_cell,IFN_II_1h,0.0,1e-06,-1.96e-06,1.96e-06,,,,1.0,3,1.0,0.0,0.0,,,UNAVAILABLE,True,INSUFFICIENT,['TARGET_UNDETECTED']
DLL3,NK_cell,IFN_II_6h,0.0,1e-06,-1.96e-06,1.96e-06,,,,1.0,3,1.0,0.0,0.0,,,UNAVAILABLE,True,INSUFFICIENT,['TARGET_UNDETECTED']
DLL3,NK_cell,TLR_1h,0.0,1e-06,-1.96e-06,1.96e-06,,,,1.0,4,1.0,0.0,0.0,,,UNAVAILABLE,False,INSUFFICIENT,"['TARGET_UNDETECTED', 'NO_RELEVANT_STIMULUS_COVERAGE']"
DLL3,NK_cell,TLR_6h,0.5186321042782266,0.5186321042782266,-0.4978868201070975,1.5351510286635506,,,,1.0,4,0.6234964436910937,0.0018796992481203006,0.0,,,UNAVAILABLE,False,INSUFFICIENT,['NO_RELEVANT_STIMULUS_COVERAGE']
DLL3,T_cell,IFN_II_1h,0.0,1e-06,-1.96e-06,1.96e-06,,,,1.0,3,1.0,0.0,0.0,,,UNAVAILABLE,True,INSUFFICIENT,['TARGET_UNDETECTED']
DLL3,T_cell,IFN_II_6h,-0.9072863472598733,0.9072863472598736,-2.6855675878892256,0.8709948933694789,,,,1.0,3,0.6234964436910937,0.0,0.0011025358324145535,,,UNAVAILABLE,True,INSUFFICIENT,['NO_EVIDENCE_CLASS_THRESHOLD_MET']
DLL3,T_cell,TLR_1h,0.35831835301864473,0.35831835301864473,-0.34398561889789897,1.0606223249351885,,,,1.0,4,0.6234964436910937,0.0009009009009009009,0.0,,,UNAVAILABLE,False,INSUFFICIENT,['NO_RELEVANT_STIMULUS_COVERAGE']
DLL3,T_cell,TLR_6h,0.6613624639014106,0.679442724569867,-0.6703452762555286,1.99307020405835,,,,1.0,4,0.6234964436910937,0.0037735849056603774,0.0011025358324145535,,,UNAVAILABLE,False,INSUFFICIENT,['NO_RELEVANT_STIMULUS_COVERAGE']
DLL3,T_cell,lymphocyte_activation_12h,0.6230264314836393,0.0511263800547816,0.5228187265762674,0.7232341363910113,,,,1.0,19,2.523706429211371e-09,1.0,0.7142857142857143,,,UNAVAILABLE,True,C,[]
DLL3,T_cell,lymphocyte_activation_24h,0.8346577251724087,0.05312557067032914,0.7305316066585635,0.9387838436862538,,,,1.0,24,7.597839268894854e-13,1.0,0.6923076923076923,,,UNAVAILABLE,True,B,[]
DLL3,T_cell,lymphocyte_activation_2h,-0.030666677600628738,0.017688098218487942,-0.0653353501088651,0.00400199490760763,,,,1.0,23,0.2399136316091592,0.48,0.72,,,UNAVAILABLE,True,INSUFFICIENT,['NO_EVIDENCE_CLASS_THRESHOLD_MET']
DLL3,T_cell,lymphocyte_activation_48h,0.46687803732451766,0.043905483433991664,0.380823289793894,0.5529327848551413,,,,1.0,22,4.095786084754794e-09,1.0,0.7083333333333334,,,UNAVAILABLE,True,INSUFFICIENT,['NO_EVIDENCE_CLASS_THRESHOLD_MET']
DLL3,T_cell,lymphocyte_activation_4h,0.1297263319471366,0.032565891106888005,0.0658971853776361,0.19355547851663707,,,,1.0,24,0.002578077372708531,1.0,0.6923076923076923,,,UNAVAILABLE,True,INSUFFICIENT,['NO_EVIDENCE_CLASS_THRESHOLD_MET']
DLL3,T_cell,lymphocyte_activation_72h,0.27388873043869166,0.031917673799707676,0.2113300897912646,0.3364473710861187,,,,1.0,24,7.089234510786532e-08,1.0,0.6923076923076923,,,UNAVAILABLE,True,INSUFFICIENT,['NO_EVIDENCE_CLASS_THRESHOLD_MET']
DLL3,T_cell,lymphocyte_activation_8h,0.47587857166650177,0.053685811645101444,0.37065438084210295,0.5811027624909006,,,,1.0,24,4.048079342737579e-08,1.0,0.6923076923076923,,,UNAVAILABLE,True,INSUFFICIENT,['NO_EVIDENCE_CLASS_THRESHOLD_MET']
ENTPD1,B_cell,IFN_II_1h,-0.28809931078328654,0.7462000171326216,-1.750651344363225,1.174452722796652,,,,1.0,3,0.9100806684246591,0.047619047619047616,0.022284122562674095,,,UNAVAILABLE,True,INSUFFICIENT,['NO_EVIDENCE_CLASS_THRESHOLD_MET']
ENTPD1,B_cell,IFN_II_6h,-2.0501877150774974,1.5490699152598084,-5.086364748986721,0.9859893188317268,,,,1.0,3,0.5675822684384334,0.013513513513513514,0.03492063492063492,,,UNAVAILABLE,True,INSUFFICIENT,['NO_EVIDENCE_CLASS_THRESHOLD_MET']
ENTPD1,B_cell,TLR_1h,1.7501351955737188,1.0267225827566748,-0.26224106662936375,3.7625114577768013,,,,1.0,4,0.4034374823664665,0.023333333333333334,0.022284122562674095,,,UNAVAILABLE,True,INSUFFICIENT,['NO_EVIDENCE_CLASS_THRESHOLD_MET']
ENTPD1,B_cell,TLR_6h,-0.8110040768289224,0.6049401774875917,-1.9966868247046021,0.37467867104675734,,,,1.0,4,0.5182589345917236,0.020224719101123594,0.03492063492063492,,,UNAVAILABLE,True,INSUFFICIENT,['NO_EVIDENCE_CLASS_THRESHOLD_MET']
ENTPD1,Myeloid,IFN_II_1h,-0.3240704856118463,0.3920797151336961,-1.0925467272738907,0.444405756050198,,,,1.0,3,0.6937297320984335,0.06896551724137931,0.060240963855421686,,,UNAVAILABLE,True,INSUFFICIENT,['NO_EVIDENCE_CLASS_THRESHOLD_MET']
ENTPD1,Myeloid,IFN_II_6h,0.6766432624682862,1.2314821899055481,-1.737061829746588,3.0903483546831603,,,,1.0,3,0.830444576517884,0.0529595015576324,0.03459119496855346,,,UNAVAILABLE,True,C,[]
ENTPD1,Myeloid,IFN_I_18h,-1.6848256983639942,0.19798039818911764,-2.0728672788146647,-1.2967841179133237,,,,1.0,3,0.04713345636665929,0.06700626959247649,0.24106015986537652,,,UNAVAILABLE,True,INSUFFICIENT,['NO_EVIDENCE_CLASS_THRESHOLD_MET']
ENTPD1,Myeloid,TLR_1h,-1.7451571689354937,1.5191071082265544,-4.72260710105954,1.2322927631885527,,,,1.0,4,0.5887629674437821,0.0625,0.060240963855421686,,,UNAVAILABLE,True,INSUFFICIENT,['NO_EVIDENCE_CLASS_THRESHOLD_MET']
ENTPD1,Myeloid,TLR_6h,-1.648007933465761,2.0086491986051906,-5.584960362731934,2.2889444958004126,,,,1.0,4,0.6722214742346136,0.03137254901960784,0.03459119496855346,,,UNAVAILABLE,True,INSUFFICIENT,['NO_EVIDENCE_CLASS_THRESHOLD_MET']
ENTPD1,NK_cell,IFN_II_1h,-0.5564193753883842,0.5564193753883843,-1.6470013511496173,0.534162600372849,,,,1.0,3,0.6234964436910937,0.003355704697986577,0.004291845493562232,,,UNAVAILABLE,True,INSUFFICIENT,['NO_EVIDENCE_CLASS_THRESHOLD_MET']
ENTPD1,NK_cell,IFN_II_6h,-2.70450648604907,1.3800624456840935,-5.4094288795898935,0.00041590749175313135,,,,1.0,3,0.4046833062568429,0.0,0.006756756756756757,,,UNAVAILABLE,True,INSUFFICIENT,['NO_EVIDENCE_CLASS_THRESHOLD_MET']
ENTPD1,NK_cell,TLR_1h,-1.318573195514927,1.3430686759896677,-3.9509878004546755,1.3138414094248219,,,,1.0,4,0.6234964436910937,0.0021008403361344537,0.004291845493562232,,,UNAVAILABLE,False,INSUFFICIENT,['NO_RELEVANT_STIMULUS_COVERAGE']
ENTPD1,NK_cell,TLR_6h,-1.509747760258576,1.5426388397309028,-4.533319886131146,1.5138243656139934,,,,1.0,4,0.6234964436910937,0.0018796992481203006,0.006756756756756757,,,UNAVAILABLE,False,INSUFFICIENT,['NO_RELEVANT_STIMULUS_COVERAGE']
ENTPD1,T_cell,IFN_II_1h,-1.7416182204907855,0.5328674671213085,-2.7860384560485505,-0.6971979849330208,,,,1.0,3,0.21190184155631495,0.0015408320493066256,0.004819277108433735,,,UNAVAILABLE,True,INSUFFICIENT,['NO_EVIDENCE_CLASS_THRESHOLD_MET']
ENTPD1,T_cell,IFN_II_6h,0.9794942526534561,1.9186737098567777,-2.781106218665828,4.7400947239727405,,,,1.0,3,0.8488099727966287,0.017892644135188866,0.0033076074972436605,,,UNAVAILABLE,True,INSUFFICIENT,['NO_EVIDENCE_CLASS_THRESHOLD_MET']
ENTPD1,T_cell,TLR_1h,-1.8084041310013355,0.3175379571261549,-2.430778526968599,-1.1860297350340718,,,,1.0,4,0.0386325672455377,0.0009009009009009009,0.004819277108433735,,,UNAVAILABLE,False,INSUFFICIENT,['NO_RELEVANT_STIMULUS_COVERAGE']
ENTPD1,T_cell,TLR_6h,0.36465250457918097,1.39901171343461,-2.377410453752655,3.106715462911017,,,,1.0,4,0.9745104086177031,0.00830188679245283,0.0033076074972436605,,,UNAVAILABLE,False,INSUFFICIENT,['NO_RELEVANT_STIMULUS_COVERAGE']
ENTPD1,T_cell,lymphocyte_activation_12h,-2.0163266025457394,0.08704482603380122,-2.18693446157199,-1.845718743519489,,,,1.0,19,7.802179155924736e-14,1.0,1.0,,,UNAVAILABLE,True,INSUFFICIENT,['NO_EVIDENCE_CLASS_THRESHOLD_MET']
ENTPD1,T_cell,lymphocyte_activation_24h,-1.8040306068576573,0.09395574373158404,-1.988183864571562,-1.6198773491437526,,,,1.0,24,1.3109754612638322e-14,1.0,1.0,,,UNAVAILABLE,True,INSUFFICIENT,['NO_EVIDENCE_CLASS_THRESHOLD_MET']
ENTPD1,T_cell,lymphocyte_activation_2h,-0.36921108245231077,0.05158244890105924,-0.47031268229838685,-0.2681094826062347,,,,1.0,23,1.821269988388614e-06,1.0,1.0,,,UNAVAILABLE,True,INSUFFICIENT,['NO_EVIDENCE_CLASS_THRESHOLD_MET']
ENTPD1,T_cell,lymphocyte_activation_48h,-1.5526733931996084,0.12606928809104098,-1.7997691978580488,-1.305577588541168,,,,1.0,22,3.0632712866706555e-10,1.0,1.0,,,UNAVAILABLE,True,INSUFFICIENT,['NO_EVIDENCE_CLASS_THRESHOLD_MET']
ENTPD1,T_cell,lymphocyte_activation_4h,-1.4905263947368619,0.08146430828425182,-1.6501964389739954,-1.3308563504997284,,,,1.0,24,3.5857390841316395e-14,1.0,1.0,,,UNAVAILABLE,True,INSUFFICIENT,['NO_EVIDENCE_CLASS_THRESHOLD_MET']
ENTPD1,T_cell,lymphocyte_activation_72h,-0.6610454478065909,0.16088084082025927,-0.9763718958142991,-0.34571899979888276,,,,1.0,24,0.0019166908183274002,1.0,1.0,,,UNAVAILABLE,True,INSUFFICIENT,['NO_EVIDENCE_CLASS_THRESHOLD_MET']
ENTPD1,T_cell,lymphocyte_activation_8h,-1.9899805375504414,0.0791882118673186,-2.145189432810386,-1.834771642290497,,,,1.0,24,4.6844198560718356e-17,1.0,1.0,,,UNAVAILABLE,True,INSUFFICIENT,['NO_EVIDENCE_CLASS_THRESHOLD_MET']
ERBB2,B_cell,IFN_II_1h,-0.989472801693672,0.9894728016936719,-2.928839493013269,0.9498938896259248,,,,1.0,3,0.6234964436910937,0.0,0.005571030640668524,,,UNAVAILABLE,True,INSUFFICIENT,['NO_EVIDENCE_CLASS_THRESHOLD_MET']
ERBB2,B_cell,IFN_II_6h,0.0,1e-06,-1.96e-06,1.96e-06,,,,1.0,3,1.0,0.0,0.0,,,UNAVAILABLE,True,INSUFFICIENT,['TARGET_UNDETECTED']
ERBB2,B_cell,TLR_1h,-1.3071264203879869,0.7683957535771236,-2.8131820973991495,0.1989292566231755,,,,1.0,4,0.4034374823664665,0.0,0.005571030640668524,,,UNAVAILABLE,True,INSUFFICIENT,['NO_EVIDENCE_CLASS_THRESHOLD_MET']
ERBB2,B_cell,TLR_6h,1.232422611753447,0.7228613495287537,-0.18438563332291036,2.649230856829804,,,,1.0,4,0.4034374823664665,0.0044943820224719105,0.0,,,UNAVAILABLE,True,INSUFFICIENT,['NO_EVIDENCE_CLASS_THRESHOLD_MET']
ERBB2,Myeloid,IFN_II_1h,0.0,1e-06,-1.96e-06,1.96e-06,,,,1.0,3,1.0,0.0,0.0,,,UNAVAILABLE,True,INSUFFICIENT,['TARGET_UNDETECTED']
ERBB2,Myeloid,IFN_II_6h,0.0,1e-06,-1.96e-06,1.96e-06,,,,1.0,3,1.0,0.0,0.0,,,UNAVAILABLE,True,INSUFFICIENT,['TARGET_UNDETECTED']
ERBB2,Myeloid,IFN_I_18h,-0.540373719533911,0.2307786437654471,-0.9926998613141873,-0.0880475777536347,,,,1.0,3,0.3344883831153025,0.0023510971786833857,0.007572570466975179,,,UNAVAILABLE,True,INSUFFICIENT,['NO_EVIDENCE_CLASS_THRESHOLD_MET']
ERBB2,Myeloid,TLR_1h,0.0,1e-06,-1.96e-06,1.96e-06,,,,1.0,4,1.0,0.0,0.0,,,UNAVAILABLE,True,INSUFFICIENT,['TARGET_UNDETECTED']
ERBB2,Myeloid,TLR_6h,0.0,1e-06,-1.96e-06,1.96e-06,,,,1.0,4,1.0,0.0,0.0,,,UNAVAILABLE,True,INSUFFICIENT,['TARGET_UNDETECTED']
ERBB2,NK_cell,IFN_II_1h,2.912691289788613,1.5163395612967476,-0.05933425035301232,5.8847168299302375,,,,1.0,3,0.4106377067294336,0.016778523489932886,0.0,,,UNAVAILABLE,True,INSUFFICIENT,['NO_EVIDENCE_CLASS_THRESHOLD_MET']
ERBB2,NK_cell,IFN_II_6h,-2.357533271050613,1.179028258535383,-4.668428657779964,-0.04663788432126248,,,,1.0,3,0.40171882355669847,0.0,0.010135135135135136,,,UNAVAILABLE,True,INSUFFICIENT,['NO_EVIDENCE_CLASS_THRESHOLD_MET']
ERBB2,NK_cell,TLR_1h,2.1842646606490663,1.2612933635679187,-0.2878703319440543,4.656399653242187,,,,1.0,4,0.40171882355669847,0.01050420168067227,0.0,,,UNAVAILABLE,False,INSUFFICIENT,['NO_RELEVANT_STIMULUS_COVERAGE']
ERBB2,NK_cell,TLR_6h,-2.714725352890698,1.2331878878167775,-5.131773613011582,-0.29767709276981424,,,,1.0,4,0.2744786822888079,0.0018796992481203006,0.010135135135135136,,,UNAVAILABLE,False,INSUFFICIENT,['NO_RELEVANT_STIMULUS_COVERAGE']
ERBB2,T_cell,IFN_II_1h,0.0,1e-06,-1.96e-06,1.96e-06,,,,1.0,3,1.0,0.0,0.0,,,UNAVAILABLE,True,INSUFFICIENT,['TARGET_UNDETECTED']
ERBB2,T_cell,IFN_II_6h,-0.36526227622207386,0.8946361613208699,-2.1187491524109787,1.388224599966831,,,,1.0,3,0.9020567933678538,0.0019880715705765406,0.0011025358324145535,,,UNAVAILABLE,True,INSUFFICIENT,['NO_EVIDENCE_CLASS_THRESHOLD_MET']
ERBB2,T_cell,TLR_1h,0.6980925815598883,0.6980925815598883,-0.6701688782974927,2.066354041417269,,,,1.0,4,0.6234964436910937,0.0018018018018018018,0.0,,,UNAVAILABLE,False,INSUFFICIENT,['NO_RELEVANT_STIMULUS_COVERAGE']
ERBB2,T_cell,TLR_6h,0.030759428321904536,0.7456378095607514,-1.4306906784171682,1.4922095350609774,,,,1.0,4,1.0,0.0015094339622641509,0.0011025358324145535,,,UNAVAILABLE,False,INSUFFICIENT,['NO_RELEVANT_STIMULUS_COVERAGE']
ERBB2,T_cell,lymphocyte_activation_12h,-1.133432859272501,0.06091597302021515,-1.2528281663921226,-1.0140375521528793,,,,1.0,19,2.7174891612620276e-12,1.0,1.0,,,UNAVAILABLE,True,INSUFFICIENT,['NO_EVIDENCE_CLASS_THRESHOLD_MET']
ERBB2,T_cell,lymphocyte_activation_24h,-0.30217127545626155,0.033384077335650575,-0.3676040670341367,-0.23673848387838642,,,,1.0,24,2.8113702720581182e-08,1.0,1.0,,,UNAVAILABLE,True,INSUFFICIENT,['NO_EVIDENCE_CLASS_THRESHOLD_MET']
ERBB2,T_cell,lymphocyte_activation_2h,-0.1340904447871819,0.030132638804309494,-0.19315041684362852,-0.07503047273073529,,,,1.0,23,0.000936081215957288,1.0,1.0,,,UNAVAILABLE,True,INSUFFICIENT,['NO_EVIDENCE_CLASS_THRESHOLD_MET']
ERBB2,T_cell,lymphocyte_activation_48h,0.4518700041531241,0.05654886882213472,0.3410342212617401,0.5627057870445081,,,,1.0,22,4.428258936251695e-07,1.0,1.0,,,UNAVAILABLE,True,INSUFFICIENT,['NO_EVIDENCE_CLASS_THRESHOLD_MET']
ERBB2,T_cell,lymphocyte_activation_4h,-0.5828139904266422,0.03391182890952022,-0.6492811750893018,-0.5163468057639825,,,,1.0,24,1.253632653898177e-13,1.0,1.0,,,UNAVAILABLE,True,INSUFFICIENT,['NO_EVIDENCE_CLASS_THRESHOLD_MET']
ERBB2,T_cell,lymphocyte_activation_72h,0.4892204537883351,0.04823252916867822,0.3946846966177258,0.5837562109589445,,,,1.0,24,3.6888117882401324e-09,1.0,1.0,,,UNAVAILABLE,True,INSUFFICIENT,['NO_EVIDENCE_CLASS_THRESHOLD_MET']
ERBB2,T_cell,lymphocyte_activation_8h,-1.2070557590487803,0.03848240957438583,-1.2824812818145765,-1.131630236282984,,,,1.0,24,4.607863778268606e-19,1.0,1.0,,,UNAVAILABLE,True,INSUFFICIENT,['NO_EVIDENCE_CLASS_THRESHOLD_MET']
FAP,B_cell,IFN_II_1h,0.0,1e-06,-1.96e-06,1.96e-06,,,,1.0,3,1.0,0.0,0.0,,,UNAVAILABLE,True,INSUFFICIENT,['TARGET_UNDETECTED']
FAP,B_cell,IFN_II_6h,0.0,1e-06,-1.96e-06,1.96e-06,,,,1.0,3,1.0,0.0,0.0,,,UNAVAILABLE,True,INSUFFICIENT,['TARGET_UNDETECTED']
FAP,B_cell,TLR_1h,0.0,1e-06,-1.96e-06,1.96e-06,,,,1.0,4,1.0,0.0,0.0,,,UNAVAILABLE,True,INSUFFICIENT,['TARGET_UNDETECTED']
FAP,B_cell,TLR_6h,0.5114788295781164,0.5114788295781164,-0.4910196763949918,1.5139773355512247,,,,1.0,4,0.6234964436910937,0.0022471910112359553,0.0,,,UNAVAILABLE,True,INSUFFICIENT,['NO_EVIDENCE_CLASS_THRESHOLD_MET']
FAP,Myeloid,IFN_II_1h,0.0,1e-06,-1.96e-06,1.96e-06,,,,1.0,3,1.0,0.0,0.0,,,UNAVAILABLE,True,INSUFFICIENT,['TARGET_UNDETECTED']
FAP,Myeloid,IFN_II_6h,0.0,1e-06,-1.96e-06,1.96e-06,,,,1.0,3,1.0,0.0,0.0,,,UNAVAILABLE,True,INSUFFICIENT,['TARGET_UNDETECTED']
FAP,Myeloid,IFN_I_18h,0.5285170065724818,0.17498543127462537,0.18554556127421606,0.8714884518707475,,,,1.0,3,0.23482078193534603,0.0023510971786833857,0.00042069835927639884,,,UNAVAILABLE,True,INSUFFICIENT,['NO_EVIDENCE_CLASS_THRESHOLD_MET']
FAP,Myeloid,TLR_1h,0.0,1e-06,-1.96e-06,1.96e-06,,,,1.0,4,1.0,0.0,0.0,,,UNAVAILABLE,True,INSUFFICIENT,['TARGET_UNDETECTED']
FAP,Myeloid,TLR_6h,0.0,1e-06,-1.96e-06,1.96e-06,,,,1.0,4,1.0,0.0,0.0,,,UNAVAILABLE,True,INSUFFICIENT,['TARGET_UNDETECTED']
FAP,NK_cell,IFN_II_1h,0.0,1e-06,-1.96e-06,1.96e-06,,,,1.0,3,1.0,0.0,0.0,,,UNAVAILABLE,True,INSUFFICIENT,['TARGET_UNDETECTED']
FAP,NK_cell,IFN_II_6h,0.0,1e-06,-1.96e-06,1.96e-06,,,,1.0,3,1.0,0.0,0.0,,,UNAVAILABLE,True,INSUFFICIENT,['TARGET_UNDETECTED']
FAP,NK_cell,TLR_1h,0.6839258495716878,0.6839258495716877,-0.6565688155888201,2.0244205147321956,,,,1.0,4,0.6234964436910937,0.0021008403361344537,0.0,,,UNAVAILABLE,False,INSUFFICIENT,['NO_RELEVANT_STIMULUS_COVERAGE']
FAP,NK_cell,TLR_6h,0.0,1e-06,-1.96e-06,1.96e-06,,,,1.0,4,1.0,0.0,0.0,,,UNAVAILABLE,False,INSUFFICIENT,"['TARGET_UNDETECTED', 'NO_RELEVANT_STIMULUS_COVERAGE']"
FAP,T_cell,IFN_II_1h,0.0,1e-06,-1.96e-06,1.96e-06,,,,1.0,3,1.0,0.0,0.0,,,UNAVAILABLE,True,INSUFFICIENT,['TARGET_UNDETECTED']
FAP,T_cell,IFN_II_6h,0.8443238750032012,0.8443238750032009,-0.8105509200030727,2.4991986700094753,,,,1.0,3,0.6234964436910937,0.003976143141153081,0.0,,,UNAVAILABLE,True,INSUFFICIENT,['NO_EVIDENCE_CLASS_THRESHOLD_MET']
FAP,T_cell,TLR_1h,0.0,1e-06,-1.96e-06,1.96e-06,,,,1.0,4,1.0,0.0,0.0,,,UNAVAILABLE,False,INSUFFICIENT,"['TARGET_UNDETECTED', 'NO_RELEVANT_STIMULUS_COVERAGE']"
FAP,T_cell,TLR_6h,0.0,1e-06,-1.96e-06,1.96e-06,,,,1.0,4,1.0,0.0,0.0,,,UNAVAILABLE,False,INSUFFICIENT,"['TARGET_UNDETECTED', 'NO_RELEVANT_STIMULUS_COVERAGE']"
FAP,T_cell,lymphocyte_activation_12h,-0.8077703672893801,0.07978433001140967,-0.9641476541117431,-0.6513930804670172,,,,1.0,19,4.2017650054992437e-08,0.9047619047619048,1.0,,,UNAVAILABLE,True,INSUFFICIENT,['NO_EVIDENCE_CLASS_THRESHOLD_MET']
FAP,T_cell,lymphocyte_activation_24h,-0.815508086806242,0.07255835911855425,-0.9577224706786083,-0.6732937029338757,,,,1.0,24,5.367039475137973e-10,0.2692307692307692,1.0,,,UNAVAILABLE,True,INSUFFICIENT,['NO_EVIDENCE_CLASS_THRESHOLD_MET']
FAP,T_cell,lymphocyte_activation_2h,-0.1755549679688018,0.049996397069705295,-0.2735479062254242,-0.07756202971217942,,,,1.0,23,0.007979584210157403,1.0,1.0,,,UNAVAILABLE,True,INSUFFICIENT,['NO_EVIDENCE_CLASS_THRESHOLD_MET']
FAP,T_cell,lymphocyte_activation_48h,-0.7923139566924295,0.08144800481490488,-0.9519520461296431,-0.632675867255216,,,,1.0,22,1.8696733871221548e-08,0.4583333333333333,1.0,,,UNAVAILABLE,True,INSUFFICIENT,['NO_EVIDENCE_CLASS_THRESHOLD_MET']
FAP,T_cell,lymphocyte_activation_4h,-0.4748850469740928,0.06303628258478065,-0.5984361608402629,-0.3513339331079227,,,,1.0,24,6.172522949099003e-07,1.0,1.0,,,UNAVAILABLE,True,INSUFFICIENT,['NO_EVIDENCE_CLASS_THRESHOLD_MET']
FAP,T_cell,lymphocyte_activation_72h,-0.7451887859472178,0.07710402061551111,-0.8963126663536196,-0.594064905540816,,,,1.0,24,8.826166668823049e-09,0.7692307692307693,1.0,,,UNAVAILABLE,True,INSUFFICIENT,['NO_EVIDENCE_CLASS_THRESHOLD_MET']
FAP,T_cell,lymphocyte_activation_8h,-0.7040922751383091,0.07261862561926995,-0.8464247813520782,-0.5617597689245399,,,,1.0,24,8.372597682292206e-09,1.0,1.0,,,UNAVAILABLE,True,INSUFFICIENT,['NO_EVIDENCE_CLASS_THRESHOLD_MET']
FCER1A,Myeloid,IFN_I_18h,-5.689725821985676,0.1427120358956245,-5.9694414123411,-5.4100102316302525,,,,1.0,3,0.00275102160075995,0.004702194357366771,0.12158182583087926,-0.20416236175439786,1.0,CONCORDANT,True,INSUFFICIENT,['NO_EVIDENCE_CLASS_THRESHOLD_MET']
FCGR1A,Myeloid,IFN_I_18h,0.4520170883548631,0.37184239979499323,-0.2767940152433236,1.1808281919530499,,,,1.0,3,0.6040583897130247,0.024294670846394983,0.01724863273033235,0.5099479969022104,1.0,CONCORDANT,True,INSUFFICIENT,['NO_EVIDENCE_CLASS_THRESHOLD_MET']
FOLR1,Myeloid,IFN_I_18h,0.0,1e-06,-1.96e-06,1.96e-06,,,,1.0,3,1.0,0.0,0.0,,,UNAVAILABLE,True,INSUFFICIENT,['TARGET_UNDETECTED']
FOLR1,T_cell,lymphocyte_activation_12h,-0.015237055390873637,0.015237055390873642,-0.04510168395698597,0.014627573175238702,,,,1.0,19,0.5863992976441927,0.0,0.047619047619047616,,,UNAVAILABLE,True,INSUFFICIENT,['NO_EVIDENCE_CLASS_THRESHOLD_MET']
FOLR1,T_cell,lymphocyte_activation_24h,-0.013293271192056434,0.012071932281856074,-0.036954258464494336,0.01036771608038147,,,,1.0,24,0.5305404778129605,0.0,0.07692307692307693,,,UNAVAILABLE,True,INSUFFICIENT,['NO_EVIDENCE_CLASS_THRESHOLD_MET']
FOLR1,T_cell,lymphocyte_activation_2h,-0.013871239504754539,0.012594262834419445,-0.03855599466021665,0.010813515650707572,,,,1.0,23,0.5305404778129605,0.0,0.08,,,UNAVAILABLE,True,INSUFFICIENT,['NO_EVIDENCE_CLASS_THRESHOLD_MET']
FOLR1,T_cell,lymphocyte_activation_48h,-0.013159275110299962,0.013159275110299956,-0.038951454326487875,0.012632904105887952,,,,1.0,22,0.5863992976441927,0.0,0.041666666666666664,,,UNAVAILABLE,True,INSUFFICIENT,['NO_EVIDENCE_CLASS_THRESHOLD_MET']
FOLR1,T_cell,lymphocyte_activation_4h,-0.013293271192056434,0.012071932281856074,-0.036954258464494336,0.01036771608038147,,,,1.0,24,0.5305404778129605,0.0,0.07692307692307693,,,UNAVAILABLE,True,INSUFFICIENT,['NO_EVIDENCE_CLASS_THRESHOLD_MET']
FOLR1,T_cell,lymphocyte_activation_72h,-0.013293271192056434,0.012071932281856074,-0.036954258464494336,0.01036771608038147,,,,1.0,24,0.5305404778129605,0.0,0.07692307692307693,,,UNAVAILABLE,True,INSUFFICIENT,['NO_EVIDENCE_CLASS_THRESHOLD_MET']
FOLR1,T_cell,lymphocyte_activation_8h,-0.012301461725847049,0.012159839798384984,-0.03613474773068162,0.01153182427898752,,,,1.0,24,0.576312148138412,0.038461538461538464,0.07692307692307693,,,UNAVAILABLE,True,INSUFFICIENT,['NO_EVIDENCE_CLASS_THRESHOLD_MET']
GPRC5D,Myeloid,IFN_I_18h,0.0,1e-06,-1.96e-06,1.96e-06,,,,1.0,3,1.0,0.0,0.0,,,UNAVAILABLE,True,INSUFFICIENT,['TARGET_UNDETECTED']
GPRC5D,T_cell,lymphocyte_activation_12h,-0.008523767923548503,0.011630131487855485,-0.03131882563974525,0.014271289792648249,,,,1.0,19,0.6722214742346136,0.2857142857142857,0.42857142857142855,,,UNAVAILABLE,True,INSUFFICIENT,['NO_EVIDENCE_CLASS_THRESHOLD_MET']
GPRC5D,T_cell,lymphocyte_activation_24h,0.010539181348455745,0.011522338242638718,-0.01204460160711614,0.03312296430402763,,,,1.0,24,0.6234964436910937,0.5,0.38461538461538464,,,UNAVAILABLE,True,INSUFFICIENT,['NO_EVIDENCE_CLASS_THRESHOLD_MET']
GPRC5D,T_cell,lymphocyte_activation_2h,-0.006848295042056064,0.009386932851032339,-0.025246683430079447,0.011550093345967318,,,,1.0,23,0.6722214742346136,0.2,0.36,,,UNAVAILABLE,True,INSUFFICIENT,['NO_EVIDENCE_CLASS_THRESHOLD_MET']
GPRC5D,T_cell,lymphocyte_activation_48h,0.1037049281581557,0.020889374803592046,0.06276175354311529,0.14464810277319612,,,,1.0,22,0.00030689408756782077,0.9166666666666666,0.375,,,UNAVAILABLE,True,INSUFFICIENT,['NO_EVIDENCE_CLASS_THRESHOLD_MET']
GPRC5D,T_cell,lymphocyte_activation_4h,-0.01490361766340593,0.008255981961975745,-0.03108534230887839,0.0012781069820665281,,,,1.0,24,0.21473533456580954,0.15384615384615385,0.38461538461538464,,,UNAVAILABLE,True,INSUFFICIENT,['NO_EVIDENCE_CLASS_THRESHOLD_MET']
GPRC5D,T_cell,lymphocyte_activation_72h,0.1194948521134388,0.029443314307833313,0.06178595607008551,0.17720374815679207,,,,1.0,24,0.0021508435585588874,0.7692307692307693,0.38461538461538464,,,UNAVAILABLE,True,INSUFFICIENT,['NO_EVIDENCE_CLASS_THRESHOLD_MET']
GPRC5D,T_cell,lymphocyte_activation_8h,-0.004935277593393119,0.007094033872986713,-0.018839583984447076,0.008969028797660837,,,,1.0,24,0.6922986340673933,0.4230769230769231,0.38461538461538464,,,UNAVAILABLE,True,INSUFFICIENT,['NO_EVIDENCE_CLASS_THRESHOLD_MET']
HAVCR2,B_cell,IFN_II_1h,-1.9580139373064858,1.4643121372180379,-4.82806572625384,0.9120378516408685,,,,1.0,3,0.5632103978850141,0.005952380952380952,0.025069637883008356,,,UNAVAILABLE,True,INSUFFICIENT,['NO_EVIDENCE_CLASS_THRESHOLD_MET']
HAVCR2,B_cell,IFN_II_6h,-2.233112902712792,1.1247496000132802,-4.437622118738821,-0.02860368668676294,,,,1.0,3,0.4034374823664665,0.0,0.006349206349206349,,,UNAVAILABLE,True,INSUFFICIENT,['NO_EVIDENCE_CLASS_THRESHOLD_MET']
HAVCR2,B_cell,TLR_1h,-3.2868022910477595,1.175595606037986,-5.590969678882212,-0.9826349032133068,,,,1.0,4,0.18191187740537218,0.0,0.025069637883008356,,,UNAVAILABLE,True,INSUFFICIENT,['NO_EVIDENCE_CLASS_THRESHOLD_MET']
HAVCR2,B_cell,TLR_6h,-0.9296853483109518,0.8854654093109894,-2.665197550560491,0.8058268539385872,,,,1.0,4,0.6234964436910937,0.0044943820224719105,0.006349206349206349,,,UNAVAILABLE,True,INSUFFICIENT,['NO_EVIDENCE_CLASS_THRESHOLD_MET']
HAVCR2,Myeloid,IFN_II_1h,-0.6180747982295035,0.278636444074113,-1.1642022286147649,-0.07194736784424205,,,,1.0,3,0.36085263693039726,0.4,0.3144578313253012,,,UNAVAILABLE,True,INSUFFICIENT,['NO_EVIDENCE_CLASS_THRESHOLD_MET']
HAVCR2,Myeloid,IFN_II_6h,-0.9318718886075033,0.7308428098012976,-2.3643237958180467,0.50058001860304,,,,1.0,3,0.5863992976441927,0.056074766355140186,0.06289308176100629,,,UNAVAILABLE,True,INSUFFICIENT,['NO_EVIDENCE_CLASS_THRESHOLD_MET']
HAVCR2,Myeloid,IFN_I_18h,1.2420771638688899,0.10411909525922759,1.0380037371608037,1.446150590576976,,,,1.0,3,0.02621931871591095,0.2554858934169279,0.15145140933950357,,,UNAVAILABLE,True,C,[]
HAVCR2,Myeloid,TLR_1h,-3.842900179234089,1.4565379412751325,-6.6977145441333485,-0.9880858143348297,,,,1.0,4,0.20279148234298322,0.1015625,0.3144578313253012,,,UNAVAILABLE,True,INSUFFICIENT,['NO_EVIDENCE_CLASS_THRESHOLD_MET']
HAVCR2,Myeloid,TLR_6h,-2.8692536487155795,0.935071857667987,-4.701994489744834,-1.036512807686325,,,,1.0,4,0.14962398510880928,0.03137254901960784,0.06289308176100629,,,UNAVAILABLE,True,INSUFFICIENT,['NO_EVIDENCE_CLASS_THRESHOLD_MET']
HAVCR2,NK_cell,IFN_II_1h,-0.8177094048960285,0.36907173699446666,-1.5410900094051831,-0.09432880038687386,,,,1.0,3,0.36085263693039726,0.0738255033557047,0.06652360515021459,,,UNAVAILABLE,True,INSUFFICIENT,['NO_EVIDENCE_CLASS_THRESHOLD_MET']
HAVCR2,NK_cell,IFN_II_6h,0.9376836864504826,0.7503892004419911,-0.5330791464158199,2.408446519316785,,,,1.0,3,0.5915943802764617,0.027777777777777776,0.02027027027027027,,,UNAVAILABLE,True,INSUFFICIENT,['NO_EVIDENCE_CLASS_THRESHOLD_MET']
HAVCR2,NK_cell,TLR_1h,-0.17189726241795245,0.32618936350853844,-0.8112284148946878,0.4674338900587829,,,,1.0,4,0.827759905327014,0.03991596638655462,0.06652360515021459,,,UNAVAILABLE,False,INSUFFICIENT,['NO_RELEVANT_STIMULUS_COVERAGE']
HAVCR2,NK_cell,TLR_6h,2.47529432593909,0.9838983077219858,0.5468536428039976,4.4037350090741825,,,,1.0,4,0.21964203120401107,0.09586466165413533,0.02027027027027027,,,UNAVAILABLE,False,INSUFFICIENT,['NO_RELEVANT_STIMULUS_COVERAGE']
HAVCR2,T_cell,IFN_II_1h,-1.9617915916444133,0.7411877453637339,-3.4145195725573316,-0.509063610731495,,,,1.0,3,0.2803854661391176,0.0030816640986132513,0.018473895582329317,,,UNAVAILABLE,True,INSUFFICIENT,['NO_EVIDENCE_CLASS_THRESHOLD_MET']
HAVCR2,T_cell,IFN_II_6h,0.12689354365886776,0.934092344353021,-1.7039274512730533,1.957714538590789,,,,1.0,3,1.0,0.003976143141153081,0.0011025358324145535,,,UNAVAILABLE,True,INSUFFICIENT,['NO_EVIDENCE_CLASS_THRESHOLD_MET']
HAVCR2,T_cell,TLR_1h,-1.2111779259388584,1.0831806374654247,-3.3342119753710904,0.9118561234933737,,,,1.0,4,0.6009302117136525,0.00990990990990991,0.018473895582329317,,,UNAVAILABLE,False,INSUFFICIENT,['NO_RELEVANT_STIMULUS_COVERAGE']
HAVCR2,T_cell,TLR_6h,0.7137938622662944,0.8169897777188084,-0.8875061020625702,2.315093826595159,,,,1.0,4,0.6418850005883617,0.0030188679245283017,0.0011025358324145535,,,UNAVAILABLE,False,INSUFFICIENT,['NO_RELEVANT_STIMULUS_COVERAGE']
HAVCR2,T_cell,lymphocyte_activation_12h,-0.6487732456246267,0.0967437071377525,-0.8383909116146215,-0.45915557963463177,,,,1.0,19,1.3573377331945758e-05,1.0,1.0,,,UNAVAILABLE,True,INSUFFICIENT,['NO_EVIDENCE_CLASS_THRESHOLD_MET']
HAVCR2,T_cell,lymphocyte_activation_24h,1.311147633615133,0.1309393614875471,1.054506485099541,1.5677887821307253,,,,1.0,24,4.6045033777092976e-09,1.0,1.0,,,UNAVAILABLE,True,B,[]
HAVCR2,T_cell,lymphocyte_activation_2h,0.06376257481231415,0.05178463725747212,-0.037735314212331214,0.16526046383695953,,,,1.0,23,0.4629525055270585,1.0,1.0,,,UNAVAILABLE,True,INSUFFICIENT,['NO_EVIDENCE_CLASS_THRESHOLD_MET']
HAVCR2,T_cell,lymphocyte_activation_48h,2.6487015137299212,0.1574756644287239,2.3400492114496223,2.95735381601022,,,,1.0,22,1.0101995389735364e-12,1.0,1.0,,,UNAVAILABLE,True,B,[]
HAVCR2,T_cell,lymphocyte_activation_4h,-0.445557479487458,0.0790571078761722,-0.6005094109247555,-0.2906055480501605,,,,1.0,24,4.729207446102375e-05,1.0,1.0,,,UNAVAILABLE,True,INSUFFICIENT,['NO_EVIDENCE_CLASS_THRESHOLD_MET']
HAVCR2,T_cell,lymphocyte_activation_72h,3.437716219064518,0.13180648459299601,3.179375509262246,3.69605692886679,,,,1.0,24,2.2982578977315373e-17,1.0,1.0,,,UNAVAILABLE,True,B,[]
HAVCR2,T_cell,lymphocyte_activation_8h,-0.8280676945832255,0.0917203012764914,-1.0078394850851486,-0.6482959040813023,,,,1.0,24,2.9257501490157905e-08,1.0,1.0,,,UNAVAILABLE,True,INSUFFICIENT,['NO_EVIDENCE_CLASS_THRESHOLD_MET']
HLA-DRA,B_cell,IFN_II_1h,0.5814171413951978,0.37856025482017425,-0.16056095805234372,1.3233952408427394,,,,1.0,3,0.5083781518203306,0.6488095238095238,0.6267409470752089,,,UNAVAILABLE,True,C,[]
HLA-DRA,B_cell,IFN_II_6h,1.4948056280505788,0.14695757353354968,1.2067687839248213,1.7828424721763363,,,,1.0,3,0.03457642998831798,0.8378378378378378,0.5206349206349207,,,UNAVAILABLE,True,C,[]
HLA-DRA,B_cell,TLR_1h,0.11658772217994118,0.0676390655284602,-0.015984846255840818,0.24916029061572317,,,,1.0,4,0.40171882355669847,0.64,0.6267409470752089,,,UNAVAILABLE,True,INSUFFICIENT,['NO_EVIDENCE_CLASS_THRESHOLD_MET']
HLA-DRA,B_cell,TLR_6h,-0.054067516750176736,0.18140164003496492,-0.409614731218708,0.30147969771835453,,,,1.0,4,0.9590920291295102,0.5168539325842697,0.5206349206349207,,,UNAVAILABLE,True,INSUFFICIENT,['NO_EVIDENCE_CLASS_THRESHOLD_MET']
HLA-DRA,Myeloid,IFN_II_1h,0.5161094662446987,0.18323351563230286,0.15697177560538506,0.8752471568840123,,,,1.0,3,0.257951208919575,0.8482758620689655,0.8072289156626506,,,UNAVAILABLE,True,C,[]
HLA-DRA,Myeloid,IFN_II_6h,1.0619440603505133,0.1935244691327491,0.682636100850325,1.4412520198507015,,,,1.0,3,0.09738630617763794,0.9345794392523364,0.710691823899371,,,UNAVAILABLE,True,C,[]
HLA-DRA,Myeloid,IFN_I_18h,-0.3278356628940789,0.025739325094474682,-0.3782847400792493,-0.2773865857089085,,,,1.0,3,0.02323118916238309,0.9772727272727273,0.987379049221708,,,UNAVAILABLE,True,INSUFFICIENT,['NO_EVIDENCE_CLASS_THRESHOLD_MET']
HLA-DRA,Myeloid,TLR_1h,-0.27850826014694663,0.29762727948319667,-0.861857727934012,0.3048412076401188,,,,1.0,4,0.6234964436910937,0.75,0.8072289156626506,,,UNAVAILABLE,True,INSUFFICIENT,['NO_EVIDENCE_CLASS_THRESHOLD_MET']
HLA-DRA,Myeloid,TLR_6h,-0.6444253308409604,0.20147111206322818,-1.0393087104848877,-0.2495419511970332,,,,1.0,4,0.1387552113462592,0.5843137254901961,0.710691823899371,,,UNAVAILABLE,True,INSUFFICIENT,['NO_EVIDENCE_CLASS_THRESHOLD_MET']
HLA-DRA,NK_cell,IFN_II_1h,-0.25528061910216177,0.564125962077098,-1.3609675047732737,0.8504062665689502,,,,1.0,3,0.8814457285922198,0.17785234899328858,0.17167381974248927,,,UNAVAILABLE,True,INSUFFICIENT,['NO_EVIDENCE_CLASS_THRESHOLD_MET']
HLA-DRA,NK_cell,IFN_II_6h,2.640003803760153,0.4164247336742202,1.8238113257586814,3.456196281761625,,,,1.0,3,0.07781472798366444,0.2916666666666667,0.06418918918918919,,,UNAVAILABLE,True,C,[]
HLA-DRA,NK_cell,TLR_1h,-2.3432001942446634,1.860608233727214,-5.989992332350003,1.3035919438606762,,,,1.0,4,0.5468438056526705,0.10294117647058823,0.17167381974248927,,,UNAVAILABLE,False,INSUFFICIENT,['NO_RELEVANT_STIMULUS_COVERAGE']
HLA-DRA,NK_cell,TLR_6h,1.2008372704107768,0.5269283371432358,0.1680577296100345,2.233616811211519,,,,1.0,4,0.2589768877849737,0.10526315789473684,0.06418918918918919,,,UNAVAILABLE,False,INSUFFICIENT,['NO_RELEVANT_STIMULUS_COVERAGE']
HLA-DRA,T_cell,IFN_II_1h,-0.6526834145459978,0.6155367257279696,-1.859135396972818,0.5537685678808225,,,,1.0,3,0.6234964436910937,0.05855161787365177,0.12208835341365462,,,UNAVAILABLE,True,INSUFFICIENT,['NO_EVIDENCE_CLASS_THRESHOLD_MET']
HLA-DRA,T_cell,IFN_II_6h,0.48641000046042243,0.8345829160449263,-1.149372514987633,2.122192515908478,,,,1.0,3,0.8130248034992067,0.14314115308151093,0.04520396912899669,,,UNAVAILABLE,True,INSUFFICIENT,['NO_EVIDENCE_CLASS_THRESHOLD_MET']
HLA-DRA,T_cell,TLR_1h,-2.3093767740494258,1.6300927881063374,-5.5043586387378465,0.8856050906389954,,,,1.0,4,0.4923684282270729,0.06846846846846846,0.12208835341365462,,,UNAVAILABLE,False,INSUFFICIENT,['NO_RELEVANT_STIMULUS_COVERAGE']
HLA-DRA,T_cell,TLR_6h,-0.14987551781940744,0.4267931567024236,-0.9863901049561578,0.6866390693173429,,,,1.0,4,0.9223457708066503,0.047547169811320754,0.04520396912899669,,,UNAVAILABLE,False,INSUFFICIENT,['NO_RELEVANT_STIMULUS_COVERAGE']
HLA-DRA,T_cell,lymphocyte_activation_12h,-1.678908702966968,0.1017707633388074,-1.8783793991110305,-1.4794380068229056,,,,1.0,19,1.9014240954301447e-11,1.0,1.0,,,UNAVAILABLE,True,INSUFFICIENT,['NO_EVIDENCE_CLASS_THRESHOLD_MET']
HLA-DRA,T_cell,lymphocyte_activation_24h,-2.501320002955898,0.14038631286964737,-2.776477176180407,-2.226162829731389,,,,1.0,24,6.199342972833058e-14,1.0,1.0,,,UNAVAILABLE,True,INSUFFICIENT,['NO_EVIDENCE_CLASS_THRESHOLD_MET']
HLA-DRA,T_cell,lymphocyte_activation_2h,-0.09152601871889102,0.034846424877235285,-0.15982501147827216,-0.02322702595950986,,,,1.0,23,0.05305249093103353,1.0,1.0,,,UNAVAILABLE,True,INSUFFICIENT,['NO_EVIDENCE_CLASS_THRESHOLD_MET']
HLA-DRA,T_cell,lymphocyte_activation_48h,-2.179682691860327,0.2053029421644059,-2.5820764585025624,-1.7772889252180915,,,,1.0,22,4.1829035160235125e-09,1.0,1.0,,,UNAVAILABLE,True,INSUFFICIENT,['NO_EVIDENCE_CLASS_THRESHOLD_MET']
HLA-DRA,T_cell,lymphocyte_activation_4h,-0.40174339868821923,0.05134911534044292,-0.5023876647554874,-0.3010991326209511,,,,1.0,24,3.3311560040561965e-07,1.0,1.0,,,UNAVAILABLE,True,INSUFFICIENT,['NO_EVIDENCE_CLASS_THRESHOLD_MET']
HLA-DRA,T_cell,lymphocyte_activation_72h,-1.1167317306689764,0.1967907958318779,-1.502441690499457,-0.7310217708384956,,,,1.0,24,4.3274076963680234e-05,1.0,1.0,,,UNAVAILABLE,True,INSUFFICIENT,['NO_EVIDENCE_CLASS_THRESHOLD_MET']
HLA-DRA,T_cell,lymphocyte_activation_8h,-1.0327065309692636,0.08869439806630562,-1.2065475511792225,-0.8588655107593046,,,,1.0,24,2.760874720522022e-10,1.0,1.0,,,UNAVAILABLE,True,INSUFFICIENT,['NO_EVIDENCE_CLASS_THRESHOLD_MET']
ICAM1,B_cell,IFN_II_1h,2.690829949654668,1.0473715455054384,0.6379817204640088,4.743678178845327,,,,1.0,3,0.2917992887146011,0.2916666666666667,0.03899721448467967,,,UNAVAILABLE,True,C,[]
ICAM1,B_cell,IFN_II_6h,1.8921078443078754,1.3230922305772386,-0.7011529276235122,4.485368616239263,,,,1.0,3,0.5397916678119591,0.21621621621621623,0.009523809523809525,,,UNAVAILABLE,True,C,[]
ICAM1,B_cell,TLR_1h,-0.8307798477592436,1.5560803299943333,-3.8806972945481366,2.21913759902965,,,,1.0,4,0.8244981364437506,0.03,0.03899721448467967,,,UNAVAILABLE,True,INSUFFICIENT,['NO_EVIDENCE_CLASS_THRESHOLD_MET']
ICAM1,B_cell,TLR_6h,2.1916057507744666,0.9234592371256144,0.38162564600826254,4.001585855540671,,,,1.0,4,0.24233620215349364,0.04269662921348315,0.009523809523809525,,,UNAVAILABLE,True,INSUFFICIENT,['NO_EVIDENCE_CLASS_THRESHOLD_MET']
ICAM1,Myeloid,IFN_II_1h,1.8633353254939653,0.22896365361851587,1.4145665644016743,2.3121040865862565,,,,1.0,3,0.051034759180503195,0.593103448275862,0.15421686746987953,,,UNAVAILABLE,True,C,[]
ICAM1,Myeloid,IFN_II_6h,4.300184204721867,2.5672397268923746,-0.7316056599871876,9.33197406943092,,,,1.0,3,0.4696056627363802,0.5264797507788161,0.1540880503144654,,,UNAVAILABLE,True,C,[]
ICAM1,Myeloid,IFN_I_18h,0.5358749703283955,0.09077465794808473,0.35795664075014944,0.7137932999066415,,,,1.0,3,0.08625609624035233,0.17045454545454544,0.15313420277660916,,,UNAVAILABLE,True,C,[]
ICAM1,Myeloid,TLR_1h,3.0057760171486962,0.5619148188704695,1.904422972162576,4.107129062134817,,,,1.0,4,0.0448816409309158,0.5390625,0.15421686746987953,,,UNAVAILABLE,True,B,[]
ICAM1,Myeloid,TLR_6h,3.1426150699486333,1.7415666749227485,-0.27085561289995397,6.5560857527972205,,,,1.0,4,0.38018223761459075,0.38823529411764707,0.1540880503144654,,,UNAVAILABLE,True,B,[]
ICAM1,NK_cell,IFN_II_1h,1.682600885893765,0.23620813410750527,1.2196329430430548,2.1455688287444756,,,,1.0,3,0.06388416435374393,0.07046979865771812,0.034334763948497854,,,UNAVAILABLE,True,C,[]
ICAM1,NK_cell,IFN_II_6h,2.3126376328750737,1.2160148848371215,-0.07075154140568429,4.696026807155832,,,,1.0,3,0.4116332502553592,0.013888888888888888,0.0033783783783783786,,,UNAVAILABLE,True,INSUFFICIENT,['NO_EVIDENCE_CLASS_THRESHOLD_MET']
ICAM1,NK_cell,TLR_1h,-0.9236047578850352,1.909413512646765,-4.6660552426726944,2.8188457269026244,,,,1.0,4,0.8488099727966287,0.052521008403361345,0.034334763948497854,,,UNAVAILABLE,False,INSUFFICIENT,['NO_RELEVANT_STIMULUS_COVERAGE']
ICAM1,NK_cell,TLR_6h,2.9849791629574125,1.3885165605742398,0.26348670423190246,5.7064716216829225,,,,1.0,4,0.28498724928230545,0.02819548872180451,0.0033783783783783786,,,UNAVAILABLE,False,INSUFFICIENT,['NO_RELEVANT_STIMULUS_COVERAGE']
ICAM1,T_cell,IFN_II_1h,1.1267388878431823,0.26787362937161063,0.6017065742748255,1.651771201411539,,,,1.0,3,0.14417215090701113,0.04468412942989214,0.010441767068273093,,,UNAVAILABLE,True,INSUFFICIENT,['NO_EVIDENCE_CLASS_THRESHOLD_MET']
ICAM1,T_cell,IFN_II_6h,1.494620075877018,0.824312892808041,-0.12103319402674217,3.1102733457807785,,,,1.0,3,0.43365653564160306,0.02385685884691849,0.002205071664829107,,,UNAVAILABLE,True,INSUFFICIENT,['NO_EVIDENCE_CLASS_THRESHOLD_MET']
ICAM1,T_cell,TLR_1h,-1.2120831413159467,0.7690176875638843,-2.71935780894116,0.2951915263092666,,,,1.0,4,0.4356653039929724,0.008108108108108109,0.010441767068273093,,,UNAVAILABLE,False,INSUFFICIENT,['NO_RELEVANT_STIMULUS_COVERAGE']
ICAM1,T_cell,TLR_6h,2.2432910506566084,0.5291733045841037,1.206111373671765,3.2804707276414518,,,,1.0,4,0.07781472798366444,0.018113207547169812,0.002205071664829107,,,UNAVAILABLE,False,INSUFFICIENT,['NO_RELEVANT_STIMULUS_COVERAGE']
ICAM1,T_cell,lymphocyte_activation_12h,3.0392033989164773,0.13174779118923655,2.7809777281855736,3.297429069647381,,,,1.0,19,8.288943116382452e-14,1.0,1.0,,,UNAVAILABLE,True,B,[]
ICAM1,T_cell,lymphocyte_activation_24h,2.7371860770173693,0.1205301031690201,2.50094707480609,2.9734250792286487,,,,1.0,24,3.932681879007066e-16,1.0,1.0,,,UNAVAILABLE,True,B,[]
ICAM1,T_cell,lymphocyte_activation_2h,2.884362878382965,0.14381660346200725,2.602482335597431,3.166243421168499,,,,1.0,23,1.3858727007517506e-14,1.0,1.0,,,UNAVAILABLE,True,B,[]
ICAM1,T_cell,lymphocyte_activation_48h,3.0486279646167915,0.17265923042598377,2.7102158729818635,3.3870400562517196,,,,1.0,22,4.1776071892422794e-13,1.0,1.0,,,UNAVAILABLE,True,B,[]
ICAM1,T_cell,lymphocyte_activation_4h,3.9175502256305372,0.0852489455423217,3.7504622923675868,4.084638158893488,,,,1.0,24,1.4760189927189174e-22,1.0,1.0,,,UNAVAILABLE,True,B,[]
ICAM1,T_cell,lymphocyte_activation_72h,3.14609145044807,0.13421306937652386,2.8830338344700834,3.409149066426057,,,,1.0,24,2.0456337667803716e-16,1.0,1.0,,,UNAVAILABLE,True,B,[]
ICAM1,T_cell,lymphocyte_activation_8h,3.18545134293972,0.0939930332902027,3.001224997690923,3.3696776881885175,,,,1.0,24,9.400337129052767e-20,1.0,1.0,,,UNAVAILABLE,True,B,[]
ICOS,B_cell,IFN_II_1h,0.9384645859035183,0.4345803876605667,0.08668702608880752,1.7902421457182291,,,,1.0,3,0.3697336940984934,0.07142857142857142,0.03064066852367688,,,UNAVAILABLE,True,C,[]
ICOS,B_cell,IFN_II_6h,-1.303886367914952,1.1935039818485507,-3.643154172338111,1.0353814365082072,,,,1.0,3,0.6234964436910937,0.02702702702702703,0.022222222222222223,,,UNAVAILABLE,True,INSUFFICIENT,['NO_EVIDENCE_CLASS_THRESHOLD_MET']
ICOS,B_cell,TLR_1h,-0.7910977767312128,1.7905737044650576,-4.300622237482726,2.7184266840203,,,,1.0,4,0.8743791169381468,0.03,0.03064066852367688,,,UNAVAILABLE,True,INSUFFICIENT,['NO_EVIDENCE_CLASS_THRESHOLD_MET']
ICOS,B_cell,TLR_6h,2.643046198000273,1.119433048831609,0.4489574222903192,4.837134973710227,,,,1.0,4,0.24433440236939394,0.0898876404494382,0.022222222222222223,,,UNAVAILABLE,True,C,[]
ICOS,Myeloid,IFN_II_1h,0.13129506404969518,0.6903565541863501,-1.221803782155551,1.4843939102549415,,,,1.0,3,1.0,0.027586206896551724,0.018072289156626505,,,UNAVAILABLE,True,INSUFFICIENT,['NO_EVIDENCE_CLASS_THRESHOLD_MET']
ICOS,Myeloid,IFN_II_6h,0.999859904484804,0.999859904484804,-0.9598655083054117,2.9595853172750197,,,,1.0,3,0.6234964436910937,0.006230529595015576,0.0,,,UNAVAILABLE,True,INSUFFICIENT,['NO_EVIDENCE_CLASS_THRESHOLD_MET']
ICOS,Myeloid,IFN_I_18h,0.2695140918555472,0.13923396122999504,-0.003384472155243068,0.5424126558663375,,,,1.0,3,0.40783830247029507,0.0007836990595611285,0.0,,,UNAVAILABLE,True,INSUFFICIENT,['NO_EVIDENCE_CLASS_THRESHOLD_MET']
ICOS,Myeloid,TLR_1h,-2.188532390004655,1.1738030285957273,-4.48918632605228,0.11212154604297009,,,,1.0,4,0.36281354445164676,0.015625,0.018072289156626505,,,UNAVAILABLE,True,INSUFFICIENT,['NO_EVIDENCE_CLASS_THRESHOLD_MET']
ICOS,Myeloid,TLR_6h,4.816288602846263,0.28824340637606355,4.251331526349178,5.381245679343348,,,,1.0,4,0.0020739664780061945,0.06666666666666667,0.0,,,UNAVAILABLE,True,C,[]
ICOS,NK_cell,IFN_II_1h,-0.4167084628247868,0.8249019610861696,-2.033516306553679,1.2000993809041056,,,,1.0,3,0.850010755770908,0.0738255033557047,0.03648068669527897,,,UNAVAILABLE,True,INSUFFICIENT,['NO_EVIDENCE_CLASS_THRESHOLD_MET']
ICOS,NK_cell,IFN_II_6h,0.5620762007675802,0.6975638005126378,-0.8051488482371897,1.92930124977235,,,,1.0,3,0.7048269473166047,0.05555555555555555,0.010135135135135136,,,UNAVAILABLE,True,C,[]
ICOS,NK_cell,TLR_1h,-1.3277608180674676,0.7739095836308711,-2.844623601983975,0.18910196584903982,,,,1.0,4,0.40326258111127794,0.03361344537815126,0.03648068669527897,,,UNAVAILABLE,False,INSUFFICIENT,['NO_RELEVANT_STIMULUS_COVERAGE']
ICOS,NK_cell,TLR_6h,1.7853385777533854,1.6090720320591887,-1.3684426050826244,4.939119760589396,,,,1.0,4,0.6040583897130247,0.03383458646616541,0.010135135135135136,,,UNAVAILABLE,False,INSUFFICIENT,['NO_RELEVANT_STIMULUS_COVERAGE']
ICOS,T_cell,IFN_II_1h,1.0207979608009066,0.1000024207140749,0.8247932162013197,1.2168027054004933,,,,1.0,3,0.03447974607494299,0.21571648690292758,0.09236947791164658,,,UNAVAILABLE,True,C,[]
ICOS,T_cell,IFN_II_6h,-0.23989704550124133,0.5881728138624969,-1.392715760671735,0.9129216696692525,,,,1.0,3,0.9020567933678538,0.13518886679920478,0.06063947078280044,,,UNAVAILABLE,True,INSUFFICIENT,['NO_EVIDENCE_CLASS_THRESHOLD_MET']
ICOS,T_cell,TLR_1h,0.34868799641660586,0.3550943445605625,-0.3472969189220966,1.0446729117553084,,,,1.0,4,0.6234964436910937,0.0936936936936937,0.09236947791164658,,,UNAVAILABLE,False,INSUFFICIENT,['NO_RELEVANT_STIMULUS_COVERAGE']
ICOS,T_cell,TLR_6h,0.8396979979080322,0.2070599951604446,0.43386040739356085,1.2455355884225037,,,,1.0,4,0.08526178036498946,0.14264150943396225,0.06063947078280044,,,UNAVAILABLE,False,INSUFFICIENT,['NO_RELEVANT_STIMULUS_COVERAGE']
ICOS,T_cell,lymphocyte_activation_12h,2.914772932537694,0.03915395054275746,2.8380311894738894,2.9915146756014983,,,,1.0,19,2.633716021774252e-22,1.0,1.0,,,UNAVAILABLE,True,B,[]
ICOS,T_cell,lymphocyte_activation_24h,2.8657275134981037,0.03739703230127244,2.79242933018761,2.9390256968085975,,,,1.0,24,3.1776894858875044e-27,1.0,1.0,,,UNAVAILABLE,True,B,[]
ICOS,T_cell,lymphocyte_activation_2h,2.099650293573294,0.06139115700896546,1.9793236258357219,2.2199769613108664,,,,1.0,23,3.1346473685214906e-19,1.0,1.0,,,UNAVAILABLE,True,B,[]
ICOS,T_cell,lymphocyte_activation_48h,2.2225616386304683,0.06671904937541905,2.091792301854647,2.3533309754062897,,,,1.0,22,2.1400678231780847e-18,1.0,1.0,,,UNAVAILABLE,True,B,[]
ICOS,T_cell,lymphocyte_activation_4h,2.9202930245856065,0.05302756185189053,2.816359003355901,3.0242270458153118,,,,1.0,24,4.215104240250959e-24,1.0,1.0,,,UNAVAILABLE,True,B,[]
ICOS,T_cell,lymphocyte_activation_72h,1.8875822989354558,0.062264038013533925,1.7655447844289294,2.0096198134419825,,,,1.0,24,9.680137095574075e-19,1.0,1.0,,,UNAVAILABLE,True,B,[]
ICOS,T_cell,lymphocyte_activation_8h,3.1214224588524497,0.03006922620002992,3.0624867755003913,3.180358142204508,,,,1.0,24,2.708481612538052e-29,1.0,1.0,,,UNAVAILABLE,True,B,[]
IDO1,B_cell,IFN_II_1h,-1.6888439651294789,1.688843965129479,-4.998978136783258,1.6212902065243,,,,1.0,3,0.6234964436910937,0.0,0.002785515320334262,,,UNAVAILABLE,True,INSUFFICIENT,['NO_EVIDENCE_CLASS_THRESHOLD_MET']
IDO1,B_cell,IFN_II_6h,5.606591476456175,1.9501636016270885,1.7842708172670814,9.428912135645268,,,,1.0,3,0.2512408228139811,0.0945945945945946,0.009523809523809525,,,UNAVAILABLE,True,C,[]
IDO1,B_cell,TLR_1h,-0.5114410124578886,1.6770136201703638,-3.7983877079918016,2.7755056830760245,,,,1.0,4,0.9545792854885014,0.0033333333333333335,0.002785515320334262,,,UNAVAILABLE,True,INSUFFICIENT,['NO_EVIDENCE_CLASS_THRESHOLD_MET']
IDO1,B_cell,TLR_6h,3.905851744904242,1.039184900201203,1.8690493405098842,5.942654149298599,,,,1.0,4,0.10061494493046935,0.056179775280898875,0.009523809523809525,,,UNAVAILABLE,True,C,[]
IDO1,Myeloid,IFN_II_1h,1.3938636208698936,3.514042842373274,-5.493660350181723,8.28138759192151,,,,1.0,3,0.9090456721705249,0.04827586206896552,0.007228915662650603,,,UNAVAILABLE,True,INSUFFICIENT,['NO_EVIDENCE_CLASS_THRESHOLD_MET']
IDO1,Myeloid,IFN_II_6h,8.725113495824028,2.052867269577061,4.701493647452987,12.748733344195067,,,,1.0,3,0.14233167318273937,0.8940809968847352,0.059748427672955975,,,UNAVAILABLE,True,C,[]
IDO1,Myeloid,IFN_I_18h,2.6572832137489004,0.4048379592056509,1.8638008137058246,3.450765613791976,,,,1.0,3,0.0734539965525569,0.9169278996865203,0.30710980227177115,,,UNAVAILABLE,True,C,[]
IDO1,Myeloid,TLR_1h,-2.5477499267429033,1.3626585443527608,-5.218560673674315,0.12306082018850795,,,,1.0,4,0.3618924840408408,0.0078125,0.007228915662650603,,,UNAVAILABLE,True,INSUFFICIENT,['NO_EVIDENCE_CLASS_THRESHOLD_MET']
IDO1,Myeloid,TLR_6h,5.321703495261129,1.8733402839312074,1.649956538755963,8.993450451766297,,,,1.0,4,0.17582333681693343,0.5019607843137255,0.059748427672955975,,,UNAVAILABLE,True,B,[]
IDO1,NK_cell,IFN_II_1h,0.0,1e-06,-1.96e-06,1.96e-06,,,,1.0,3,1.0,0.0,0.0,,,UNAVAILABLE,True,INSUFFICIENT,['TARGET_UNDETECTED']
IDO1,NK_cell,IFN_II_6h,4.8769551002659846,1.7701706522824552,1.4074206217923724,8.346489578739597,,,,1.0,3,0.26407601645456846,0.09027777777777778,0.0033783783783783786,,,UNAVAILABLE,True,C,[]
IDO1,NK_cell,TLR_1h,0.0,1e-06,-1.96e-06,1.96e-06,,,,1.0,4,1.0,0.0,0.0,,,UNAVAILABLE,False,INSUFFICIENT,"['TARGET_UNDETECTED', 'NO_RELEVANT_STIMULUS_COVERAGE']"
IDO1,NK_cell,TLR_6h,3.609121251605024,0.3536326015877418,2.91600135249305,4.3022411507169975,,,,1.0,4,0.008084951855978089,0.022556390977443608,0.0033783783783783786,,,UNAVAILABLE,False,INSUFFICIENT,['NO_RELEVANT_STIMULUS_COVERAGE']
IDO1,T_cell,IFN_II_1h,0.0,1e-06,-1.96e-06,1.96e-06,,,,1.0,3,1.0,0.0,0.0008032128514056225,,,UNAVAILABLE,True,INSUFFICIENT,['NO_EVIDENCE_CLASS_THRESHOLD_MET']
IDO1,T_cell,IFN_II_6h,3.5479369699130348,0.7240263863741555,2.1288452526196897,4.96702868720638,,,,1.0,3,0.11384365421428219,0.07554671968190854,0.0033076074972436605,,,UNAVAILABLE,True,C,[]
IDO1,T_cell,TLR_1h,-0.358551468040121,0.9577022372260643,-2.235647853003207,1.518544916922965,,,,1.0,4,0.9090456721705249,0.0009009009009009009,0.0008032128514056225,,,UNAVAILABLE,False,INSUFFICIENT,['NO_RELEVANT_STIMULUS_COVERAGE']
IDO1,T_cell,TLR_6h,1.45317352882129,0.9525404536377923,-0.4138057603087828,3.320152817951363,,,,1.0,4,0.4537556452986984,0.01509433962264151,0.0033076074972436605,,,UNAVAILABLE,False,INSUFFICIENT,['NO_RELEVANT_STIMULUS_COVERAGE']
IDO1,T_cell,lymphocyte_activation_12h,0.36769928032398397,0.13832566648988875,0.096580974003802,0.6388175866441659,,,,1.0,19,0.05467979540468026,1.0,1.0,,,UNAVAILABLE,True,INSUFFICIENT,['NO_EVIDENCE_CLASS_THRESHOLD_MET']
IDO1,T_cell,lymphocyte_activation_24h,-0.770620965811433,0.14816481648353466,-1.061024006119161,-0.48021792550370507,,,,1.0,24,0.00013500403823410345,1.0,1.0,,,UNAVAILABLE,True,INSUFFICIENT,['NO_EVIDENCE_CLASS_THRESHOLD_MET']
IDO1,T_cell,lymphocyte_activation_2h,-0.507181659486736,0.04683661750544083,-0.5989814297974,-0.415381889176072,,,,1.0,23,1.8080565185442906e-09,1.0,1.0,,,UNAVAILABLE,True,INSUFFICIENT,['NO_EVIDENCE_CLASS_THRESHOLD_MET']
IDO1,T_cell,lymphocyte_activation_48h,-1.8423693704925148,0.12772097033250115,-2.092702472344217,-1.5920362686408125,,,,1.0,22,1.7126312129457514e-11,1.0,1.0,,,UNAVAILABLE,True,INSUFFICIENT,['NO_EVIDENCE_CLASS_THRESHOLD_MET']
IDO1,T_cell,lymphocyte_activation_4h,0.6909279335115087,0.08599133897981302,0.5223849091110752,0.8594709579119423,,,,1.0,24,2.1669317099335122e-07,1.0,1.0,,,UNAVAILABLE,True,C,[]
IDO1,T_cell,lymphocyte_activation_72h,-2.3623351035826077,0.16111946933325266,-2.6781292634757827,-2.0465409436894326,,,,1.0,24,2.9713409043401745e-12,1.0,1.0,,,UNAVAILABLE,True,INSUFFICIENT,['NO_EVIDENCE_CLASS_THRESHOLD_MET']
IDO1,T_cell,lymphocyte_activation_8h,1.0565193953059848,0.10251524480418443,0.8555895154897833,1.2574492751221862,,,,1.0,24,2.7439359201461152e-09,1.0,1.0,,,UNAVAILABLE,True,B,[]
IL2RA,B_cell,IFN_II_1h,1.4898091554967197,0.6812741861555807,0.15451175063178169,2.8251065603616574,,,,1.0,3,0.36453374227085417,0.125,0.03899721448467967,,,UNAVAILABLE,True,C,[]
IL2RA,B_cell,IFN_II_6h,2.0047974534396746,1.2557519362448015,-0.4564763416001365,4.466071248479485,,,,1.0,3,0.4923684282270729,0.0945945945945946,0.025396825396825397,,,UNAVAILABLE,True,C,[]
IL2RA,B_cell,TLR_1h,-1.168720788757053,1.7496280862861688,-4.597991837877943,2.260550260363838,,,,1.0,4,0.7499853198564002,0.05,0.03899721448467967,,,UNAVAILABLE,True,INSUFFICIENT,['NO_EVIDENCE_CLASS_THRESHOLD_MET']
IL2RA,B_cell,TLR_6h,1.966707841816759,0.579402280711736,0.8310793716217564,3.1023363120117615,,,,1.0,4,0.12256486036280265,0.08314606741573034,0.025396825396825397,,,UNAVAILABLE,True,C,[]
IL2RA,Myeloid,IFN_II_1h,1.7322738100701214,1.732273810070121,-1.6629828576673158,5.127530477807559,,,,1.0,3,0.6234964436910937,0.006896551724137931,0.0012048192771084338,,,UNAVAILABLE,True,INSUFFICIENT,['NO_EVIDENCE_CLASS_THRESHOLD_MET']
IL2RA,Myeloid,IFN_II_6h,4.458527192688243,1.0827750074103717,2.336288178163915,6.580766207212571,,,,1.0,3,0.14899269294468862,0.08099688473520249,0.0031446540880503146,,,UNAVAILABLE,True,C,[]
IL2RA,Myeloid,IFN_I_18h,1.120910424282799,0.25450167238067967,0.6220871464166668,1.619733702148931,,,,1.0,3,0.1362836029167959,0.008228840125391849,0.002103491796381994,,,UNAVAILABLE,True,INSUFFICIENT,['NO_EVIDENCE_CLASS_THRESHOLD_MET']
IL2RA,Myeloid,TLR_1h,0.21002470878301033,0.8011558239438933,-1.3602407061470205,1.780290123713041,,,,1.0,4,0.9745104086177031,0.0078125,0.0012048192771084338,,,UNAVAILABLE,True,INSUFFICIENT,['NO_EVIDENCE_CLASS_THRESHOLD_MET']
IL2RA,Myeloid,TLR_6h,8.334828430361696,0.8486404429917023,6.67149316209796,9.998163698625433,,,,1.0,4,0.009006061011150547,0.3058823529411765,0.0031446540880503146,,,UNAVAILABLE,True,B,[]
IL2RA,NK_cell,IFN_II_1h,1.6392337431455426,1.7294592430398075,-1.75050637321248,5.028973859503565,,,,1.0,3,0.6402638771362488,0.020134228187919462,0.004291845493562232,,,UNAVAILABLE,True,INSUFFICIENT,['NO_EVIDENCE_CLASS_THRESHOLD_MET']
IL2RA,NK_cell,IFN_II_6h,-2.863846648709778,1.5050139023438542,-5.813673897303732,0.08598059988417628,,,,1.0,3,0.4116332502553592,0.0,0.006756756756756757,,,UNAVAILABLE,True,INSUFFICIENT,['NO_EVIDENCE_CLASS_THRESHOLD_MET']
IL2RA,NK_cell,TLR_1h,-0.899730493925297,1.2433241096145167,-3.3366457487697496,1.5371847609191556,,,,1.0,4,0.7222838361645592,0.004201680672268907,0.004291845493562232,,,UNAVAILABLE,False,INSUFFICIENT,['NO_RELEVANT_STIMULUS_COVERAGE']
IL2RA,NK_cell,TLR_6h,3.776328288488881,1.4463414704696231,0.9414990063684199,6.611157570609342,,,,1.0,4,0.20639481404411236,0.045112781954887216,0.006756756756756757,,,UNAVAILABLE,False,INSUFFICIENT,['NO_RELEVANT_STIMULUS_COVERAGE']
IL2RA,T_cell,IFN_II_1h,1.0340719516847103,0.2654248445189352,0.5138392564275973,1.5543046469418234,,,,1.0,3,0.16233710465561663,0.04314329738058552,0.014457831325301205,,,UNAVAILABLE,True,INSUFFICIENT,['NO_EVIDENCE_CLASS_THRESHOLD_MET']
IL2RA,T_cell,IFN_II_6h,1.69291532912375,0.724604411285998,0.2726906830031941,3.113139975244306,,,,1.0,3,0.3347771821143017,0.017892644135188866,0.005512679162072767,,,UNAVAILABLE,True,INSUFFICIENT,['NO_EVIDENCE_CLASS_THRESHOLD_MET']
IL2RA,T_cell,TLR_1h,-0.6969129855406244,1.027112379717875,-2.7100532497876593,1.3162272787064104,,,,1.0,4,0.7443663759494288,0.01981981981981982,0.014457831325301205,,,UNAVAILABLE,False,INSUFFICIENT,['NO_RELEVANT_STIMULUS_COVERAGE']
IL2RA,T_cell,TLR_6h,2.8004213563167646,0.6772464136108635,1.4730183856394723,4.127824326994057,,,,1.0,4,0.08249955763628321,0.03245283018867925,0.005512679162072767,,,UNAVAILABLE,False,INSUFFICIENT,['NO_RELEVANT_STIMULUS_COVERAGE']
IL2RA,T_cell,lymphocyte_activation_12h,4.988306604002339,0.10459837269173201,4.7832937935265445,5.193319414478134,,,,1.0,19,4.487262416459942e-19,1.0,1.0,,,UNAVAILABLE,True,B,[]
IL2RA,T_cell,lymphocyte_activation_24h,5.071163287221768,0.09350466594432207,4.8878941419708966,5.254432432472639,,,,1.0,24,5.552160468352961e-24,1.0,1.0,,,UNAVAILABLE,True,B,[]
IL2RA,T_cell,lymphocyte_activation_2h,2.848533459144049,0.1698162575547189,2.5156935943368,3.1813733239512985,,,,1.0,23,4.704507746754274e-13,1.0,1.0,,,UNAVAILABLE,True,B,[]
IL2RA,T_cell,lymphocyte_activation_48h,4.874003494267144,0.10654454107653588,4.665176193757134,5.082830794777154,,,,1.0,22,4.686639965493487e-21,1.0,1.0,,,UNAVAILABLE,True,B,[]
IL2RA,T_cell,lymphocyte_activation_4h,4.482161228313964,0.09348863566613742,4.298923502408335,4.665398954219593,,,,1.0,24,6.159262976510598e-23,1.0,1.0,,,UNAVAILABLE,True,B,[]
IL2RA,T_cell,lymphocyte_activation_72h,4.910519313623894,0.09381911317157061,4.726633851807615,5.0944047754401725,,,,1.0,24,9.208204302451745e-24,1.0,1.0,,,UNAVAILABLE,True,B,[]
IL2RA,T_cell,lymphocyte_activation_8h,4.938147518546159,0.09521474148388238,4.75152662523775,5.124768411854568,,,,1.0,24,1.0779888136896093e-23,1.0,1.0,,,UNAVAILABLE,True,B,[]
LAG3,B_cell,IFN_II_1h,-1.063410294075853,1.0634102940758532,-3.1476944704645256,1.0208738823128194,,,,1.0,3,0.6234964436910937,0.0,0.002785515320334262,,,UNAVAILABLE,True,INSUFFICIENT,['NO_EVIDENCE_CLASS_THRESHOLD_MET']
LAG3,B_cell,IFN_II_6h,-0.29886753288643614,1.5468292326813953,-3.330652828941971,2.732917763169098,,,,1.0,3,1.0,0.013513513513513514,0.0031746031746031746,,,UNAVAILABLE,True,INSUFFICIENT,['NO_EVIDENCE_CLASS_THRESHOLD_MET']
LAG3,B_cell,TLR_1h,-0.7975577205568898,0.7975577205568897,-2.3607708528483933,0.7656554117346139,,,,1.0,4,0.6234964436910937,0.0,0.002785515320334262,,,UNAVAILABLE,True,INSUFFICIENT,['NO_EVIDENCE_CLASS_THRESHOLD_MET']
LAG3,B_cell,TLR_6h,4.661222969077415,0.7533574784067942,3.184642311400099,6.137803626754732,,,,1.0,4,0.031249297799252687,0.0449438202247191,0.0031746031746031746,,,UNAVAILABLE,True,INSUFFICIENT,['NO_EVIDENCE_CLASS_THRESHOLD_MET']
LAG3,Myeloid,IFN_II_1h,1.3688001658099223,1.3688001658099225,-1.3140481591775257,4.05164849079737,,,,1.0,3,0.6234964436910937,0.006896551724137931,0.0012048192771084338,,,UNAVAILABLE,True,INSUFFICIENT,['NO_EVIDENCE_CLASS_THRESHOLD_MET']
LAG3,Myeloid,IFN_II_6h,0.0,1e-06,-1.96e-06,1.96e-06,,,,1.0,3,1.0,0.0,0.0,,,UNAVAILABLE,True,INSUFFICIENT,['TARGET_UNDETECTED']
LAG3,Myeloid,IFN_I_18h,4.505671051474306,0.2597092023903398,3.9966410147892404,5.014701088159372,,,,1.0,3,0.012970690277667472,0.0713166144200627,0.0,,,UNAVAILABLE,True,C,[]
LAG3,Myeloid,TLR_1h,-0.5608327301255885,0.5608327301255885,-1.660064881171742,0.538399420920565,,,,1.0,4,0.6234964436910937,0.0,0.0012048192771084338,,,UNAVAILABLE,True,INSUFFICIENT,['NO_EVIDENCE_CLASS_THRESHOLD_MET']
LAG3,Myeloid,TLR_6h,4.148196939751194,0.6730407356867696,2.8290370978051254,5.467356781697262,,,,1.0,4,0.0314599809782044,0.043137254901960784,0.0,,,UNAVAILABLE,True,INSUFFICIENT,['NO_EVIDENCE_CLASS_THRESHOLD_MET']
LAG3,NK_cell,IFN_II_1h,0.640522758363791,0.5190545903242972,-0.37682423867183157,1.6578697553994135,,,,1.0,3,0.5978789217759729,0.11409395973154363,0.03648068669527897,,,UNAVAILABLE,True,C,[]
LAG3,NK_cell,IFN_II_6h,-0.9474975183062146,0.9591155924476816,-2.8273640795036705,0.9323690428912412,,,,1.0,3,0.6260206849172544,0.06944444444444445,0.05405405405405406,,,UNAVAILABLE,True,INSUFFICIENT,['NO_EVIDENCE_CLASS_THRESHOLD_MET']
LAG3,NK_cell,TLR_1h,-0.2930220122200361,0.6405216936854853,-1.5484445318435873,0.962400507403515,,,,1.0,4,0.8640833197329505,0.04411764705882353,0.03648068669527897,,,UNAVAILABLE,False,INSUFFICIENT,['NO_RELEVANT_STIMULUS_COVERAGE']
LAG3,NK_cell,TLR_6h,3.215072309595108,0.7524562050123583,1.7402581477708856,4.68988647141933,,,,1.0,4,0.07677406481882561,0.4191729323308271,0.05405405405405406,,,UNAVAILABLE,False,INSUFFICIENT,['NO_RELEVANT_STIMULUS_COVERAGE']
LAG3,T_cell,IFN_II_1h,-0.40881334310644135,0.9376137146124273,-2.2465362237467987,1.428909537533916,,,,1.0,3,0.8917016121074998,0.023112480739599383,0.008032128514056224,,,UNAVAILABLE,True,INSUFFICIENT,['NO_EVIDENCE_CLASS_THRESHOLD_MET']
LAG3,T_cell,IFN_II_6h,-2.0098285537048306,0.6403814161606781,-3.2649761293797597,-0.7546809780299015,,,,1.0,3,0.22224235812670454,0.011928429423459244,0.013230429988974642,,,UNAVAILABLE,True,INSUFFICIENT,['NO_EVIDENCE_CLASS_THRESHOLD_MET']
LAG3,T_cell,TLR_1h,0.8403869378623335,1.5401976247013076,-2.178400406552229,3.8591742822768964,,,,1.0,4,0.8163445523792643,0.011711711711711712,0.008032128514056224,,,UNAVAILABLE,False,INSUFFICIENT,['NO_RELEVANT_STIMULUS_COVERAGE']
LAG3,T_cell,TLR_6h,3.1703748060117043,0.4810714194229852,2.227474823942653,4.113274788080755,,,,1.0,4,0.026579917290866492,0.12226415094339622,0.013230429988974642,,,UNAVAILABLE,False,INSUFFICIENT,['NO_RELEVANT_STIMULUS_COVERAGE']
LAG3,T_cell,lymphocyte_activation_12h,1.9235752717645165,0.10025419774278431,1.7270770441886591,2.1200734993403736,,,,1.0,19,1.6336582352909753e-12,1.0,1.0,,,UNAVAILABLE,True,B,[]
LAG3,T_cell,lymphocyte_activation_24h,3.4516316084799357,0.08071110787961054,3.293437837035899,3.609825379923972,,,,1.0,24,6.702756381288213e-22,1.0,1.0,,,UNAVAILABLE,True,B,[]
LAG3,T_cell,lymphocyte_activation_2h,0.4816579610475427,0.07740455382319013,0.32994503555409005,0.6333708865409954,,,,1.0,23,1.4311848610336533e-05,1.0,1.0,,,UNAVAILABLE,True,INSUFFICIENT,['NO_EVIDENCE_CLASS_THRESHOLD_MET']
LAG3,T_cell,lymphocyte_activation_48h,4.5986450434048045,0.10927740509240734,4.3844613294236865,4.8128287573859225,,,,1.0,22,2.415231695303406e-20,1.0,1.0,,,UNAVAILABLE,True,B,[]
LAG3,T_cell,lymphocyte_activation_4h,1.2280707392455052,0.05576802287416222,1.1187654144121473,1.3373760640788632,,,,1.0,24,7.305928441540566e-16,1.0,1.0,,,UNAVAILABLE,True,B,[]
LAG3,T_cell,lymphocyte_activation_72h,5.154993776149564,0.09796996967649858,4.962972635583627,5.347014916715501,,,,1.0,24,9.120558310899289e-24,1.0,1.0,,,UNAVAILABLE,True,B,[]
LAG3,T_cell,lymphocyte_activation_8h,1.4722675431516097,0.07255848291180583,1.3300529166444703,1.614482169658749,,,,1.0,24,4.15426734892886e-15,1.0,1.0,,,UNAVAILABLE,True,B,[]
MICA,B_cell,IFN_II_1h,1.7421371796003868,1.172391058375101,-0.5557492948148111,4.0400236540155845,,,,1.0,3,0.5218800944542689,0.06547619047619048,0.008356545961002786,,,UNAVAILABLE,True,C,[]
MICA,B_cell,IFN_II_6h,-1.6951049414384851,2.5906520541784404,-6.7727829676282285,3.3825730847512583,,,,1.0,3,0.7773265916131098,0.05405405405405406,0.02857142857142857,,,UNAVAILABLE,True,INSUFFICIENT,['NO_EVIDENCE_CLASS_THRESHOLD_MET']
MICA,B_cell,TLR_1h,-0.8821497863747617,1.5136220107146001,-3.848848927375378,2.0845493546258544,,,,1.0,4,0.7999656784098678,0.01,0.008356545961002786,,,UNAVAILABLE,True,INSUFFICIENT,['NO_EVIDENCE_CLASS_THRESHOLD_MET']
MICA,B_cell,TLR_6h,-0.10919111366635757,0.5939160585867083,-1.2732665884963057,1.0548843611635907,,,,1.0,4,1.0,0.0449438202247191,0.02857142857142857,,,UNAVAILABLE,True,INSUFFICIENT,['NO_EVIDENCE_CLASS_THRESHOLD_MET']
MICA,Myeloid,IFN_II_1h,-1.885124480015631,0.9181652985817995,-3.684728465235958,-0.0855204947953041,,,,1.0,3,0.39409366350803127,0.027586206896551724,0.03132530120481928,,,UNAVAILABLE,True,INSUFFICIENT,['NO_EVIDENCE_CLASS_THRESHOLD_MET']
MICA,Myeloid,IFN_II_6h,0.04717753746529348,0.44884012799053985,-0.8325491133961646,0.9269041883267516,,,,1.0,3,1.0,0.0529595015576324,0.02830188679245283,,,UNAVAILABLE,True,INSUFFICIENT,['NO_EVIDENCE_CLASS_THRESHOLD_MET']
MICA,Myeloid,IFN_I_18h,0.6150841986066141,0.13474509463956955,0.3509838131130578,0.8791845841001704,,,,1.0,3,0.1279112507244957,0.042711598746081506,0.029869583508624318,,,UNAVAILABLE,True,INSUFFICIENT,['NO_EVIDENCE_CLASS_THRESHOLD_MET']
MICA,Myeloid,TLR_1h,-4.146142401826845,0.31232289833141846,-4.758295282556425,-3.533989521097265,,,,1.0,4,0.0038681485186717805,0.0,0.03132530120481928,,,UNAVAILABLE,True,INSUFFICIENT,['NO_EVIDENCE_CLASS_THRESHOLD_MET']
MICA,Myeloid,TLR_6h,-0.608360755807293,0.4400597641826231,-1.4708778936052342,0.2541563819906483,,,,1.0,4,0.5047423271829997,0.050980392156862744,0.02830188679245283,,,UNAVAILABLE,True,INSUFFICIENT,['NO_EVIDENCE_CLASS_THRESHOLD_MET']
MICA,NK_cell,IFN_II_1h,-0.36604830422447493,0.25937121024035775,-0.874415876295576,0.14231926784662624,,,,1.0,3,0.5441432493287756,0.06375838926174497,0.034334763948497854,,,UNAVAILABLE,True,INSUFFICIENT,['NO_EVIDENCE_CLASS_THRESHOLD_MET']
MICA,NK_cell,IFN_II_6h,-0.04550517005995269,1.7331774725148597,-3.4425330161890777,3.3515226760691723,,,,1.0,3,1.0,0.041666666666666664,0.02364864864864865,,,UNAVAILABLE,True,INSUFFICIENT,['NO_EVIDENCE_CLASS_THRESHOLD_MET']
MICA,NK_cell,TLR_1h,-1.4108723076822305,1.1232442600200339,-3.612431057321497,0.7906864419570356,,,,1.0,4,0.546890300907931,0.023109243697478993,0.034334763948497854,,,UNAVAILABLE,False,INSUFFICIENT,['NO_RELEVANT_STIMULUS_COVERAGE']
MICA,NK_cell,TLR_6h,0.7873746714996968,1.2864598322677896,-1.7340865997451707,3.3088359427445644,,,,1.0,4,0.7798542553820001,0.043233082706766915,0.02364864864864865,,,UNAVAILABLE,False,INSUFFICIENT,['NO_RELEVANT_STIMULUS_COVERAGE']
MICA,T_cell,IFN_II_1h,-0.3300325365280982,0.43534065542129785,-1.183300221153842,0.5232351480976456,,,,1.0,3,0.7270404970449764,0.03543913713405239,0.030522088353413655,,,UNAVAILABLE,True,INSUFFICIENT,['NO_EVIDENCE_CLASS_THRESHOLD_MET']
MICA,T_cell,IFN_II_6h,-0.37628368892332426,0.43804723522772004,-1.2348562699696555,0.482288892123007,,,,1.0,3,0.6788114068667996,0.0536779324055666,0.027563395810363836,,,UNAVAILABLE,True,INSUFFICIENT,['NO_EVIDENCE_CLASS_THRESHOLD_MET']
MICA,T_cell,TLR_1h,-0.9447756584599746,1.1768299182356212,-3.251362298201792,1.361810981281843,,,,1.0,4,0.6788114068667996,0.02882882882882883,0.030522088353413655,,,UNAVAILABLE,False,INSUFFICIENT,['NO_RELEVANT_STIMULUS_COVERAGE']
MICA,T_cell,TLR_6h,0.25993404118177077,0.5129434526796315,-0.7454351260703069,1.2653032084338485,,,,1.0,4,0.8385945336459427,0.052075471698113204,0.027563395810363836,,,UNAVAILABLE,False,INSUFFICIENT,['NO_RELEVANT_STIMULUS_COVERAGE']
MICA,T_cell,lymphocyte_activation_12h,-0.8297633178670613,0.03690302527827708,-0.9020932474124843,-0.7574333883216382,,,,1.0,19,1.2510908316060476e-13,1.0,1.0,,,UNAVAILABLE,True,INSUFFICIENT,['NO_EVIDENCE_CLASS_THRESHOLD_MET']
MICA,T_cell,lymphocyte_activation_24h,-0.8468169559047282,0.032988670441072815,-0.9114747499692308,-0.7821591618402255,,,,1.0,24,3.129583903690322e-17,1.0,1.0,,,UNAVAILABLE,True,INSUFFICIENT,['NO_EVIDENCE_CLASS_THRESHOLD_MET']
MICA,T_cell,lymphocyte_activation_2h,-0.588080604795766,0.03941014530478788,-0.6653244895931503,-0.5108367199983816,,,,1.0,23,4.319278745383145e-12,1.0,1.0,,,UNAVAILABLE,True,INSUFFICIENT,['NO_EVIDENCE_CLASS_THRESHOLD_MET']
MICA,T_cell,lymphocyte_activation_48h,-1.106683576464977,0.046855225430358055,-1.1985198183084786,-1.0148473346214752,,,,1.0,22,1.5917946155932273e-15,1.0,1.0,,,UNAVAILABLE,True,INSUFFICIENT,['NO_EVIDENCE_CLASS_THRESHOLD_MET']
MICA,T_cell,lymphocyte_activation_4h,-1.0111176842986878,0.0452853411656557,-1.099876952983373,-0.9223584156140026,,,,1.0,24,5.466572960098411e-16,1.0,1.0,,,UNAVAILABLE,True,INSUFFICIENT,['NO_EVIDENCE_CLASS_THRESHOLD_MET']
MICA,T_cell,lymphocyte_activation_72h,-0.8023421534284925,0.05914022130231654,-0.9182569871810329,-0.686427319675952,,,,1.0,24,1.4051362475071418e-11,1.0,1.0,,,UNAVAILABLE,True,INSUFFICIENT,['NO_EVIDENCE_CLASS_THRESHOLD_MET']
MICA,T_cell,lymphocyte_activation_8h,-1.063573324287901,0.03736225860475764,-1.136803351153226,-0.9903432974225761,,,,1.0,24,3.5572877380677506e-18,1.0,1.0,,,UNAVAILABLE,True,INSUFFICIENT,['NO_EVIDENCE_CLASS_THRESHOLD_MET']
MICB,B_cell,IFN_II_1h,-0.1443054169273242,0.6138594199995945,-1.3474698801265292,1.058859046271881,,,,1.0,3,0.9947772749171332,0.11904761904761904,0.04178272980501393,,,UNAVAILABLE,True,INSUFFICIENT,['NO_EVIDENCE_CLASS_THRESHOLD_MET']
MICB,B_cell,IFN_II_6h,2.1708442598847317,1.1445774750800823,-0.07252759127222941,4.414216111041693,,,,1.0,3,0.4122738559262914,0.24324324324324326,0.02857142857142857,,,UNAVAILABLE,True,C,[]
MICB,B_cell,TLR_1h,-1.246624443933857,1.3890045876593367,-3.969073435746157,1.4758245478784429,,,,1.0,4,0.6333931677037381,0.04666666666666667,0.04178272980501393,,,UNAVAILABLE,True,INSUFFICIENT,['NO_EVIDENCE_CLASS_THRESHOLD_MET']
MICB,B_cell,TLR_6h,2.3777800070733757,1.4358135176608247,-0.43641448754184076,5.191974501688592,,,,1.0,4,0.41097842397292417,0.1303370786516854,0.02857142857142857,,,UNAVAILABLE,True,B,[]
MICB,Myeloid,IFN_II_1h,-1.666571367414445,1.109835171901983,-3.8418483043423315,0.5087055695134417,,,,1.0,3,0.5182589345917236,0.05517241379310345,0.02650602409638554,,,UNAVAILABLE,True,INSUFFICIENT,['NO_EVIDENCE_CLASS_THRESHOLD_MET']
MICB,Myeloid,IFN_II_6h,0.05905749329408957,0.15141035784859724,-0.23770680808916103,0.35582179467734015,,,,1.0,3,0.9090456721705249,0.13707165109034267,0.05660377358490566,,,UNAVAILABLE,True,INSUFFICIENT,['NO_EVIDENCE_CLASS_THRESHOLD_MET']
MICB,Myeloid,IFN_I_18h,1.8183575554340117,0.19987902832881488,1.4265946599095345,2.2101204509584886,,,,1.0,3,0.0421931971765099,0.12578369905956113,0.03912494741270509,,,UNAVAILABLE,True,C,[]
MICB,Myeloid,TLR_1h,-1.390992110986128,1.088729428496456,-3.5249017908391815,0.7429175688669254,,,,1.0,4,0.540949076883002,0.046875,0.02650602409638554,,,UNAVAILABLE,True,INSUFFICIENT,['NO_EVIDENCE_CLASS_THRESHOLD_MET']
MICB,Myeloid,TLR_6h,0.2637624002999195,0.2964541571832282,-0.31728774777920776,0.8448125483790467,,,,1.0,4,0.636449137662901,0.12549019607843137,0.05660377358490566,,,UNAVAILABLE,True,INSUFFICIENT,['NO_EVIDENCE_CLASS_THRESHOLD_MET']
MICB,NK_cell,IFN_II_1h,0.17957166179916792,0.2760246876373743,-0.3614367259700857,0.7205800495684216,,,,1.0,3,0.7787902059118119,0.12751677852348994,0.07081545064377683,,,UNAVAILABLE,True,INSUFFICIENT,['NO_EVIDENCE_CLASS_THRESHOLD_MET']
MICB,NK_cell,IFN_II_6h,1.488845011342901,0.4721109794790661,0.5635074915639315,2.4141825311218703,,,,1.0,3,0.22102808918317218,0.2152777777777778,0.06418918918918919,,,UNAVAILABLE,True,C,[]
MICB,NK_cell,TLR_1h,0.5886837879341771,0.48285480046089424,-0.35771162096917564,1.53507919683753,,,,1.0,4,0.5611589929221545,0.10504201680672269,0.07081545064377683,,,UNAVAILABLE,False,INSUFFICIENT,['NO_RELEVANT_STIMULUS_COVERAGE']
MICB,NK_cell,TLR_6h,0.9531272508532638,0.43865747439400404,0.0933586010410159,1.8128959006655117,,,,1.0,4,0.2803854661391176,0.15601503759398497,0.06418918918918919,,,UNAVAILABLE,False,INSUFFICIENT,['NO_RELEVANT_STIMULUS_COVERAGE']
MICB,T_cell,IFN_II_1h,0.9786469350805822,0.5646724283547448,-0.12811102449471767,2.0854048946558823,,,,1.0,3,0.45407243518982116,0.10939907550077041,0.04257028112449799,,,UNAVAILABLE,True,C,[]
MICB,T_cell,IFN_II_6h,0.9586733426531128,0.13883918674859608,0.6865485366258645,1.230798148680361,,,,1.0,3,0.06735001995861398,0.1610337972166998,0.050716648291069456,,,UNAVAILABLE,True,C,[]
MICB,T_cell,TLR_1h,-0.15535497370784768,0.3827753593685555,-0.9055946780702164,0.5948847306545211,,,,1.0,4,0.8966820015447061,0.04504504504504504,0.04257028112449799,,,UNAVAILABLE,False,INSUFFICIENT,['NO_RELEVANT_STIMULUS_COVERAGE']
MICB,T_cell,TLR_6h,0.46395720742054847,0.18529932832968352,0.1007705238943688,0.8271438909467281,,,,1.0,4,0.22102808918317218,0.10113207547169811,0.050716648291069456,,,UNAVAILABLE,False,INSUFFICIENT,['NO_RELEVANT_STIMULUS_COVERAGE']
MICB,T_cell,lymphocyte_activation_12h,-0.2136343642338239,0.02874658209248882,-0.26997766513510196,-0.1572910633325458,,,,1.0,19,3.4670157753334516e-06,1.0,1.0,,,UNAVAILABLE,True,INSUFFICIENT,['NO_EVIDENCE_CLASS_THRESHOLD_MET']
MICB,T_cell,lymphocyte_activation_24h,-0.1933650757151526,0.045021972349741944,-0.28160814152064684,-0.10512200990965839,,,,1.0,24,0.001237661943321417,1.0,1.0,,,UNAVAILABLE,True,INSUFFICIENT,['NO_EVIDENCE_CLASS_THRESHOLD_MET']
MICB,T_cell,lymphocyte_activation_2h,-0.7257907611436475,0.04743771206302717,-0.8187686767871807,-0.6328128455001143,,,,1.0,23,2.708523560926581e-12,1.0,1.0,,,UNAVAILABLE,True,INSUFFICIENT,['NO_EVIDENCE_CLASS_THRESHOLD_MET']
MICB,T_cell,lymphocyte_activation_48h,-0.20163970454594737,0.04609922138350316,-0.29199417845761355,-0.11128523063428118,,,,1.0,22,0.0012242433441750507,1.0,1.0,,,UNAVAILABLE,True,INSUFFICIENT,['NO_EVIDENCE_CLASS_THRESHOLD_MET']
MICB,T_cell,lymphocyte_activation_4h,-0.8609564160794653,0.036990746199550055,-0.9334582786305834,-0.7884545535283471,,,,1.0,24,2.356482250810169e-16,1.0,1.0,,,UNAVAILABLE,True,INSUFFICIENT,['NO_EVIDENCE_CLASS_THRESHOLD_MET']
MICB,T_cell,lymphocyte_activation_72h,-0.12681234475681447,0.04645295804735175,-0.21786014252962388,-0.03576454698400504,,,,1.0,24,0.04227140697599234,1.0,1.0,,,UNAVAILABLE,True,INSUFFICIENT,['NO_EVIDENCE_CLASS_THRESHOLD_MET']
MICB,T_cell,lymphocyte_activation_8h,-0.4620170184136039,0.0378931265433225,-0.536287546438516,-0.3877464903886918,,,,1.0,24,1.1382110613548949e-10,1.0,1.0,,,UNAVAILABLE,True,INSUFFICIENT,['NO_EVIDENCE_CLASS_THRESHOLD_MET']
MRC1,Myeloid,IFN_I_18h,-3.9039895901890618,0.4375025797027934,-4.761494646406537,-3.046484533971587,,,,1.0,3,0.043468694202399176,0.0023510971786833857,0.08203618005889778,0.6448869767014589,1.0,DISCORDANT,True,INSUFFICIENT,['NO_EVIDENCE_CLASS_THRESHOLD_MET']
MS4A1,B_cell,IFN_II_1h,0.6725162794398205,0.24256014610311072,0.19709839307772353,1.1479341658019175,,,,1.0,3,0.26272095825819514,0.5363128491620112,0.38320209973753283,,,UNAVAILABLE,True,C,[]
MS4A1,B_cell,IFN_II_6h,-0.1813668349718783,0.4445316298857799,-1.0526488295480068,0.6899151596042502,,,,1.0,3,0.9020567933678538,0.726027397260274,0.4672897196261682,,,UNAVAILABLE,True,INSUFFICIENT,['NO_EVIDENCE_CLASS_THRESHOLD_MET']
MS4A1,B_cell,TLR_1h,0.3183594674467485,0.36834509104132174,-0.4035969109942421,1.040315845887739,,,,1.0,4,0.6468195541625108,0.46153846153846156,0.38320209973753283,,,UNAVAILABLE,True,INSUFFICIENT,['NO_EVIDENCE_CLASS_THRESHOLD_MET']
MS4A1,B_cell,TLR_6h,-1.0186429247940483,0.10848357906029954,-1.2312707397522353,-0.8060151098358612,,,,1.0,4,0.010170539607959123,0.34743875278396436,0.4672897196261682,,,UNAVAILABLE,True,INSUFFICIENT,['NO_EVIDENCE_CLASS_THRESHOLD_MET']
MS4A1,Myeloid,IFN_II_1h,-0.2644595244093404,1.1139910313388393,-2.447881945833465,1.9189628970147843,,,,1.0,3,0.9943611215979722,0.04081632653061224,0.039951573849878935,,,UNAVAILABLE,True,INSUFFICIENT,['NO_EVIDENCE_CLASS_THRESHOLD_MET']
MS4A1,Myeloid,IFN_II_6h,-1.2384637307685207,1.1519875636436756,-3.496359355510125,1.0194318939730835,,,,1.0,3,0.6234964436910937,0.021604938271604937,0.03470031545741325,,,UNAVAILABLE,True,INSUFFICIENT,['NO_EVIDENCE_CLASS_THRESHOLD_MET']
MS4A1,Myeloid,IFN_I_18h,0.5079612927178047,0.3047319959258455,-0.08931341929685244,1.1052360047324616,,,,1.0,3,0.4711341200455832,0.001959247648902821,0.00042069835927639884,,,UNAVAILABLE,True,INSUFFICIENT,['NO_EVIDENCE_CLASS_THRESHOLD_MET']
MS4A1,Myeloid,TLR_1h,-1.8596183283427559,1.25895734210516,-4.32717471886887,0.6079380621833579,,,,1.0,4,0.4696056627363802,0.056451612903225805,0.039951573849878935,,,UNAVAILABLE,True,INSUFFICIENT,['NO_EVIDENCE_CLASS_THRESHOLD_MET']
MS4A1,Myeloid,TLR_6h,0.3889277671081707,0.3559117096890159,-0.3086591838823005,1.0865147180986419,,,,1.0,4,0.611242199420685,0.10687022900763359,0.03470031545741325,,,UNAVAILABLE,True,INSUFFICIENT,['NO_EVIDENCE_CLASS_THRESHOLD_MET']
MS4A1,NK_cell,IFN_II_1h,-2.133176257720273,0.36212808005691544,-2.842947294631827,-1.4234052208087187,,,,1.0,3,0.08625609624035233,0.02348993288590604,0.028077753779697623,,,UNAVAILABLE,True,INSUFFICIENT,['NO_EVIDENCE_CLASS_THRESHOLD_MET']
MS4A1,NK_cell,IFN_II_6h,0.2684426020237594,1.4969096483819542,-2.6655003088048708,3.20238551285239,,,,1.0,3,1.0,0.013986013986013986,0.016778523489932886,,,UNAVAILABLE,True,INSUFFICIENT,['NO_EVIDENCE_CLASS_THRESHOLD_MET']
MS4A1,NK_cell,TLR_1h,-0.922801498939242,1.3664697377749493,-3.6010821849781425,1.7554791870996582,,,,1.0,4,0.7456116623505984,0.035864978902953586,0.028077753779697623,,,UNAVAILABLE,False,INSUFFICIENT,['NO_RELEVANT_STIMULUS_COVERAGE']
MS4A1,NK_cell,TLR_6h,1.7346506966784383,1.1673287811151927,-0.5533137143073392,4.022615107664215,,,,1.0,4,0.46740603827911237,0.035580524344569285,0.016778523489932886,,,UNAVAILABLE,False,INSUFFICIENT,['NO_RELEVANT_STIMULUS_COVERAGE']
MS4A1,T_cell,IFN_II_1h,-0.8404977556330501,0.6733285237901283,-2.1602216622617014,0.4792261509956014,,,,1.0,3,0.5915943802764617,0.02190923317683881,0.025472473294987676,,,UNAVAILABLE,True,INSUFFICIENT,['NO_EVIDENCE_CLASS_THRESHOLD_MET']
MS4A1,T_cell,IFN_II_6h,-2.62846510481098,1.0848905983511337,-4.754850677579203,-0.502079532042758,,,,1.0,3,0.3184252743326899,0.001996007984031936,0.017937219730941704,,,UNAVAILABLE,True,INSUFFICIENT,['NO_EVIDENCE_CLASS_THRESHOLD_MET']
MS4A1,T_cell,TLR_1h,1.0082752533475463,0.6086593754325282,-0.18469712250020898,2.2012476291953016,,,,1.0,4,0.41097842397292417,0.03955841766329347,0.025472473294987676,,,UNAVAILABLE,False,INSUFFICIENT,['NO_RELEVANT_STIMULUS_COVERAGE']
MS4A1,T_cell,TLR_6h,-0.10737583713921284,0.9604444533951427,-1.9898469657936926,1.775095291515267,,,,1.0,4,1.0,0.02338269680436477,0.017937219730941704,,,UNAVAILABLE,False,INSUFFICIENT,['NO_RELEVANT_STIMULUS_COVERAGE']
MS4A1,T_cell,lymphocyte_activation_12h,-1.5467166224860283,0.10263523457838411,-1.7478816822596612,-1.3455515627123953,,,,1.0,19,8.512506989589622e-11,0.9047619047619048,1.0,,,UNAVAILABLE,True,INSUFFICIENT,['NO_EVIDENCE_CLASS_THRESHOLD_MET']
MS4A1,T_cell,lymphocyte_activation_24h,-1.653560382748832,0.09575205742762781,-1.8412344153069826,-1.4658863501906816,,,,1.0,24,1.1567048227035006e-13,0.8461538461538461,1.0,,,UNAVAILABLE,True,INSUFFICIENT,['NO_EVIDENCE_CLASS_THRESHOLD_MET']
MS4A1,T_cell,lymphocyte_activation_2h,-0.08980426014870559,0.0317284532790312,-0.15199202857560673,-0.027616491721804443,,,,1.0,23,0.03519536053412265,1.0,1.0,,,UNAVAILABLE,True,INSUFFICIENT,['NO_EVIDENCE_CLASS_THRESHOLD_MET']
MS4A1,T_cell,lymphocyte_activation_48h,-1.5380474014603445,0.08216909691899747,-1.6990988314215796,-1.3769959714991094,,,,1.0,22,1.3593407721589424e-13,0.7916666666666666,1.0,,,UNAVAILABLE,True,INSUFFICIENT,['NO_EVIDENCE_CLASS_THRESHOLD_MET']
MS4A1,T_cell,lymphocyte_activation_4h,-0.6847814422387165,0.05988844752448474,-0.8021627993867066,-0.5674000850907264,,,,1.0,24,3.887719519663679e-10,1.0,1.0,,,UNAVAILABLE,True,INSUFFICIENT,['NO_EVIDENCE_CLASS_THRESHOLD_MET']
MS4A1,T_cell,lymphocyte_activation_72h,-1.4444708419961003,0.07352414485869808,-1.5885781659191485,-1.3003635180730522,,,,1.0,24,8.174766201004351e-15,0.8076923076923077,1.0,,,UNAVAILABLE,True,INSUFFICIENT,['NO_EVIDENCE_CLASS_THRESHOLD_MET']
MS4A1,T_cell,lymphocyte_activation_8h,-1.3648545672548045,0.08649062349266125,-1.5343761893004206,-1.1953329452091883,,,,1.0,24,6.993534968732981e-13,1.0,1.0,,,UNAVAILABLE,True,INSUFFICIENT,['NO_EVIDENCE_CLASS_THRESHOLD_MET']
PDCD1,B_cell,IFN_II_1h,2.329122262230482,1.1643451653200017,0.04700573820327891,4.611238786257685,,,,1.0,3,0.40171882355669847,0.02976190476190476,0.005571030640668524,,,UNAVAILABLE,True,INSUFFICIENT,['NO_EVIDENCE_CLASS_THRESHOLD_MET']
PDCD1,B_cell,IFN_II_6h,-0.9642877263380851,1.8492760883531334,-4.588868859510226,2.6602934068340565,,,,1.0,3,0.8427214401635513,0.013513513513513514,0.006349206349206349,,,UNAVAILABLE,True,INSUFFICIENT,['NO_EVIDENCE_CLASS_THRESHOLD_MET']
PDCD1,B_cell,TLR_1h,-0.41125160389914217,1.586872613716308,-3.521521926783106,2.6990187189848216,,,,1.0,4,0.9745104086177031,0.006666666666666667,0.005571030640668524,,,UNAVAILABLE,True,INSUFFICIENT,['NO_EVIDENCE_CLASS_THRESHOLD_MET']
PDCD1,B_cell,TLR_6h,-0.03232616281050693,2.370991459922767,-4.67946942425913,4.614817098638117,,,,1.0,4,1.0,0.01348314606741573,0.006349206349206349,,,UNAVAILABLE,True,INSUFFICIENT,['NO_EVIDENCE_CLASS_THRESHOLD_MET']
PDCD1,Myeloid,IFN_II_1h,0.0,1e-06,-1.96e-06,1.96e-06,,,,1.0,3,1.0,0.0,0.0012048192771084338,,,UNAVAILABLE,True,INSUFFICIENT,['NO_EVIDENCE_CLASS_THRESHOLD_MET']
PDCD1,Myeloid,IFN_II_6h,1.0564993475648203,1.0564993475648203,-1.0142393736622275,3.1272380687918684,,,,1.0,3,0.6234964436910937,0.003115264797507788,0.0,,,UNAVAILABLE,True,INSUFFICIENT,['NO_EVIDENCE_CLASS_THRESHOLD_MET']
PDCD1,Myeloid,IFN_I_18h,0.6775141472301053,0.11722884341694127,0.44774561413290037,0.9072826803273102,,,,1.0,3,0.08882934723883797,0.003134796238244514,0.00042069835927639884,,,UNAVAILABLE,True,INSUFFICIENT,['NO_EVIDENCE_CLASS_THRESHOLD_MET']
PDCD1,Myeloid,TLR_1h,-0.37994145583404965,0.37994145583404965,-1.124626709268787,0.3647437976006876,,,,1.0,4,0.6234964436910937,0.0,0.0012048192771084338,,,UNAVAILABLE,True,INSUFFICIENT,['NO_EVIDENCE_CLASS_THRESHOLD_MET']
PDCD1,Myeloid,TLR_6h,2.0571711618766777,1.2400937852245415,-0.37341265716342376,4.48775498091678,,,,1.0,4,0.41097842397292417,0.011764705882352941,0.0,,,UNAVAILABLE,True,INSUFFICIENT,['NO_EVIDENCE_CLASS_THRESHOLD_MET']
PDCD1,NK_cell,IFN_II_1h,2.2568968367544806,0.5637579456911523,1.151931263199822,3.361862410309139,,,,1.0,3,0.15591832042460502,0.1040268456375839,0.02145922746781116,,,UNAVAILABLE,True,C,[]
PDCD1,NK_cell,IFN_II_6h,-0.48246890773087375,1.9039757851738623,-4.214261446671644,3.2493236312098963,,,,1.0,3,0.9867669729229648,0.034722222222222224,0.016891891891891893,,,UNAVAILABLE,True,INSUFFICIENT,['NO_EVIDENCE_CLASS_THRESHOLD_MET']
PDCD1,NK_cell,TLR_1h,-2.190896661339491,0.8831188687463025,-3.921809644082244,-0.45998367859673817,,,,1.0,4,0.22390429823339783,0.023109243697478993,0.02145922746781116,,,UNAVAILABLE,False,INSUFFICIENT,['NO_RELEVANT_STIMULUS_COVERAGE']
PDCD1,NK_cell,TLR_6h,1.270222846801056,1.3960235049161007,-1.4659832228345016,4.006428916436613,,,,1.0,4,0.6273040561942522,0.02819548872180451,0.016891891891891893,,,UNAVAILABLE,False,INSUFFICIENT,['NO_RELEVANT_STIMULUS_COVERAGE']
PDCD1,T_cell,IFN_II_1h,1.4078646199704299,0.47342762284208684,0.4799464791999397,2.33578276074092,,,,1.0,3,0.2399136316091592,0.05084745762711865,0.011244979919678716,,,UNAVAILABLE,True,C,[]
PDCD1,T_cell,IFN_II_6h,1.1182689259035126,0.6927673880140728,-0.23955515460406995,2.4760930064110953,,,,1.0,3,0.4872790008859904,0.03777335984095427,0.006615214994487321,,,UNAVAILABLE,True,INSUFFICIENT,['NO_EVIDENCE_CLASS_THRESHOLD_MET']
PDCD1,T_cell,TLR_1h,0.5547545263434205,0.7113342868571936,-0.8394606758966788,1.9489697285835197,,,,1.0,4,0.6916512724227197,0.016216216216216217,0.011244979919678716,,,UNAVAILABLE,False,INSUFFICIENT,['NO_RELEVANT_STIMULUS_COVERAGE']
PDCD1,T_cell,TLR_6h,0.8451663524194012,0.2041342886520773,0.4450631466613297,1.2452695581774726,,,,1.0,4,0.08249955763628321,0.01509433962264151,0.006615214994487321,,,UNAVAILABLE,False,INSUFFICIENT,['NO_RELEVANT_STIMULUS_COVERAGE']
PDCD1,T_cell,lymphocyte_activation_12h,3.2339414224797607,0.14495407539149177,2.949831434712437,3.5180514102470846,,,,1.0,19,1.3859616384519845e-13,1.0,1.0,,,UNAVAILABLE,True,B,[]
PDCD1,T_cell,lymphocyte_activation_24h,3.417938568797622,0.10331272207085138,3.215445633538753,3.6204315040564907,,,,1.0,24,1.5750366062460386e-19,1.0,1.0,,,UNAVAILABLE,True,B,[]
PDCD1,T_cell,lymphocyte_activation_2h,2.82163144179683,0.11956811690103228,2.5872779326708066,3.055984950922853,,,,1.0,23,5.237144987291862e-16,1.0,1.0,,,UNAVAILABLE,True,B,[]
PDCD1,T_cell,lymphocyte_activation_48h,2.9245496160959634,0.13604908692970982,2.657893405713732,3.191205826478195,,,,1.0,22,9.976830127409262e-15,1.0,1.0,,,UNAVAILABLE,True,B,[]
PDCD1,T_cell,lymphocyte_activation_4h,2.7551910215262962,0.09785768934530753,2.5633899504094937,2.946992092643099,,,,1.0,24,4.457638951882327e-18,1.0,1.0,,,UNAVAILABLE,True,B,[]
PDCD1,T_cell,lymphocyte_activation_72h,2.8995012645151603,0.11402924157374236,2.6760039510306255,3.122998577999695,,,,1.0,24,3.721402181619847e-17,1.0,1.0,,,UNAVAILABLE,True,B,[]
PDCD1,T_cell,lymphocyte_activation_8h,3.0214383035584365,0.10149913983955457,2.8224999894729095,3.2203766176439634,,,,1.0,24,1.3625222307703786e-18,1.0,1.0,,,UNAVAILABLE,True,B,[]
PDCD1LG2,B_cell,IFN_II_1h,0.0,1e-06,-1.96e-06,1.96e-06,,,,1.0,3,1.0,0.0,0.0,,,UNAVAILABLE,True,INSUFFICIENT,['TARGET_UNDETECTED']
PDCD1LG2,B_cell,IFN_II_6h,-1.0383188779779442,1.0383188779779442,-3.0734238788147143,0.9967861228588262,,,,1.0,3,0.6234964436910937,0.0,0.0031746031746031746,,,UNAVAILABLE,True,INSUFFICIENT,['NO_EVIDENCE_CLASS_THRESHOLD_MET']
PDCD1LG2,B_cell,TLR_1h,0.0,1e-06,-1.96e-06,1.96e-06,,,,1.0,4,1.0,0.0,0.0,,,UNAVAILABLE,True,INSUFFICIENT,['TARGET_UNDETECTED']
PDCD1LG2,B_cell,TLR_6h,-0.7787391584834581,0.778739158483458,-2.3050679091110355,0.7475895921441195,,,,1.0,4,0.6234964436910937,0.0,0.0031746031746031746,,,UNAVAILABLE,True,INSUFFICIENT,['NO_EVIDENCE_CLASS_THRESHOLD_MET']
PDCD1LG2,Myeloid,IFN_II_1h,0.0,1e-06,-1.96e-06,1.96e-06,,,,1.0,3,1.0,0.0,0.0,,,UNAVAILABLE,True,INSUFFICIENT,['TARGET_UNDETECTED']
PDCD1LG2,Myeloid,IFN_II_6h,3.2983943560714164,1.8777981924203524,-0.3820901010724742,6.978878813215307,,,,1.0,3,0.4478173267833062,0.08411214953271028,0.006289308176100629,,,UNAVAILABLE,True,C,[]
PDCD1LG2,Myeloid,IFN_I_18h,2.4239045515311837,0.3971776525417558,1.6454363525493423,3.202372750513025,,,,1.0,3,0.08266338465109854,0.1085423197492163,0.026924694993689526,,,UNAVAILABLE,True,C,[]
PDCD1LG2,Myeloid,TLR_1h,0.8581238215014512,0.8581238215014513,-0.8237988686413934,2.5400465116442956,,,,1.0,4,0.6234964436910937,0.0078125,0.0,,,UNAVAILABLE,True,INSUFFICIENT,['NO_EVIDENCE_CLASS_THRESHOLD_MET']
PDCD1LG2,Myeloid,TLR_6h,-0.43255225381669804,0.6246846987305281,-1.6569342633285333,0.7918297556951371,,,,1.0,4,0.7363260461961547,0.011764705882352941,0.006289308176100629,,,UNAVAILABLE,True,INSUFFICIENT,['NO_EVIDENCE_CLASS_THRESHOLD_MET']
PDCD1LG2,NK_cell,IFN_II_1h,0.9163590855398187,0.9163590855398188,-0.8797047221182261,2.7124228931978633,,,,1.0,3,0.6234964436910937,0.003355704697986577,0.0,,,UNAVAILABLE,True,INSUFFICIENT,['NO_EVIDENCE_CLASS_THRESHOLD_MET']
PDCD1LG2,NK_cell,IFN_II_6h,0.0,1e-06,-1.96e-06,1.96e-06,,,,1.0,3,1.0,0.0,0.0,,,UNAVAILABLE,True,INSUFFICIENT,['TARGET_UNDETECTED']
PDCD1LG2,NK_cell,TLR_1h,0.3823859737049658,0.3823859737049658,-0.3670905347567672,1.1318624821666987,,,,1.0,4,0.6234964436910937,0.0021008403361344537,0.0,,,UNAVAILABLE,False,INSUFFICIENT,['NO_RELEVANT_STIMULUS_COVERAGE']
PDCD1LG2,NK_cell,TLR_6h,0.0,1e-06,-1.96e-06,1.96e-06,,,,1.0,4,1.0,0.0,0.0,,,UNAVAILABLE,False,INSUFFICIENT,"['TARGET_UNDETECTED', 'NO_RELEVANT_STIMULUS_COVERAGE']"
PDCD1LG2,T_cell,IFN_II_1h,0.0,1e-06,-1.96e-06,1.96e-06,,,,1.0,3,1.0,0.0,0.0,,,UNAVAILABLE,True,INSUFFICIENT,['TARGET_UNDETECTED']
PDCD1LG2,T_cell,IFN_II_6h,-0.6882725553674457,0.6882725553674457,-2.0372867638876393,0.6607416531527478,,,,1.0,3,0.6234964436910937,0.0,0.0011025358324145535,,,UNAVAILABLE,True,INSUFFICIENT,['NO_EVIDENCE_CLASS_THRESHOLD_MET']
PDCD1LG2,T_cell,TLR_1h,0.0,1e-06,-1.96e-06,1.96e-06,,,,1.0,4,1.0,0.0,0.0,,,UNAVAILABLE,False,INSUFFICIENT,"['TARGET_UNDETECTED', 'NO_RELEVANT_STIMULUS_COVERAGE']"
PDCD1LG2,T_cell,TLR_6h,-0.2686953142705191,0.2686953142705191,-0.7953381302407365,0.2579475016996983,,,,1.0,4,0.6234964436910937,0.0007547169811320754,0.0011025358324145535,,,UNAVAILABLE,False,INSUFFICIENT,['NO_RELEVANT_STIMULUS_COVERAGE']
PDCD1LG2,T_cell,lymphocyte_activation_12h,-0.04815897515036162,0.0528554200763088,-0.15175559849992687,0.05543764819920363,,,,1.0,19,0.6234964436910937,1.0,1.0,,,UNAVAILABLE,True,INSUFFICIENT,['NO_EVIDENCE_CLASS_THRESHOLD_MET']
PDCD1LG2,T_cell,lymphocyte_activation_24h,-0.3818734126371681,0.052256348677992344,-0.4842958560460331,-0.27945096922830315,,,,1.0,24,1.013377962844384e-06,1.0,1.0,,,UNAVAILABLE,True,INSUFFICIENT,['NO_EVIDENCE_CLASS_THRESHOLD_MET']
PDCD1LG2,T_cell,lymphocyte_activation_2h,-0.19515206765809492,0.050687194776059465,-0.2944989694191715,-0.09580516589701837,,,,1.0,23,0.0036727884379582744,1.0,1.0,,,UNAVAILABLE,True,INSUFFICIENT,['NO_EVIDENCE_CLASS_THRESHOLD_MET']
PDCD1LG2,T_cell,lymphocyte_activation_48h,-0.1719459632476516,0.05624937861310984,-0.2821947453293469,-0.06169718116595631,,,,1.0,22,0.02287835848631775,1.0,1.0,,,UNAVAILABLE,True,INSUFFICIENT,['NO_EVIDENCE_CLASS_THRESHOLD_MET']
PDCD1LG2,T_cell,lymphocyte_activation_4h,1.078550487547622,0.08217666962149672,0.9174842150894884,1.2396167600057555,,,,1.0,24,2.6299017533861864e-11,1.0,1.0,,,UNAVAILABLE,True,B,[]
PDCD1LG2,T_cell,lymphocyte_activation_72h,0.007009402771473004,0.07624751064544368,-0.14243571809359662,0.1564545236365426,,,,1.0,24,1.0,1.0,1.0,,,UNAVAILABLE,True,INSUFFICIENT,['NO_EVIDENCE_CLASS_THRESHOLD_MET']
PDCD1LG2,T_cell,lymphocyte_activation_8h,0.5961458349358617,0.054763638100694616,0.48880910425850027,0.7034825656132232,,,,1.0,24,9.934752910327644e-10,1.0,1.0,,,UNAVAILABLE,True,C,[]
SIGLEC1,B_cell,IFN_II_1h,0.0,1e-06,-1.96e-06,1.96e-06,,,,1.0,3,1.0,0.0,0.0,,,UNAVAILABLE,True,INSUFFICIENT,['TARGET_UNDETECTED']
SIGLEC1,B_cell,IFN_II_6h,0.0,1e-06,-1.96e-06,1.96e-06,,,,1.0,3,1.0,0.0,0.0,,,UNAVAILABLE,True,INSUFFICIENT,['TARGET_UNDETECTED']
SIGLEC1,B_cell,TLR_1h,0.0,1e-06,-1.96e-06,1.96e-06,,,,1.0,4,1.0,0.0,0.0,,,UNAVAILABLE,True,INSUFFICIENT,['TARGET_UNDETECTED']
SIGLEC1,B_cell,TLR_6h,0.0,1e-06,-1.96e-06,1.96e-06,,,,1.0,4,1.0,0.0,0.0,,,UNAVAILABLE,True,INSUFFICIENT,['TARGET_UNDETECTED']
SIGLEC1,Myeloid,IFN_II_1h,-0.8213887119121503,0.8213887119121501,-2.4313105872599645,0.7885331634356638,,,,1.0,3,0.6234964436910937,0.0,0.0024096385542168677,,,UNAVAILABLE,True,INSUFFICIENT,['NO_EVIDENCE_CLASS_THRESHOLD_MET']
SIGLEC1,Myeloid,IFN_II_6h,0.8441509416142944,1.259441060937869,-1.6243535378239287,3.3126554210525176,,,,1.0,3,0.7708508291696899,0.018691588785046728,0.012578616352201259,,,UNAVAILABLE,True,INSUFFICIENT,['NO_EVIDENCE_CLASS_THRESHOLD_MET']
SIGLEC1,Myeloid,IFN_I_18h,5.355345910196687,0.25738050558466635,4.850880119250741,5.8598117011426325,,,,1.0,3,0.009196792227628342,0.48040752351097177,0.015986537652503154,,,UNAVAILABLE,True,C,[]
SIGLEC1,Myeloid,TLR_1h,-0.19297903621752993,0.47609554938100257,-1.1261263130042949,0.7401682405692351,,,,1.0,4,0.8966820015447061,0.0078125,0.0024096385542168677,,,UNAVAILABLE,True,INSUFFICIENT,['NO_EVIDENCE_CLASS_THRESHOLD_MET']
SIGLEC1,Myeloid,TLR_6h,4.3197651805691315,0.8831668367280295,2.5887581805821935,6.05077218055607,,,,1.0,4,0.05561880376844655,0.19607843137254902,0.012578616352201259,,,UNAVAILABLE,True,B,[]
SIGLEC1,NK_cell,IFN_II_1h,0.0,1e-06,-1.96e-06,1.96e-06,,,,1.0,3,1.0,0.0,0.0,,,UNAVAILABLE,True,INSUFFICIENT,['TARGET_UNDETECTED']
SIGLEC1,NK_cell,IFN_II_6h,0.0,1e-06,-1.96e-06,1.96e-06,,,,1.0,3,1.0,0.0,0.0,,,UNAVAILABLE,True,INSUFFICIENT,['TARGET_UNDETECTED']
SIGLEC1,NK_cell,TLR_1h,0.0,1e-06,-1.96e-06,1.96e-06,,,,1.0,4,1.0,0.0,0.0,,,UNAVAILABLE,False,INSUFFICIENT,"['TARGET_UNDETECTED', 'NO_RELEVANT_STIMULUS_COVERAGE']"
SIGLEC1,NK_cell,TLR_6h,0.6862959187899739,0.686295918789974,-0.6588440820383751,2.031435919618323,,,,1.0,4,0.6234964436910937,0.0018796992481203006,0.0,,,UNAVAILABLE,False,INSUFFICIENT,['NO_RELEVANT_STIMULUS_COVERAGE']
SIGLEC1,T_cell,IFN_II_1h,-0.6664950370148001,0.6664950370148001,-1.9728253095638082,0.639835235534208,,,,1.0,3,0.6234964436910937,0.0,0.0008032128514056225,,,UNAVAILABLE,True,INSUFFICIENT,['NO_EVIDENCE_CLASS_THRESHOLD_MET']
SIGLEC1,T_cell,IFN_II_6h,0.0,1e-06,-1.96e-06,1.96e-06,,,,1.0,3,1.0,0.0,0.0,,,UNAVAILABLE,True,INSUFFICIENT,['TARGET_UNDETECTED']
SIGLEC1,T_cell,TLR_1h,-0.4998712777611,0.49987127776109996,-1.479618982172856,0.47987642665065594,,,,1.0,4,0.6234964436910937,0.0,0.0008032128514056225,,,UNAVAILABLE,False,INSUFFICIENT,['NO_RELEVANT_STIMULUS_COVERAGE']
SIGLEC1,T_cell,TLR_6h,1.068276698960314,0.6194340723939575,-0.14581408293184261,2.2823674808524705,,,,1.0,4,0.40171882355669847,0.0030188679245283017,0.0,,,UNAVAILABLE,False,INSUFFICIENT,['NO_RELEVANT_STIMULUS_COVERAGE']
SIGLEC1,T_cell,lymphocyte_activation_12h,-0.40188514899265493,0.09916097571137535,-0.5962406613869506,-0.20752963659835924,,,,1.0,19,0.003219174132282536,0.38095238095238093,0.9523809523809523,,,UNAVAILABLE,True,INSUFFICIENT,['NO_EVIDENCE_CLASS_THRESHOLD_MET']
SIGLEC1,T_cell,lymphocyte_activation_24h,-0.36707304614514175,0.08849746220668854,-0.5405280720702512,-0.19361802022003222,,,,1.0,24,0.0017577347416409136,0.34615384615384615,0.9230769230769231,,,UNAVAILABLE,True,INSUFFICIENT,['NO_EVIDENCE_CLASS_THRESHOLD_MET']
SIGLEC1,T_cell,lymphocyte_activation_2h,-0.18411770515502623,0.05418182385217575,-0.2903140799052907,-0.07792133040476176,,,,1.0,23,0.010178951466501237,0.8,0.92,,,UNAVAILABLE,True,INSUFFICIENT,['NO_EVIDENCE_CLASS_THRESHOLD_MET']
SIGLEC1,T_cell,lymphocyte_activation_48h,-0.4069863060395227,0.10888010972934703,-0.6203913211090428,-0.1935812909700025,,,,1.0,22,0.005009794246868697,0.25,0.9166666666666666,,,UNAVAILABLE,True,INSUFFICIENT,['NO_EVIDENCE_CLASS_THRESHOLD_MET']
SIGLEC1,T_cell,lymphocyte_activation_4h,-0.18985034915944632,0.05165041743785561,-0.29108516733764334,-0.08861553098124933,,,,1.0,24,0.0051524986665427855,0.7692307692307693,0.9230769230769231,,,UNAVAILABLE,True,INSUFFICIENT,['NO_EVIDENCE_CLASS_THRESHOLD_MET']
SIGLEC1,T_cell,lymphocyte_activation_72h,-0.35299253840409883,0.09395034643253922,-0.5371352174118758,-0.16884985939632197,,,,1.0,24,0.004275767980957899,0.6538461538461539,0.9230769230769231,,,UNAVAILABLE,True,INSUFFICIENT,['NO_EVIDENCE_CLASS_THRESHOLD_MET']
SIGLEC1,T_cell,lymphocyte_activation_8h,-0.33808655995389064,0.08695494497696446,-0.508518252108741,-0.1676548677990403,,,,1.0,24,0.003217611645977873,0.6153846153846154,0.9230769230769231,,,UNAVAILABLE,True,INSUFFICIENT,['NO_EVIDENCE_CLASS_THRESHOLD_MET']
TIGIT,B_cell,IFN_II_1h,0.5736630709432009,0.9481276845159531,-1.2846671907080671,2.4319933325944687,,,,1.0,3,0.8005990917906619,0.05952380952380952,0.03064066852367688,,,UNAVAILABLE,True,C,[]
TIGIT,B_cell,IFN_II_6h,-3.1067163128336035,1.8737759577192568,-6.779317189963347,0.5658845642961396,,,,1.0,3,0.47345756177417925,0.013513513513513514,0.025396825396825397,,,UNAVAILABLE,True,INSUFFICIENT,['NO_EVIDENCE_CLASS_THRESHOLD_MET']
TIGIT,B_cell,TLR_1h,-0.6052340039755751,1.8683122740362357,-4.267126061086597,3.056658053135447,,,,1.0,4,0.941230975864067,0.023333333333333334,0.03064066852367688,,,UNAVAILABLE,True,INSUFFICIENT,['NO_EVIDENCE_CLASS_THRESHOLD_MET']
TIGIT,B_cell,TLR_6h,0.6290676471634682,1.687775253047953,-2.67897184881052,3.9371071431374562,,,,1.0,4,0.9090456721705249,0.035955056179775284,0.025396825396825397,,,UNAVAILABLE,True,INSUFFICIENT,['NO_EVIDENCE_CLASS_THRESHOLD_MET']
TIGIT,Myeloid,IFN_II_1h,-2.2825660523635416,0.47966748063695,-3.222714314411964,-1.3424177903151195,,,,1.0,3,0.11950335483684742,0.0,0.010843373493975903,,,UNAVAILABLE,True,INSUFFICIENT,['NO_EVIDENCE_CLASS_THRESHOLD_MET']
TIGIT,Myeloid,IFN_II_6h,-3.143539845225092,1.6113152246024214,-6.301717685445838,0.014637994995653436,,,,1.0,3,0.40536655228841456,0.0,0.006289308176100629,,,UNAVAILABLE,True,INSUFFICIENT,['NO_EVIDENCE_CLASS_THRESHOLD_MET']
TIGIT,Myeloid,IFN_I_18h,0.10186449427726046,0.10186449427726048,-0.09778991450617006,0.30151890306069096,,,,1.0,3,0.6234964436910937,0.00039184952978056425,0.0,,,UNAVAILABLE,True,INSUFFICIENT,['NO_EVIDENCE_CLASS_THRESHOLD_MET']
TIGIT,Myeloid,TLR_1h,-1.8974928371825486,1.0118603819066323,-3.880739185719548,0.08575351135445075,,,,1.0,4,0.36085263693039726,0.0078125,0.010843373493975903,,,UNAVAILABLE,True,INSUFFICIENT,['NO_EVIDENCE_CLASS_THRESHOLD_MET']
TIGIT,Myeloid,TLR_6h,0.7638154262844984,0.6952814807928397,-0.5989362760694673,2.126567128638464,,,,1.0,4,0.6099032027352721,0.03529411764705882,0.006289308176100629,,,UNAVAILABLE,True,INSUFFICIENT,['NO_EVIDENCE_CLASS_THRESHOLD_MET']
TIGIT,NK_cell,IFN_II_1h,-0.07656730445408104,0.13151868262872324,-0.3343439224063786,0.1812093134982165,,,,1.0,3,0.8130248034992067,0.14429530201342283,0.0815450643776824,,,UNAVAILABLE,True,INSUFFICIENT,['NO_EVIDENCE_CLASS_THRESHOLD_MET']
TIGIT,NK_cell,IFN_II_6h,-0.6353132772943898,0.40910999627796624,-1.4371688699992036,0.16654231541042397,,,,1.0,3,0.5047423271829997,0.22916666666666666,0.14189189189189189,,,UNAVAILABLE,True,INSUFFICIENT,['NO_EVIDENCE_CLASS_THRESHOLD_MET']
TIGIT,NK_cell,TLR_1h,-1.3251952984877244,1.805010062803318,-4.863015021582227,2.212624424606779,,,,1.0,4,0.716829382748378,0.09033613445378151,0.0815450643776824,,,UNAVAILABLE,False,INSUFFICIENT,['NO_RELEVANT_STIMULUS_COVERAGE']
TIGIT,NK_cell,TLR_6h,0.1436100859256031,0.2806887986418891,-0.40653995941249954,0.6937601312637057,,,,1.0,4,0.8374427429920455,0.21804511278195488,0.14189189189189189,,,UNAVAILABLE,False,INSUFFICIENT,['NO_RELEVANT_STIMULUS_COVERAGE']
TIGIT,T_cell,IFN_II_1h,-0.21106751811589883,0.8449317918428507,-1.8671338301278861,1.4449987938960887,,,,1.0,3,0.9883152636151131,0.04930662557781202,0.03775100401606426,,,UNAVAILABLE,True,INSUFFICIENT,['NO_EVIDENCE_CLASS_THRESHOLD_MET']
TIGIT,T_cell,IFN_II_6h,0.22929632407435374,0.21800660180725318,-0.19799661546786246,0.65658926361657,,,,1.0,3,0.6234964436910937,0.1272365805168986,0.07386990077177508,,,UNAVAILABLE,True,INSUFFICIENT,['NO_EVIDENCE_CLASS_THRESHOLD_MET']
TIGIT,T_cell,TLR_1h,0.7766806732639508,0.6152440209571232,-0.42919760781201055,1.9825589543399122,,,,1.0,4,0.5462514513904287,0.04054054054054054,0.03775100401606426,,,UNAVAILABLE,False,INSUFFICIENT,['NO_RELEVANT_STIMULUS_COVERAGE']
TIGIT,T_cell,TLR_6h,-0.05754797783874199,0.30816532176190214,-0.6615520084920702,0.5464560528145862,,,,1.0,4,1.0,0.09886792452830188,0.07386990077177508,,,UNAVAILABLE,False,INSUFFICIENT,['NO_RELEVANT_STIMULUS_COVERAGE']
TIGIT,T_cell,lymphocyte_activation_12h,-0.8407112883537994,0.043786766219404145,-0.9265333501438315,-0.7548892265637672,,,,1.0,19,1.6300508481307659e-12,1.0,1.0,,,UNAVAILABLE,True,INSUFFICIENT,['NO_EVIDENCE_CLASS_THRESHOLD_MET']
TIGIT,T_cell,lymphocyte_activation_24h,-0.9349845010881458,0.06561124733359726,-1.0635825458619963,-0.8063864563142952,,,,1.0,24,5.228925353663193e-12,1.0,1.0,,,UNAVAILABLE,True,INSUFFICIENT,['NO_EVIDENCE_CLASS_THRESHOLD_MET']
TIGIT,T_cell,lymphocyte_activation_2h,-0.11187213416961313,0.03289977504987232,-0.1763556932673629,-0.04738857507186338,,,,1.0,23,0.010170539607959123,1.0,1.0,,,UNAVAILABLE,True,INSUFFICIENT,['NO_EVIDENCE_CLASS_THRESHOLD_MET']
TIGIT,T_cell,lymphocyte_activation_48h,-0.5374325047280735,0.07889673453141831,-0.6920701044096533,-0.3827949050464936,,,,1.0,22,4.901115518471144e-06,1.0,1.0,,,UNAVAILABLE,True,INSUFFICIENT,['NO_EVIDENCE_CLASS_THRESHOLD_MET']
TIGIT,T_cell,lymphocyte_activation_4h,0.16677170249666884,0.029685109681634004,0.1085888875206662,0.22495451747267148,,,,1.0,24,4.9120704681621436e-05,1.0,1.0,,,UNAVAILABLE,True,INSUFFICIENT,['NO_EVIDENCE_CLASS_THRESHOLD_MET']
TIGIT,T_cell,lymphocyte_activation_72h,-0.28346195937973634,0.07682985176620043,-0.4340484688414892,-0.1328754499179835,,,,1.0,24,0.005009794246868697,1.0,1.0,,,UNAVAILABLE,True,INSUFFICIENT,['NO_EVIDENCE_CLASS_THRESHOLD_MET']
TIGIT,T_cell,lymphocyte_activation_8h,-0.48315697797318613,0.03428640610040887,-0.5503583339299876,-0.41595562201638475,,,,1.0,24,6.535253683000068e-12,1.0,1.0,,,UNAVAILABLE,True,INSUFFICIENT,['NO_EVIDENCE_CLASS_THRESHOLD_MET']
TNFRSF12A,B_cell,IFN_II_1h,0.14727389845428096,0.6354205250007743,-1.0981503305472367,1.3926981274557986,,,,1.0,3,0.9960873900395935,0.07142857142857142,0.025069637883008356,,,UNAVAILABLE,True,INSUFFICIENT,['NO_EVIDENCE_CLASS_THRESHOLD_MET']
TNFRSF12A,B_cell,IFN_II_6h,-0.4817001579135707,1.6697412720518547,-3.7543930511352057,2.7909927353080644,,,,1.0,3,0.9692746441933258,0.013513513513513514,0.009523809523809525,,,UNAVAILABLE,True,INSUFFICIENT,['NO_EVIDENCE_CLASS_THRESHOLD_MET']
TNFRSF12A,B_cell,TLR_1h,-0.04400543223246989,1.4946114785132394,-2.9734439301184192,2.885433065653479,,,,1.0,4,1.0,0.04666666666666667,0.025069637883008356,,,UNAVAILABLE,True,INSUFFICIENT,['NO_EVIDENCE_CLASS_THRESHOLD_MET']
TNFRSF12A,B_cell,TLR_6h,0.15555044151596997,0.1368301959678293,-0.11263674258097545,0.4237376256129154,,,,1.0,4,0.5915943802764617,0.008988764044943821,0.009523809523809525,,,UNAVAILABLE,True,INSUFFICIENT,['NO_EVIDENCE_CLASS_THRESHOLD_MET']
TNFRSF12A,Myeloid,IFN_II_1h,0.811386776350008,0.25181701582754074,0.31782542532802815,1.3049481273719878,,,,1.0,3,0.21473533456580954,0.2,0.09879518072289156,,,UNAVAILABLE,True,C,[]
TNFRSF12A,Myeloid,IFN_II_6h,-0.22332701780324626,1.3478477997021396,-2.86510870521944,2.4184546696129474,,,,1.0,3,1.0,0.009345794392523364,0.015723270440251572,,,UNAVAILABLE,True,INSUFFICIENT,['NO_EVIDENCE_CLASS_THRESHOLD_MET']
TNFRSF12A,Myeloid,IFN_I_18h,-0.8018359155945056,0.5356874739425724,-1.8517833645219475,0.24811153333293623,,,,1.0,3,0.5182672801127461,0.004702194357366771,0.012200252419015565,,,UNAVAILABLE,True,INSUFFICIENT,['NO_EVIDENCE_CLASS_THRESHOLD_MET']
TNFRSF12A,Myeloid,TLR_1h,-3.9101253686261983,1.215620003881712,-6.292740576234354,-1.5275101610180428,,,,1.0,4,0.13820101208775018,0.03125,0.09879518072289156,,,UNAVAILABLE,True,INSUFFICIENT,['NO_EVIDENCE_CLASS_THRESHOLD_MET']
TNFRSF12A,Myeloid,TLR_6h,-1.4152714610489296,1.4152714610489296,-4.189203524704832,1.3586606026069725,,,,1.0,4,0.6234964436910937,0.0,0.015723270440251572,,,UNAVAILABLE,True,INSUFFICIENT,['NO_EVIDENCE_CLASS_THRESHOLD_MET']
TNFRSF12A,NK_cell,IFN_II_1h,1.111597315530708,1.1069673065113756,-1.0580586052315883,3.2812532362930042,,,,1.0,3,0.6234964436910937,0.06711409395973154,0.034334763948497854,,,UNAVAILABLE,True,C,[]
TNFRSF12A,NK_cell,IFN_II_6h,-0.5676841089201013,0.8673790842188164,-2.2677471139889813,1.1323788961487788,,,,1.0,3,0.7773265916131098,0.04861111111111111,0.030405405405405407,,,UNAVAILABLE,True,INSUFFICIENT,['NO_EVIDENCE_CLASS_THRESHOLD_MET']
TNFRSF12A,NK_cell,TLR_1h,0.2704810657177027,1.7699426820219573,-3.1986065910453334,3.7395687224807386,,,,1.0,4,1.0,0.03571428571428571,0.034334763948497854,,,UNAVAILABLE,False,INSUFFICIENT,['NO_RELEVANT_STIMULUS_COVERAGE']
TNFRSF12A,NK_cell,TLR_6h,-4.351412469064015,1.0000284432308832,-6.311468217796547,-2.391356720331484,,,,1.0,4,0.0734539965525569,0.0037593984962406013,0.030405405405405407,,,UNAVAILABLE,False,INSUFFICIENT,['NO_RELEVANT_STIMULUS_COVERAGE']
TNFRSF12A,T_cell,IFN_II_1h,0.45323918057573903,0.7350704338922939,-0.987498869853157,1.893977231004635,,,,1.0,3,0.7999656784098678,0.05238828967642527,0.03453815261044177,,,UNAVAILABLE,True,INSUFFICIENT,['NO_EVIDENCE_CLASS_THRESHOLD_MET']
TNFRSF12A,T_cell,IFN_II_6h,-0.15037221740306558,0.08450967850315325,-0.31601118726924593,0.015266752463114763,,,,1.0,3,0.44190340970245645,0.03777335984095427,0.013230429988974642,,,UNAVAILABLE,True,INSUFFICIENT,['NO_EVIDENCE_CLASS_THRESHOLD_MET']
TNFRSF12A,T_cell,TLR_1h,-0.8507363609433483,1.2798768153496416,-3.3592949190286454,1.6578221971419491,,,,1.0,4,0.7512997202594531,0.04594594594594595,0.03453815261044177,,,UNAVAILABLE,False,INSUFFICIENT,['NO_RELEVANT_STIMULUS_COVERAGE']
TNFRSF12A,T_cell,TLR_6h,-0.7702487958528572,0.6727174698633072,-2.088775036784939,0.5482774450792247,,,,1.0,4,0.589963699094725,0.011320754716981131,0.013230429988974642,,,UNAVAILABLE,False,INSUFFICIENT,['NO_RELEVANT_STIMULUS_COVERAGE']
TNFRSF12A,T_cell,lymphocyte_activation_12h,-0.4104984181176717,0.09214317587844453,-0.5910990428394229,-0.2298977933959204,,,,1.0,19,0.0013950512383599841,1.0,1.0,,,UNAVAILABLE,True,INSUFFICIENT,['NO_EVIDENCE_CLASS_THRESHOLD_MET']
TNFRSF12A,T_cell,lymphocyte_activation_24h,-0.49207370322112837,0.08067614123897843,-0.650198940049526,-0.3339484663927307,,,,1.0,24,1.5653244716689825e-05,1.0,1.0,,,UNAVAILABLE,True,INSUFFICIENT,['NO_EVIDENCE_CLASS_THRESHOLD_MET']
TNFRSF12A,T_cell,lymphocyte_activation_2h,2.0175421328943592,0.08481292553226973,1.8513087988511105,2.183775466937608,,,,1.0,23,4.485674853848481e-16,1.0,1.0,,,UNAVAILABLE,True,B,[]
TNFRSF12A,T_cell,lymphocyte_activation_48h,-0.32279764339532585,0.07541137298898574,-0.47060393445373794,-0.1749913523369138,,,,1.0,22,0.0015071834837053534,1.0,1.0,,,UNAVAILABLE,True,INSUFFICIENT,['NO_EVIDENCE_CLASS_THRESHOLD_MET']
TNFRSF12A,T_cell,lymphocyte_activation_4h,1.3178117332077737,0.08311255682357395,1.1549111218335688,1.4807123445819785,,,,1.0,24,6.455107735188654e-13,1.0,1.0,,,UNAVAILABLE,True,B,[]
TNFRSF12A,T_cell,lymphocyte_activation_72h,-0.1359854203559122,0.07508574259980054,-0.2831534758515213,0.011182635139696834,,,,1.0,24,0.2137990366842216,1.0,1.0,,,UNAVAILABLE,True,INSUFFICIENT,['NO_EVIDENCE_CLASS_THRESHOLD_MET']
TNFRSF12A,T_cell,lymphocyte_activation_8h,0.15313120933749724,0.08129624568422447,-0.006209432203582721,0.3124718508785772,,,,1.0,24,0.1903084829336393,1.0,1.0,,,UNAVAILABLE,True,INSUFFICIENT,['NO_EVIDENCE_CLASS_THRESHOLD_MET']
TNFRSF17,B_cell,IFN_II_1h,0.0,1e-06,-1.96e-06,1.96e-06,,,,1.0,3,1.0,0.0,0.0,,,UNAVAILABLE,True,INSUFFICIENT,['TARGET_UNDETECTED']
TNFRSF17,B_cell,IFN_II_6h,0.0,1e-06,-1.96e-06,1.96e-06,,,,1.0,3,1.0,0.0,0.0,,,UNAVAILABLE,True,INSUFFICIENT,['TARGET_UNDETECTED']
TNFRSF17,B_cell,TLR_1h,0.0,1e-06,-1.96e-06,1.96e-06,,,,1.0,4,1.0,0.0,0.0,,,UNAVAILABLE,True,INSUFFICIENT,['TARGET_UNDETECTED']
TNFRSF17,B_cell,TLR_6h,0.0,1e-06,-1.96e-06,1.96e-06,,,,1.0,4,1.0,0.0,0.0,,,UNAVAILABLE,True,INSUFFICIENT,['TARGET_UNDETECTED']
TNFRSF17,Myeloid,IFN_II_1h,0.0,1e-06,-1.96e-06,1.96e-06,,,,1.0,3,1.0,0.0,0.0,,,UNAVAILABLE,True,INSUFFICIENT,['TARGET_UNDETECTED']
TNFRSF17,Myeloid,IFN_II_6h,0.6665465872954078,0.6665465872954078,-0.6398847238035915,1.972977898394407,,,,1.0,3,0.6234964436910937,0.003115264797507788,0.0,,,UNAVAILABLE,True,INSUFFICIENT,['NO_EVIDENCE_CLASS_THRESHOLD_MET']
TNFRSF17,Myeloid,IFN_I_18h,0.522624180268309,0.36663194798629944,-0.19597443778483792,1.241222798321456,,,,1.0,3,0.5398989174890281,0.0023510971786833857,0.00042069835927639884,,,UNAVAILABLE,True,INSUFFICIENT,['NO_EVIDENCE_CLASS_THRESHOLD_MET']
TNFRSF17,Myeloid,TLR_1h,0.0,1e-06,-1.96e-06,1.96e-06,,,,1.0,4,1.0,0.0,0.0,,,UNAVAILABLE,True,INSUFFICIENT,['TARGET_UNDETECTED']
TNFRSF17,Myeloid,TLR_6h,0.0,1e-06,-1.96e-06,1.96e-06,,,,1.0,4,1.0,0.0,0.0,,,UNAVAILABLE,True,INSUFFICIENT,['TARGET_UNDETECTED']
TNFRSF17,NK_cell,IFN_II_1h,0.0,1e-06,-1.96e-06,1.96e-06,,,,1.0,3,1.0,0.0,0.0,,,UNAVAILABLE,True,INSUFFICIENT,['TARGET_UNDETECTED']
TNFRSF17,NK_cell,IFN_II_6h,0.0,1e-06,-1.96e-06,1.96e-06,,,,1.0,3,1.0,0.0,0.0,,,UNAVAILABLE,True,INSUFFICIENT,['TARGET_UNDETECTED']
TNFRSF17,NK_cell,TLR_1h,0.0,1e-06,-1.96e-06,1.96e-06,,,,1.0,4,1.0,0.0,0.0,,,UNAVAILABLE,False,INSUFFICIENT,"['TARGET_UNDETECTED', 'NO_RELEVANT_STIMULUS_COVERAGE']"
TNFRSF17,NK_cell,TLR_6h,0.0,1e-06,-1.96e-06,1.96e-06,,,,1.0,4,1.0,0.0,0.0,,,UNAVAILABLE,False,INSUFFICIENT,"['TARGET_UNDETECTED', 'NO_RELEVANT_STIMULUS_COVERAGE']"
TNFRSF17,T_cell,IFN_II_1h,0.0,1e-06,-1.96e-06,1.96e-06,,,,1.0,3,1.0,0.0,0.0,,,UNAVAILABLE,True,INSUFFICIENT,['TARGET_UNDETECTED']
TNFRSF17,T_cell,IFN_II_6h,0.0,1e-06,-1.96e-06,1.96e-06,,,,1.0,3,1.0,0.0,0.0,,,UNAVAILABLE,True,INSUFFICIENT,['TARGET_UNDETECTED']
TNFRSF17,T_cell,TLR_1h,0.0,1e-06,-1.96e-06,1.96e-06,,,,1.0,4,1.0,0.0,0.0,,,UNAVAILABLE,False,INSUFFICIENT,"['TARGET_UNDETECTED', 'NO_RELEVANT_STIMULUS_COVERAGE']"
TNFRSF17,T_cell,TLR_6h,0.0,1e-06,-1.96e-06,1.96e-06,,,,1.0,4,1.0,0.0,0.0,,,UNAVAILABLE,False,INSUFFICIENT,"['TARGET_UNDETECTED', 'NO_RELEVANT_STIMULUS_COVERAGE']"
TNFRSF17,T_cell,lymphocyte_activation_12h,-0.03967281354309281,0.01971080292669591,-0.07830598727941679,-0.0010396398067688273,,,,1.0,19,0.1610328052164608,0.0,0.2857142857142857,,,UNAVAILABLE,True,INSUFFICIENT,['NO_EVIDENCE_CLASS_THRESHOLD_MET']
TNFRSF17,T_cell,lymphocyte_activation_24h,-0.035048682844365055,0.01597843768100727,-0.06636642069913931,-0.003730944989590805,,,,1.0,24,0.11294601926274479,0.0,0.2692307692307692,,,UNAVAILABLE,True,INSUFFICIENT,['NO_EVIDENCE_CLASS_THRESHOLD_MET']
TNFRSF17,T_cell,lymphocyte_activation_2h,-0.00911187341975207,0.011725239932279325,-0.03209334368701955,0.013869596847515406,,,,1.0,23,0.6418850005883617,0.2,0.24,,,UNAVAILABLE,True,INSUFFICIENT,['NO_EVIDENCE_CLASS_THRESHOLD_MET']
TNFRSF17,T_cell,lymphocyte_activation_48h,-0.027977542850527816,0.018417453729188817,-0.0640757521597379,0.008120666458682264,,,,1.0,22,0.3344883831153025,0.08333333333333333,0.25,,,UNAVAILABLE,True,INSUFFICIENT,['NO_EVIDENCE_CLASS_THRESHOLD_MET']
TNFRSF17,T_cell,lymphocyte_activation_4h,-0.02920182155152576,0.012808271230651213,-0.054306033163602135,-0.0040976099394493815,,,,1.0,24,0.09877761816063184,0.07692307692307693,0.2692307692307692,,,UNAVAILABLE,True,INSUFFICIENT,['NO_EVIDENCE_CLASS_THRESHOLD_MET']
TNFRSF17,T_cell,lymphocyte_activation_72h,-0.0147280073175603,0.026102057544392224,-0.06588804010456906,0.03643202546944846,,,,1.0,24,0.776974425449428,0.07692307692307693,0.2692307692307692,,,UNAVAILABLE,True,INSUFFICIENT,['NO_EVIDENCE_CLASS_THRESHOLD_MET']
TNFRSF17,T_cell,lymphocyte_activation_8h,-0.03347817689244698,0.015044082063559873,-0.06296457773702434,-0.003991776047869631,,,,1.0,24,0.1078226192145557,0.07692307692307693,0.2692307692307692,,,UNAVAILABLE,True,INSUFFICIENT,['NO_EVIDENCE_CLASS_THRESHOLD_MET']
TNFRSF18,B_cell,IFN_II_1h,0.2824452480618153,0.531003868145814,-0.7583223335039802,1.3232128296276109,,,,1.0,3,0.8385945336459427,0.16071428571428573,0.06963788300835655,,,UNAVAILABLE,True,INSUFFICIENT,['NO_EVIDENCE_CLASS_THRESHOLD_MET']
TNFRSF18,B_cell,IFN_II_6h,-2.319057539373957,1.6005302347500925,-5.456096799484138,0.8179817207362241,,,,1.0,3,0.5326619423373637,0.08108108108108109,0.031746031746031744,,,UNAVAILABLE,True,INSUFFICIENT,['NO_EVIDENCE_CLASS_THRESHOLD_MET']
TNFRSF18,B_cell,TLR_1h,-0.995230222432651,1.7324605810967721,-4.390852961382325,2.400392516517022,,,,1.0,4,0.8005990917906619,0.08666666666666667,0.06963788300835655,,,UNAVAILABLE,True,INSUFFICIENT,['NO_EVIDENCE_CLASS_THRESHOLD_MET']
TNFRSF18,B_cell,TLR_6h,-1.3936605309984633,1.4775063893470397,-4.289573054118661,1.5022519921217345,,,,1.0,4,0.6234964436910937,0.038202247191011236,0.031746031746031744,,,UNAVAILABLE,True,INSUFFICIENT,['NO_EVIDENCE_CLASS_THRESHOLD_MET']
TNFRSF18,Myeloid,IFN_II_1h,1.2777035328327655,0.6478457818663327,0.007925800374753544,2.5474812652907772,,,,1.0,3,0.4034374823664665,0.020689655172413793,0.007228915662650603,,,UNAVAILABLE,True,INSUFFICIENT,['NO_EVIDENCE_CLASS_THRESHOLD_MET']
TNFRSF18,Myeloid,IFN_II_6h,0.3795071922839159,2.289958691397775,-4.108811842855722,4.867826227423555,,,,1.0,3,1.0,0.01557632398753894,0.009433962264150943,,,UNAVAILABLE,True,INSUFFICIENT,['NO_EVIDENCE_CLASS_THRESHOLD_MET']
TNFRSF18,Myeloid,IFN_I_18h,-1.9079496436047627,0.03836212718738339,-1.983139412892034,-1.8327598743174913,,,,1.0,3,0.0018139474841831775,0.02938871473354232,0.08329827513672697,,,UNAVAILABLE,True,INSUFFICIENT,['NO_EVIDENCE_CLASS_THRESHOLD_MET']
TNFRSF18,Myeloid,TLR_1h,0.799502781662242,1.648448958259986,-2.4314571765273305,4.0304627398518145,,,,1.0,4,0.8488099727966287,0.0390625,0.007228915662650603,,,UNAVAILABLE,True,INSUFFICIENT,['NO_EVIDENCE_CLASS_THRESHOLD_MET']
TNFRSF18,Myeloid,TLR_6h,3.8723490862539083,0.48468568824774777,2.9223651372883226,4.8223330352194935,,,,1.0,4,0.01584149954686982,0.1411764705882353,0.009433962264150943,,,UNAVAILABLE,True,B,[]
TNFRSF18,NK_cell,IFN_II_1h,0.554366898924522,0.4128022605203829,-0.25472553169542844,1.3634593295444724,,,,1.0,3,0.5627227680694621,0.18791946308724833,0.08583690987124463,,,UNAVAILABLE,True,C,[]
TNFRSF18,NK_cell,IFN_II_6h,-0.3341141932850933,0.23393754060933222,-0.7926317728793844,0.12440338630919784,,,,1.0,3,0.5397916678119591,0.1527777777777778,0.07094594594594594,,,UNAVAILABLE,True,INSUFFICIENT,['NO_EVIDENCE_CLASS_THRESHOLD_MET']
TNFRSF18,NK_cell,TLR_1h,0.12087478738012214,0.12297904147938374,-0.12016413391946998,0.3619137086797143,,,,1.0,4,0.6234964436910937,0.07773109243697479,0.08583690987124463,,,UNAVAILABLE,False,INSUFFICIENT,['NO_RELEVANT_STIMULUS_COVERAGE']
TNFRSF18,NK_cell,TLR_6h,-0.19055529668888127,0.3340176309507265,-0.8452298533523052,0.4641192599745426,,,,1.0,4,0.8015216269957706,0.08646616541353383,0.07094594594594594,,,UNAVAILABLE,False,INSUFFICIENT,['NO_RELEVANT_STIMULUS_COVERAGE']
TNFRSF18,T_cell,IFN_II_1h,0.022743669379756692,0.4442265814991024,-0.847940430358484,0.8934277691179974,,,,1.0,3,1.0,0.05238828967642527,0.023293172690763052,,,UNAVAILABLE,True,INSUFFICIENT,['NO_EVIDENCE_CLASS_THRESHOLD_MET']
TNFRSF18,T_cell,IFN_II_6h,0.22754178743373,0.817577927904534,-1.3749109512591566,1.8299945261266166,,,,1.0,3,0.9745104086177031,0.03180914512922465,0.013230429988974642,,,UNAVAILABLE,True,INSUFFICIENT,['NO_EVIDENCE_CLASS_THRESHOLD_MET']
TNFRSF18,T_cell,TLR_1h,-1.0345980263387546,1.3028242645755719,-3.5881335849068754,1.5189375322293661,,,,1.0,4,0.683753198465163,0.03153153153153153,0.023293172690763052,,,UNAVAILABLE,False,INSUFFICIENT,['NO_RELEVANT_STIMULUS_COVERAGE']
TNFRSF18,T_cell,TLR_6h,0.6817614078805848,0.7450692817933076,-0.7785743844342979,2.1420972001954675,,,,1.0,4,0.6260206849172544,0.021132075471698115,0.013230429988974642,,,UNAVAILABLE,False,INSUFFICIENT,['NO_RELEVANT_STIMULUS_COVERAGE']
TNFRSF18,T_cell,lymphocyte_activation_12h,3.2728751406425953,0.16661617683366065,2.9463074340486206,3.59944284723657,,,,1.0,19,1.133142482778476e-12,1.0,1.0,,,UNAVAILABLE,True,B,[]
TNFRSF18,T_cell,lymphocyte_activation_24h,3.005474170783396,0.11709214750500177,2.7759735616735925,3.234974779893199,,,,1.0,24,3.129583903690322e-17,1.0,1.0,,,UNAVAILABLE,True,B,[]
TNFRSF18,T_cell,lymphocyte_activation_2h,1.8479019402411954,0.15189999289750045,1.5501779541620944,2.1456259263202964,,,,1.0,23,2.1293254940428615e-10,1.0,1.0,,,UNAVAILABLE,True,B,[]
TNFRSF18,T_cell,lymphocyte_activation_48h,2.4768417630959085,0.1494727424520796,2.1838751878898326,2.7698083383019845,,,,1.0,22,1.313989788377599e-12,1.0,1.0,,,UNAVAILABLE,True,B,[]
TNFRSF18,T_cell,lymphocyte_activation_4h,3.5671366621298035,0.13597886780430038,3.3006180812333747,3.8336552430262323,,,,1.0,24,2.077449502330137e-17,1.0,1.0,,,UNAVAILABLE,True,B,[]
TNFRSF18,T_cell,lymphocyte_activation_72h,2.7354628785760986,0.11566714612713182,2.5087552721669204,2.962170484985277,,,,1.0,24,1.7370093308953565e-16,1.0,1.0,,,UNAVAILABLE,True,B,[]
TNFRSF18,T_cell,lymphocyte_activation_8h,3.5332807045215278,0.10896592301626665,3.319707495409645,3.7468539136334105,,,,1.0,24,2.3497067041708287e-19,1.0,1.0,,,UNAVAILABLE,True,B,[]
TNFRSF4,B_cell,IFN_II_1h,2.2900408660102003,1.9885039149742951,-1.6074268073394182,6.187508539359818,,,,1.0,3,0.6234964436910937,0.06547619047619048,0.025069637883008356,,,UNAVAILABLE,True,C,[]
TNFRSF4,B_cell,IFN_II_6h,1.0181233120466329,1.018123312046633,-0.977398379564768,3.013645003658034,,,,1.0,3,0.6234964436910937,0.013513513513513514,0.006349206349206349,,,UNAVAILABLE,True,INSUFFICIENT,['NO_EVIDENCE_CLASS_THRESHOLD_MET']
TNFRSF4,B_cell,TLR_1h,0.4103546174421387,1.7257073732795296,-2.9720318341857395,3.7927410690700167,,,,1.0,4,0.9885189467032991,0.023333333333333334,0.025069637883008356,,,UNAVAILABLE,True,INSUFFICIENT,['NO_EVIDENCE_CLASS_THRESHOLD_MET']
TNFRSF4,B_cell,TLR_6h,2.302501670723969,1.3313315320048873,-0.30690813200560996,4.911911473453548,,,,1.0,4,0.40171882355669847,0.02696629213483146,0.006349206349206349,,,UNAVAILABLE,True,INSUFFICIENT,['NO_EVIDENCE_CLASS_THRESHOLD_MET']
TNFRSF4,Myeloid,IFN_II_1h,0.4795645156258708,1.2326405405044345,-1.9364109437628207,2.8955399750145623,,,,1.0,3,0.9090456721705249,0.05517241379310345,0.012048192771084338,,,UNAVAILABLE,True,INSUFFICIENT,['NO_EVIDENCE_CLASS_THRESHOLD_MET']
TNFRSF4,Myeloid,IFN_II_6h,0.8470785730273965,0.5167771163758123,-0.16580457506919555,1.8599617211239887,,,,1.0,3,0.4796469692638401,0.04361370716510903,0.012578616352201259,,,UNAVAILABLE,True,INSUFFICIENT,['NO_EVIDENCE_CLASS_THRESHOLD_MET']
TNFRSF4,Myeloid,IFN_I_18h,-1.671378946374245,0.3117386237524242,-2.2823866489289966,-1.0603712438194934,,,,1.0,3,0.10071943148244333,0.0713166144200627,0.1809002944888515,,,UNAVAILABLE,True,INSUFFICIENT,['NO_EVIDENCE_CLASS_THRESHOLD_MET']
TNFRSF4,Myeloid,TLR_1h,-0.20074576341471406,1.6608419539968982,-3.4559959932486346,3.0545044664192065,,,,1.0,4,1.0,0.046875,0.012048192771084338,,,UNAVAILABLE,True,INSUFFICIENT,['NO_EVIDENCE_CLASS_THRESHOLD_MET']
TNFRSF4,Myeloid,TLR_6h,4.2422321497666715,1.1704619751138956,1.9481266785434364,6.536337620989906,,,,1.0,4,0.1078226192145557,0.2235294117647059,0.012578616352201259,,,UNAVAILABLE,True,B,[]
TNFRSF4,NK_cell,IFN_II_1h,-0.25483343193382374,0.1662302436380993,-0.5806447094644984,0.07097784559685089,,,,1.0,3,0.5083781518203306,0.1040268456375839,0.07939914163090128,,,UNAVAILABLE,True,INSUFFICIENT,['NO_EVIDENCE_CLASS_THRESHOLD_MET']
TNFRSF4,NK_cell,IFN_II_6h,-1.3221700475244715,1.3728924909611568,-4.013039329808339,1.368699234759396,,,,1.0,3,0.6345742240387163,0.041666666666666664,0.010135135135135136,,,UNAVAILABLE,True,INSUFFICIENT,['NO_EVIDENCE_CLASS_THRESHOLD_MET']
TNFRSF4,NK_cell,TLR_1h,0.023809653192587987,0.6113651371912513,-1.1744660157022646,1.2220853220874406,,,,1.0,4,1.0,0.0546218487394958,0.07939914163090128,,,UNAVAILABLE,False,INSUFFICIENT,['NO_RELEVANT_STIMULUS_COVERAGE']
TNFRSF4,NK_cell,TLR_6h,1.8579411880295837,1.335729404926025,-0.7600884456254255,4.475970821684593,,,,1.0,4,0.5024811704075242,0.04887218045112782,0.010135135135135136,,,UNAVAILABLE,False,INSUFFICIENT,['NO_RELEVANT_STIMULUS_COVERAGE']
TNFRSF4,T_cell,IFN_II_1h,0.6063645677515602,0.8703806903875858,-1.099581585408108,2.3123107209112286,,,,1.0,3,0.7559853398243288,0.11710323574730354,0.05060240963855422,,,UNAVAILABLE,True,C,[]
TNFRSF4,T_cell,IFN_II_6h,1.0894297407288562,0.5635571693233157,-0.015142311144842546,2.1940017926025552,,,,1.0,3,0.40783830247029507,0.039761431411530816,0.014332965821389196,,,UNAVAILABLE,True,INSUFFICIENT,['NO_EVIDENCE_CLASS_THRESHOLD_MET']
TNFRSF4,T_cell,TLR_1h,0.014022074405629859,0.3558304935868601,-0.6834056930246158,0.7114498418358756,,,,1.0,4,1.0,0.04504504504504504,0.05060240963855422,,,UNAVAILABLE,False,INSUFFICIENT,['NO_RELEVANT_STIMULUS_COVERAGE']
TNFRSF4,T_cell,TLR_6h,1.7586759455296854,0.47137548075083685,0.8347800032580452,2.6825718878013256,,,,1.0,4,0.10163466603807558,0.045283018867924525,0.014332965821389196,,,UNAVAILABLE,False,INSUFFICIENT,['NO_RELEVANT_STIMULUS_COVERAGE']
TNFRSF4,T_cell,lymphocyte_activation_12h,4.528301421017616,0.24497185430773694,4.048156586574452,5.008446255460781,,,,1.0,19,2.984855013239962e-12,1.0,1.0,,,UNAVAILABLE,True,B,[]
TNFRSF4,T_cell,lymphocyte_activation_24h,3.9993082148712182,0.15916481280062478,3.6873451817819936,4.311271247960443,,,,1.0,24,4.6844198560718356e-17,1.0,1.0,,,UNAVAILABLE,True,B,[]
TNFRSF4,T_cell,lymphocyte_activation_2h,2.45525104384277,0.21962198307168168,2.024791957022274,2.885710130663266,,,,1.0,23,1.0019560443460326e-09,1.0,1.0,,,UNAVAILABLE,True,B,[]
TNFRSF4,T_cell,lymphocyte_activation_48h,3.3141913542811383,0.15985163455161808,3.000882150559967,3.6275005580023096,,,,1.0,22,1.985888507200586e-14,1.0,1.0,,,UNAVAILABLE,True,B,[]
TNFRSF4,T_cell,lymphocyte_activation_4h,4.908421296004245,0.17796632672055368,4.5596072956319595,5.25723529637653,,,,1.0,24,6.927190269862941e-18,1.0,1.0,,,UNAVAILABLE,True,B,[]
TNFRSF4,T_cell,lymphocyte_activation_72h,3.409335620007812,0.14958116396778218,3.116156538630959,3.7025147013846653,,,,1.0,24,3.684464676147637e-16,1.0,1.0,,,UNAVAILABLE,True,B,[]
TNFRSF4,T_cell,lymphocyte_activation_8h,4.992994777924864,0.15273490197568096,4.6936343700525285,5.292355185797199,,,,1.0,24,2.0074225882575065e-19,1.0,1.0,,,UNAVAILABLE,True,B,[]
TNFRSF9,B_cell,IFN_II_1h,0.9274238556299994,2.6124152055584946,-4.192909947264649,6.047757658524649,,,,1.0,3,0.9293860619440883,0.017857142857142856,0.008356545961002786,,,UNAVAILABLE,True,INSUFFICIENT,['NO_EVIDENCE_CLASS_THRESHOLD_MET']
TNFRSF9,B_cell,IFN_II_6h,0.0,1e-06,-1.96e-06,1.96e-06,,,,1.0,3,1.0,0.0,0.0,,,UNAVAILABLE,True,INSUFFICIENT,['TARGET_UNDETECTED']
TNFRSF9,B_cell,TLR_1h,-1.3343977058421164,0.7903665220207566,-2.883516089002799,0.2147206773185666,,,,1.0,4,0.40536655228841456,0.0033333333333333335,0.008356545961002786,,,UNAVAILABLE,True,INSUFFICIENT,['NO_EVIDENCE_CLASS_THRESHOLD_MET']
TNFRSF9,B_cell,TLR_6h,2.297959550939105,0.8468129842672342,0.6382061017753262,3.957713000102884,,,,1.0,4,0.19135456144572877,0.011235955056179775,0.0,,,UNAVAILABLE,True,INSUFFICIENT,['NO_EVIDENCE_CLASS_THRESHOLD_MET']
TNFRSF9,Myeloid,IFN_II_1h,-1.2535119420737078,1.1020327830069483,-3.4134961967673263,0.906472312619911,,,,1.0,3,0.6234964436910937,0.013793103448275862,0.01927710843373494,,,UNAVAILABLE,True,INSUFFICIENT,['NO_EVIDENCE_CLASS_THRESHOLD_MET']
TNFRSF9,Myeloid,IFN_II_6h,1.1219509399354755,1.1157353992071875,-1.064890442510612,3.3087923223815627,,,,1.0,3,0.6234964436910937,0.06230529595015576,0.009433962264150943,,,UNAVAILABLE,True,C,[]
TNFRSF9,Myeloid,IFN_I_18h,0.49033408938551987,0.48924112659836866,-0.4685785187472827,1.4492466975183225,,,,1.0,3,0.6234964436910937,0.06857366771159874,0.06015986537652503,,,UNAVAILABLE,True,INSUFFICIENT,['NO_EVIDENCE_CLASS_THRESHOLD_MET']
TNFRSF9,Myeloid,TLR_1h,-0.9706620491341054,0.7838868629919882,-2.5070803005984024,0.5657562023301914,,,,1.0,4,0.5527898345333454,0.03125,0.01927710843373494,,,UNAVAILABLE,True,INSUFFICIENT,['NO_EVIDENCE_CLASS_THRESHOLD_MET']
TNFRSF9,Myeloid,TLR_6h,3.8224381600852384,1.050657454630065,1.7631495490103108,5.8817267711601655,,,,1.0,4,0.10748866892904578,0.10588235294117647,0.009433962264150943,,,UNAVAILABLE,True,B,[]
TNFRSF9,NK_cell,IFN_II_1h,0.6683529580537341,0.26538473212843455,0.14819888308200235,1.188507033025466,,,,1.0,3,0.300669010918043,0.13758389261744966,0.06652360515021459,,,UNAVAILABLE,True,C,[]
TNFRSF9,NK_cell,IFN_II_6h,0.9912641607305177,2.5248630169983564,-3.95746735258626,5.939995674047296,,,,1.0,3,0.9090456721705249,0.034722222222222224,0.006756756756756757,,,UNAVAILABLE,True,INSUFFICIENT,['NO_EVIDENCE_CLASS_THRESHOLD_MET']
TNFRSF9,NK_cell,TLR_1h,0.4625893541695909,0.33994077721815047,-0.203694569177984,1.1288732775171657,,,,1.0,4,0.5107067278710923,0.06092436974789916,0.06652360515021459,,,UNAVAILABLE,False,INSUFFICIENT,['NO_RELEVANT_STIMULUS_COVERAGE']
TNFRSF9,NK_cell,TLR_6h,3.6482854858005833,1.0599192081130433,1.5708438378990186,5.725727133702148,,,,1.0,4,0.11914661121557418,0.03383458646616541,0.006756756756756757,,,UNAVAILABLE,False,INSUFFICIENT,['NO_RELEVANT_STIMULUS_COVERAGE']
TNFRSF9,T_cell,IFN_II_1h,2.0424424722711128,0.12009338474598882,1.8070594381689746,2.277825506373251,,,,1.0,3,0.013434040899974468,0.026194144838212634,0.00963855421686747,,,UNAVAILABLE,True,INSUFFICIENT,['NO_EVIDENCE_CLASS_THRESHOLD_MET']
TNFRSF9,T_cell,IFN_II_6h,-0.18780243574422117,1.3511523022853549,-2.836060948223517,2.4604560767350745,,,,1.0,3,1.0,0.005964214711729622,0.002205071664829107,,,UNAVAILABLE,True,INSUFFICIENT,['NO_EVIDENCE_CLASS_THRESHOLD_MET']
TNFRSF9,T_cell,TLR_1h,1.1184786115942915,1.5157195583829464,-1.8523317228362834,4.089288946024866,,,,1.0,4,0.7152276722896198,0.024324324324324326,0.00963855421686747,,,UNAVAILABLE,False,INSUFFICIENT,['NO_RELEVANT_STIMULUS_COVERAGE']
TNFRSF9,T_cell,TLR_6h,1.0349416174756398,1.3233156200658496,-1.5587569978534255,3.628640232804705,,,,1.0,4,0.6911945856312456,0.0060377358490566035,0.002205071664829107,,,UNAVAILABLE,False,INSUFFICIENT,['NO_RELEVANT_STIMULUS_COVERAGE']
TNFRSF9,T_cell,lymphocyte_activation_12h,5.390613161755044,0.08817448960122114,5.217791162136651,5.563435161373437,,,,1.0,19,6.752148344461862e-21,1.0,1.0,,,UNAVAILABLE,True,B,[]
TNFRSF9,T_cell,lymphocyte_activation_24h,5.152387195045693,0.09588408748442294,4.964454383576224,5.340320006515163,,,,1.0,24,6.398664047793845e-24,1.0,1.0,,,UNAVAILABLE,True,B,[]
TNFRSF9,T_cell,lymphocyte_activation_2h,4.3217712042331975,0.2622150307959291,3.8078297438731763,4.835712664593219,,,,1.0,23,6.531763031045297e-13,1.0,1.0,,,UNAVAILABLE,True,B,[]
TNFRSF9,T_cell,lymphocyte_activation_48h,4.700360849976776,0.13565367190961208,4.434479653033936,4.966242046919616,,,,1.0,22,1.014381434745517e-18,1.0,1.0,,,UNAVAILABLE,True,B,[]
TNFRSF9,T_cell,lymphocyte_activation_4h,6.554909507771092,0.08304796244099559,6.392135501386741,6.717683514155444,,,,1.0,24,1.8155949106717188e-27,1.0,1.0,,,UNAVAILABLE,True,B,[]
TNFRSF9,T_cell,lymphocyte_activation_72h,4.839485528685216,0.10435599013059096,4.634947788029258,5.044023269341174,,,,1.0,24,1.2541109867377304e-22,1.0,1.0,,,UNAVAILABLE,True,B,[]
TNFRSF9,T_cell,lymphocyte_activation_8h,5.806490427535267,0.09500009161167533,5.620290247976383,5.992690607094151,,,,1.0,24,4.570063833651142e-25,1.0,1.0,,,UNAVAILABLE,True,B,[]
TNFSF18,Myeloid,IFN_I_18h,4.7690719289336,0.3452008650186488,4.092478233497048,5.445665624370151,,,,1.0,3,0.020034978687829517,0.1359717868338558,0.006731173748422381,3.37624139449223,1.0,CONCORDANT,True,C,[]
TNFSF9,Myeloid,IFN_I_18h,-0.11523679069331383,0.11523679069331381,-0.34110090045220887,0.11062731906558124,,,,1.0,3,0.6234964436910937,0.0,0.00042069835927639884,0.2208335741499828,1.0,DISCORDANT,True,INSUFFICIENT,['NO_EVIDENCE_CLASS_THRESHOLD_MET']
VCAM1,B_cell,IFN_II_1h,0.0,1e-06,-1.96e-06,1.96e-06,,,,1.0,3,1.0,0.0,0.0,,,UNAVAILABLE,True,INSUFFICIENT,['TARGET_UNDETECTED']
VCAM1,B_cell,IFN_II_6h,0.0,1e-06,-1.96e-06,1.96e-06,,,,1.0,3,1.0,0.0,0.0,,,UNAVAILABLE,True,INSUFFICIENT,['TARGET_UNDETECTED']
VCAM1,B_cell,TLR_1h,0.0,1e-06,-1.96e-06,1.96e-06,,,,1.0,4,1.0,0.0,0.0,,,UNAVAILABLE,True,INSUFFICIENT,['TARGET_UNDETECTED']
VCAM1,B_cell,TLR_6h,0.0,1e-06,-1.96e-06,1.96e-06,,,,1.0,4,1.0,0.0,0.0,,,UNAVAILABLE,True,INSUFFICIENT,['TARGET_UNDETECTED']
VCAM1,Myeloid,IFN_II_1h,0.0,1e-06,-1.96e-06,1.96e-06,,,,1.0,3,1.0,0.0,0.0012048192771084338,,,UNAVAILABLE,True,INSUFFICIENT,['NO_EVIDENCE_CLASS_THRESHOLD_MET']
VCAM1,Myeloid,IFN_II_6h,0.663841692443856,0.6638416924438559,-0.6372880247461016,1.9649714096338138,,,,1.0,3,0.6234964436910937,0.003115264797507788,0.0,,,UNAVAILABLE,True,INSUFFICIENT,['NO_EVIDENCE_CLASS_THRESHOLD_MET']
VCAM1,Myeloid,IFN_I_18h,0.974435582495178,0.37315131419197667,0.2430590066789038,1.7058121583114523,,,,1.0,3,0.28498724928230545,0.007053291536050157,0.002944888514934792,,,UNAVAILABLE,True,INSUFFICIENT,['NO_EVIDENCE_CLASS_THRESHOLD_MET']
VCAM1,Myeloid,TLR_1h,-0.37994145583404965,0.37994145583404965,-1.124626709268787,0.3647437976006876,,,,1.0,4,0.6234964436910937,0.0,0.0012048192771084338,,,UNAVAILABLE,True,INSUFFICIENT,['NO_EVIDENCE_CLASS_THRESHOLD_MET']
VCAM1,Myeloid,TLR_6h,0.0,1e-06,-1.96e-06,1.96e-06,,,,1.0,4,1.0,0.0,0.0,,,UNAVAILABLE,True,INSUFFICIENT,['TARGET_UNDETECTED']
VCAM1,NK_cell,IFN_II_1h,0.364203573603113,2.0138278512236174,-3.5828990147951774,4.3113061620014035,,,,1.0,3,1.0,0.010067114093959731,0.002145922746781116,,,UNAVAILABLE,True,INSUFFICIENT,['NO_EVIDENCE_CLASS_THRESHOLD_MET']
VCAM1,NK_cell,IFN_II_6h,1.740187457810923,1.740187457810923,-1.670579959498486,5.150954875120332,,,,1.0,3,0.6234964436910937,0.020833333333333332,0.0,,,UNAVAILABLE,True,INSUFFICIENT,['NO_EVIDENCE_CLASS_THRESHOLD_MET']
VCAM1,NK_cell,TLR_1h,0.37347589581350144,1.2175877689756467,-2.012996131378766,2.759947923005769,,,,1.0,4,0.9544288235101123,0.0063025210084033615,0.002145922746781116,,,UNAVAILABLE,False,INSUFFICIENT,['NO_RELEVANT_STIMULUS_COVERAGE']
VCAM1,NK_cell,TLR_6h,0.6862959187899739,0.686295918789974,-0.6588440820383751,2.031435919618323,,,,1.0,4,0.6234964436910937,0.0018796992481203006,0.0,,,UNAVAILABLE,False,INSUFFICIENT,['NO_RELEVANT_STIMULUS_COVERAGE']
VCAM1,T_cell,IFN_II_1h,-0.05126063205418396,1.0057135911188273,-2.0224592706470856,1.9199380065387175,,,,1.0,3,1.0,0.0030816640986132513,0.0008032128514056225,,,UNAVAILABLE,True,INSUFFICIENT,['NO_EVIDENCE_CLASS_THRESHOLD_MET']
VCAM1,T_cell,IFN_II_6h,0.2755239964395577,0.2755239964395577,-0.2645030365819754,0.8155510294610908,,,,1.0,3,0.6234964436910937,0.0019880715705765406,0.0,,,UNAVAILABLE,True,INSUFFICIENT,['NO_EVIDENCE_CLASS_THRESHOLD_MET']
VCAM1,T_cell,TLR_1h,0.0799041653192572,0.8088646390516127,-1.5054705272219036,1.6652788578604178,,,,1.0,4,1.0,0.0018018018018018018,0.0008032128514056225,,,UNAVAILABLE,False,INSUFFICIENT,['NO_RELEVANT_STIMULUS_COVERAGE']
VCAM1,T_cell,TLR_6h,1.460417926266444,0.6350443975818603,0.21573090700599806,2.70510494552689,,,,1.0,4,0.25550051889789427,0.0030188679245283017,0.0,,,UNAVAILABLE,False,INSUFFICIENT,['NO_RELEVANT_STIMULUS_COVERAGE']
VCAM1,T_cell,lymphocyte_activation_12h,-0.053032635720574886,0.06136136728299811,-0.17330091559525118,0.06723564415410141,,,,1.0,19,0.6234964436910937,1.0,1.0,,,UNAVAILABLE,True,INSUFFICIENT,['NO_EVIDENCE_CLASS_THRESHOLD_MET']
VCAM1,T_cell,lymphocyte_activation_24h,-0.4001978308665409,0.04758277857332223,-0.4934600768702525,-0.30693558486282935,,,,1.0,24,9.976607302604339e-08,0.9615384615384616,1.0,,,UNAVAILABLE,True,INSUFFICIENT,['NO_EVIDENCE_CLASS_THRESHOLD_MET']
VCAM1,T_cell,lymphocyte_activation_2h,0.32820663545401985,0.06440660991238602,0.20196968002574325,0.45444359088229647,,,,1.0,23,0.00019779213776628397,1.0,1.0,,,UNAVAILABLE,True,INSUFFICIENT,['NO_EVIDENCE_CLASS_THRESHOLD_MET']
VCAM1,T_cell,lymphocyte_activation_48h,-0.5129273350409472,0.05891020792338717,-0.6283913425707861,-0.39746332751110836,,,,1.0,22,1.1308150497828104e-07,0.75,1.0,,,UNAVAILABLE,True,INSUFFICIENT,['NO_EVIDENCE_CLASS_THRESHOLD_MET']
VCAM1,T_cell,lymphocyte_activation_4h,0.6577621441908386,0.07848571403068154,0.5039301446907027,0.8115941436909744,,,,1.0,24,1.0553322995158682e-07,1.0,1.0,,,UNAVAILABLE,True,C,[]
VCAM1,T_cell,lymphocyte_activation_72h,-0.5324551668908507,0.06283701364377817,-0.6556157136326559,-0.4092946201490455,,,,1.0,24,8.803655492175668e-08,0.8076923076923077,1.0,,,UNAVAILABLE,True,INSUFFICIENT,['NO_EVIDENCE_CLASS_THRESHOLD_MET']
VCAM1,T_cell,lymphocyte_activation_8h,0.25434181323135924,0.07184700253445386,0.11352168826382966,0.3951619381988888,,,,1.0,24,0.0071168439253066875,1.0,1.0,,,UNAVAILABLE,True,INSUFFICIENT,['NO_EVIDENCE_CLASS_THRESHOLD_MET']
